DELETE FROM `landblock_instance` WHERE `landblock` = 0x01FD;

INSERT INTO `landblock_instance` (`guid`, `weenie_Class_Id`, `obj_Cell_Id`, `origin_X`, `origin_Y`, `origin_Z`, `angles_W`, `angles_X`, `angles_Y`, `angles_Z`, `is_Link_Child`, `last_Modified`)
VALUES (0x701FD000,  3955, 0x01FD0100, 70, -110, -24, 0, 0, 0, -1, False, '2005-02-09 10:00:00'); /* Linkable Monster Gen (15 min.)(3955/linkmonstergen15minutes) - Generates - Place Holder Object(3666/placeholder) */
/* @teleloc 0x01FD0100 [70.000000 -110.000000 -24.000000] 0.000000 0.000000 0.000000 -1.000000 */

INSERT INTO `landblock_instance_link` (`parent_GUID`, `child_GUID`, `last_Modified`)
VALUES (0x701FD000, 0x701FD002, '2005-02-09 10:00:00')/* Lich (204/zombielich) - Level: 21 T1_General - Random Loot: Tier 1 - DeathTreasureType: 453(T1_General) - Generates - Undead Thighbone(7041/lichthighbone) / A Small Mnemosyne(9312/pyramidgreensmall) / Zombie Head(12225/zombiehead) / Undead Arm(22028/armundead) / Undead Leg(22032/legundead) / Undead Torso(22048/torsoundead) */
     , (0x701FD000, 0x701FD006, '2005-02-09 10:00:00')/* Lich (204/zombielich) - Level: 21 T1_General - Random Loot: Tier 1 - DeathTreasureType: 453(T1_General) - Generates - Undead Thighbone(7041/lichthighbone) / A Small Mnemosyne(9312/pyramidgreensmall) / Zombie Head(12225/zombiehead) / Undead Arm(22028/armundead) / Undead Leg(22032/legundead) / Undead Torso(22048/torsoundead) */
     , (0x701FD000, 0x701FD007, '2005-02-09 10:00:00')/* Lich (204/zombielich) - Level: 21 T1_General - Random Loot: Tier 1 - DeathTreasureType: 453(T1_General) - Generates - Undead Thighbone(7041/lichthighbone) / A Small Mnemosyne(9312/pyramidgreensmall) / Zombie Head(12225/zombiehead) / Undead Arm(22028/armundead) / Undead Leg(22032/legundead) / Undead Torso(22048/torsoundead) */
     , (0x701FD000, 0x701FD009, '2005-02-09 10:00:00')/* Lich (204/zombielich) - Level: 21 T1_General - Random Loot: Tier 1 - DeathTreasureType: 453(T1_General) - Generates - Undead Thighbone(7041/lichthighbone) / A Small Mnemosyne(9312/pyramidgreensmall) / Zombie Head(12225/zombiehead) / Undead Arm(22028/armundead) / Undead Leg(22032/legundead) / Undead Torso(22048/torsoundead) */
     , (0x701FD000, 0x701FD00A, '2005-02-09 10:00:00')/* Lich (204/zombielich) - Level: 21 T1_General - Random Loot: Tier 1 - DeathTreasureType: 453(T1_General) - Generates - Undead Thighbone(7041/lichthighbone) / A Small Mnemosyne(9312/pyramidgreensmall) / Zombie Head(12225/zombiehead) / Undead Arm(22028/armundead) / Undead Leg(22032/legundead) / Undead Torso(22048/torsoundead) */
     , (0x701FD000, 0x701FD00B, '2005-02-09 10:00:00')/* Lich (204/zombielich) - Level: 21 T1_General - Random Loot: Tier 1 - DeathTreasureType: 453(T1_General) - Generates - Undead Thighbone(7041/lichthighbone) / A Small Mnemosyne(9312/pyramidgreensmall) / Zombie Head(12225/zombiehead) / Undead Arm(22028/armundead) / Undead Leg(22032/legundead) / Undead Torso(22048/torsoundead) */
     , (0x701FD000, 0x701FD00C, '2005-02-09 10:00:00')/* Lich (204/zombielich) - Level: 21 T1_General - Random Loot: Tier 1 - DeathTreasureType: 453(T1_General) - Generates - Undead Thighbone(7041/lichthighbone) / A Small Mnemosyne(9312/pyramidgreensmall) / Zombie Head(12225/zombiehead) / Undead Arm(22028/armundead) / Undead Leg(22032/legundead) / Undead Torso(22048/torsoundead) */
     , (0x701FD000, 0x701FD00E, '2005-02-09 10:00:00')/* Undead (16/zombieundead) - Level: 11 T1_General - Random Loot: Tier 1 - DeathTreasureType: 453(T1_General) */
     , (0x701FD000, 0x701FD00F, '2005-02-09 10:00:00')/* Lich (204/zombielich) - Level: 21 T1_General - Random Loot: Tier 1 - DeathTreasureType: 453(T1_General) - Generates - Undead Thighbone(7041/lichthighbone) / A Small Mnemosyne(9312/pyramidgreensmall) / Zombie Head(12225/zombiehead) / Undead Arm(22028/armundead) / Undead Leg(22032/legundead) / Undead Torso(22048/torsoundead) */
     , (0x701FD000, 0x701FD011, '2005-02-09 10:00:00')/* Lich (204/zombielich) - Level: 21 T1_General - Random Loot: Tier 1 - DeathTreasureType: 453(T1_General) - Generates - Undead Thighbone(7041/lichthighbone) / A Small Mnemosyne(9312/pyramidgreensmall) / Zombie Head(12225/zombiehead) / Undead Arm(22028/armundead) / Undead Leg(22032/legundead) / Undead Torso(22048/torsoundead) */
     , (0x701FD000, 0x701FD012, '2005-02-09 10:00:00')/* Lich Lord (1630/zombielichlord) - Level: 44 T2_General - Random Loot: Tier 2 - DeathTreasureType: 451(T2_General) - Generates - Undead Thighbone(7041/lichthighbone) / A Small Mnemosyne(9312/pyramidgreensmall) / Ruined Amulet of the Staff(15770/amuletruinedstaff) / Undead Femur bone(19477/lichfemurbone) / Zombie Head(12225/zombiehead) / Undead Arm(22028/armundead) / Undead Leg(22032/legundead) / Undead Torso(22048/torsoundead) */
     , (0x701FD000, 0x701FD013, '2005-02-09 10:00:00')/* Lich (204/zombielich) - Level: 21 T1_General - Random Loot: Tier 1 - DeathTreasureType: 453(T1_General) - Generates - Undead Thighbone(7041/lichthighbone) / A Small Mnemosyne(9312/pyramidgreensmall) / Zombie Head(12225/zombiehead) / Undead Arm(22028/armundead) / Undead Leg(22032/legundead) / Undead Torso(22048/torsoundead) */
     , (0x701FD000, 0x701FD014, '2005-02-09 10:00:00')/* Lich (204/zombielich) - Level: 21 T1_General - Random Loot: Tier 1 - DeathTreasureType: 453(T1_General) - Generates - Undead Thighbone(7041/lichthighbone) / A Small Mnemosyne(9312/pyramidgreensmall) / Zombie Head(12225/zombiehead) / Undead Arm(22028/armundead) / Undead Leg(22032/legundead) / Undead Torso(22048/torsoundead) */
     , (0x701FD000, 0x701FD016, '2005-02-09 10:00:00')/* Lich (204/zombielich) - Level: 21 T1_General - Random Loot: Tier 1 - DeathTreasureType: 453(T1_General) - Generates - Undead Thighbone(7041/lichthighbone) / A Small Mnemosyne(9312/pyramidgreensmall) / Zombie Head(12225/zombiehead) / Undead Arm(22028/armundead) / Undead Leg(22032/legundead) / Undead Torso(22048/torsoundead) */
     , (0x701FD000, 0x701FD017, '2005-02-09 10:00:00')/* Lich (204/zombielich) - Level: 21 T1_General - Random Loot: Tier 1 - DeathTreasureType: 453(T1_General) - Generates - Undead Thighbone(7041/lichthighbone) / A Small Mnemosyne(9312/pyramidgreensmall) / Zombie Head(12225/zombiehead) / Undead Arm(22028/armundead) / Undead Leg(22032/legundead) / Undead Torso(22048/torsoundead) */
     , (0x701FD000, 0x701FD018, '2005-02-09 10:00:00')/* Lich (204/zombielich) - Level: 21 T1_General - Random Loot: Tier 1 - DeathTreasureType: 453(T1_General) - Generates - Undead Thighbone(7041/lichthighbone) / A Small Mnemosyne(9312/pyramidgreensmall) / Zombie Head(12225/zombiehead) / Undead Arm(22028/armundead) / Undead Leg(22032/legundead) / Undead Torso(22048/torsoundead) */
     , (0x701FD000, 0x701FD019, '2005-02-09 10:00:00')/* Lich (204/zombielich) - Level: 21 T1_General - Random Loot: Tier 1 - DeathTreasureType: 453(T1_General) - Generates - Undead Thighbone(7041/lichthighbone) / A Small Mnemosyne(9312/pyramidgreensmall) / Zombie Head(12225/zombiehead) / Undead Arm(22028/armundead) / Undead Leg(22032/legundead) / Undead Torso(22048/torsoundead) */
     , (0x701FD000, 0x701FD020, '2005-02-09 10:00:00')/* Undead (16/zombieundead) - Level: 11 T1_General - Random Loot: Tier 1 - DeathTreasureType: 453(T1_General) */
     , (0x701FD000, 0x701FD022, '2005-02-09 10:00:00')/* Lich (204/zombielich) - Level: 21 T1_General - Random Loot: Tier 1 - DeathTreasureType: 453(T1_General) - Generates - Undead Thighbone(7041/lichthighbone) / A Small Mnemosyne(9312/pyramidgreensmall) / Zombie Head(12225/zombiehead) / Undead Arm(22028/armundead) / Undead Leg(22032/legundead) / Undead Torso(22048/torsoundead) */
     , (0x701FD000, 0x701FD023, '2005-02-09 10:00:00')/* Lich (204/zombielich) - Level: 21 T1_General - Random Loot: Tier 1 - DeathTreasureType: 453(T1_General) - Generates - Undead Thighbone(7041/lichthighbone) / A Small Mnemosyne(9312/pyramidgreensmall) / Zombie Head(12225/zombiehead) / Undead Arm(22028/armundead) / Undead Leg(22032/legundead) / Undead Torso(22048/torsoundead) */
     , (0x701FD000, 0x701FD025, '2005-02-09 10:00:00')/* Lich (204/zombielich) - Level: 21 T1_General - Random Loot: Tier 1 - DeathTreasureType: 453(T1_General) - Generates - Undead Thighbone(7041/lichthighbone) / A Small Mnemosyne(9312/pyramidgreensmall) / Zombie Head(12225/zombiehead) / Undead Arm(22028/armundead) / Undead Leg(22032/legundead) / Undead Torso(22048/torsoundead) */
     , (0x701FD000, 0x701FD026, '2005-02-09 10:00:00')/* Lich (204/zombielich) - Level: 21 T1_General - Random Loot: Tier 1 - DeathTreasureType: 453(T1_General) - Generates - Undead Thighbone(7041/lichthighbone) / A Small Mnemosyne(9312/pyramidgreensmall) / Zombie Head(12225/zombiehead) / Undead Arm(22028/armundead) / Undead Leg(22032/legundead) / Undead Torso(22048/torsoundead) */
     , (0x701FD000, 0x701FD029, '2005-02-09 10:00:00')/* Lich (204/zombielich) - Level: 21 T1_General - Random Loot: Tier 1 - DeathTreasureType: 453(T1_General) - Generates - Undead Thighbone(7041/lichthighbone) / A Small Mnemosyne(9312/pyramidgreensmall) / Zombie Head(12225/zombiehead) / Undead Arm(22028/armundead) / Undead Leg(22032/legundead) / Undead Torso(22048/torsoundead) */
     , (0x701FD000, 0x701FD02B, '2005-02-09 10:00:00')/* Lich (204/zombielich) - Level: 21 T1_General - Random Loot: Tier 1 - DeathTreasureType: 453(T1_General) - Generates - Undead Thighbone(7041/lichthighbone) / A Small Mnemosyne(9312/pyramidgreensmall) / Zombie Head(12225/zombiehead) / Undead Arm(22028/armundead) / Undead Leg(22032/legundead) / Undead Torso(22048/torsoundead) */
     , (0x701FD000, 0x701FD02D, '2005-02-09 10:00:00')/* Lich (204/zombielich) - Level: 21 T1_General - Random Loot: Tier 1 - DeathTreasureType: 453(T1_General) - Generates - Undead Thighbone(7041/lichthighbone) / A Small Mnemosyne(9312/pyramidgreensmall) / Zombie Head(12225/zombiehead) / Undead Arm(22028/armundead) / Undead Leg(22032/legundead) / Undead Torso(22048/torsoundead) */
     , (0x701FD000, 0x701FD02E, '2005-02-09 10:00:00')/* Lich (204/zombielich) - Level: 21 T1_General - Random Loot: Tier 1 - DeathTreasureType: 453(T1_General) - Generates - Undead Thighbone(7041/lichthighbone) / A Small Mnemosyne(9312/pyramidgreensmall) / Zombie Head(12225/zombiehead) / Undead Arm(22028/armundead) / Undead Leg(22032/legundead) / Undead Torso(22048/torsoundead) */
     , (0x701FD000, 0x701FD031, '2005-02-09 10:00:00')/* Lich (204/zombielich) - Level: 21 T1_General - Random Loot: Tier 1 - DeathTreasureType: 453(T1_General) - Generates - Undead Thighbone(7041/lichthighbone) / A Small Mnemosyne(9312/pyramidgreensmall) / Zombie Head(12225/zombiehead) / Undead Arm(22028/armundead) / Undead Leg(22032/legundead) / Undead Torso(22048/torsoundead) */
     , (0x701FD000, 0x701FD033, '2005-02-09 10:00:00')/* Undead (16/zombieundead) - Level: 11 T1_General - Random Loot: Tier 1 - DeathTreasureType: 453(T1_General) */
     , (0x701FD000, 0x701FD034, '2005-02-09 10:00:00')/* Undead (16/zombieundead) - Level: 11 T1_General - Random Loot: Tier 1 - DeathTreasureType: 453(T1_General) */
     , (0x701FD000, 0x701FD035, '2005-02-09 10:00:00')/* Undead (16/zombieundead) - Level: 11 T1_General - Random Loot: Tier 1 - DeathTreasureType: 453(T1_General) */
     , (0x701FD000, 0x701FD036, '2005-02-09 10:00:00')/* Undead (16/zombieundead) - Level: 11 T1_General - Random Loot: Tier 1 - DeathTreasureType: 453(T1_General) */
     , (0x701FD000, 0x701FD039, '2005-02-09 10:00:00')/* Swamp Rat (1624/ratswamp) - Level: 16 T1_Warrior - Random Loot: Tier 1 - DeathTreasureType: 459(T1_Warrior) */
     , (0x701FD000, 0x701FD03A, '2005-02-09 10:00:00')/* Swamp Rat (1624/ratswamp) - Level: 16 T1_Warrior - Random Loot: Tier 1 - DeathTreasureType: 459(T1_Warrior) */
     , (0x701FD000, 0x701FD03C, '2005-02-09 10:00:00')/* Swamp Rat (1624/ratswamp) - Level: 16 T1_Warrior - Random Loot: Tier 1 - DeathTreasureType: 459(T1_Warrior) */
     , (0x701FD000, 0x701FD041, '2005-02-09 10:00:00')/* Lich (204/zombielich) - Level: 21 T1_General - Random Loot: Tier 1 - DeathTreasureType: 453(T1_General) - Generates - Undead Thighbone(7041/lichthighbone) / A Small Mnemosyne(9312/pyramidgreensmall) / Zombie Head(12225/zombiehead) / Undead Arm(22028/armundead) / Undead Leg(22032/legundead) / Undead Torso(22048/torsoundead) */
     , (0x701FD000, 0x701FD043, '2005-02-09 10:00:00')/* Lich (204/zombielich) - Level: 21 T1_General - Random Loot: Tier 1 - DeathTreasureType: 453(T1_General) - Generates - Undead Thighbone(7041/lichthighbone) / A Small Mnemosyne(9312/pyramidgreensmall) / Zombie Head(12225/zombiehead) / Undead Arm(22028/armundead) / Undead Leg(22032/legundead) / Undead Torso(22048/torsoundead) */
     , (0x701FD000, 0x701FD046, '2005-02-09 10:00:00')/* Azure Gromnie (1612/gromnieazure) - Level: 11 T1_Warrior - Random Loot: Tier 1 - DeathTreasureType: 459(T1_Warrior) - Generates - Azure Gromnie Tooth(28205/gromnietoothazure) / Thin Gromnie Hide(4235/gromniehidethin) */
     , (0x701FD000, 0x701FD047, '2005-02-09 10:00:00')/* Azure Gromnie (1612/gromnieazure) - Level: 11 T1_Warrior - Random Loot: Tier 1 - DeathTreasureType: 459(T1_Warrior) - Generates - Azure Gromnie Tooth(28205/gromnietoothazure) / Thin Gromnie Hide(4235/gromniehidethin) */
     , (0x701FD000, 0x701FD048, '2005-02-09 10:00:00')/* Azure Gromnie (1612/gromnieazure) - Level: 11 T1_Warrior - Random Loot: Tier 1 - DeathTreasureType: 459(T1_Warrior) - Generates - Azure Gromnie Tooth(28205/gromnietoothazure) / Thin Gromnie Hide(4235/gromniehidethin) */
     , (0x701FD000, 0x701FD049, '2005-02-09 10:00:00')/* Azure Gromnie (1612/gromnieazure) - Level: 11 T1_Warrior - Random Loot: Tier 1 - DeathTreasureType: 459(T1_Warrior) - Generates - Azure Gromnie Tooth(28205/gromnietoothazure) / Thin Gromnie Hide(4235/gromniehidethin) */
     , (0x701FD000, 0x701FD04B, '2005-02-09 10:00:00')/* Azure Gromnie (1612/gromnieazure) - Level: 11 T1_Warrior - Random Loot: Tier 1 - DeathTreasureType: 459(T1_Warrior) - Generates - Azure Gromnie Tooth(28205/gromnietoothazure) / Thin Gromnie Hide(4235/gromniehidethin) */
     , (0x701FD000, 0x701FD04D, '2005-02-09 10:00:00')/* Azure Gromnie (1612/gromnieazure) - Level: 11 T1_Warrior - Random Loot: Tier 1 - DeathTreasureType: 459(T1_Warrior) - Generates - Azure Gromnie Tooth(28205/gromnietoothazure) / Thin Gromnie Hide(4235/gromniehidethin) */
     , (0x701FD000, 0x701FD050, '2005-02-09 10:00:00')/* Azure Gromnie (1612/gromnieazure) - Level: 11 T1_Warrior - Random Loot: Tier 1 - DeathTreasureType: 459(T1_Warrior) - Generates - Azure Gromnie Tooth(28205/gromnietoothazure) / Thin Gromnie Hide(4235/gromniehidethin) */
     , (0x701FD000, 0x701FD051, '2005-02-09 10:00:00')/* Azure Gromnie (1612/gromnieazure) - Level: 11 T1_Warrior - Random Loot: Tier 1 - DeathTreasureType: 459(T1_Warrior) - Generates - Azure Gromnie Tooth(28205/gromnietoothazure) / Thin Gromnie Hide(4235/gromniehidethin) */
     , (0x701FD000, 0x701FD054, '2005-02-09 10:00:00')/* Azure Gromnie (1612/gromnieazure) - Level: 11 T1_Warrior - Random Loot: Tier 1 - DeathTreasureType: 459(T1_Warrior) - Generates - Azure Gromnie Tooth(28205/gromnietoothazure) / Thin Gromnie Hide(4235/gromniehidethin) */;

INSERT INTO `landblock_instance` (`guid`, `weenie_Class_Id`, `obj_Cell_Id`, `origin_X`, `origin_Y`, `origin_Z`, `angles_W`, `angles_X`, `angles_Y`, `angles_Z`, `is_Link_Child`, `last_Modified`)
VALUES (0x701FD001,   278, 0x01FD0101, 84.75, -110, -24, 0.707107, 0, 0, -0.707107, False, '2005-02-09 10:00:00'); /* Door(278/door) */
/* @teleloc 0x01FD0101 [84.750000 -110.000000 -24.000000] 0.707107 0.000000 0.000000 -0.707107 */

INSERT INTO `landblock_instance` (`guid`, `weenie_Class_Id`, `obj_Cell_Id`, `origin_X`, `origin_Y`, `origin_Z`, `angles_W`, `angles_X`, `angles_Y`, `angles_Z`, `is_Link_Child`, `last_Modified`)
VALUES (0x701FD002,   204, 0x01FD0101, 80, -110, -23.9925, -0.718733, 0, 0, -0.695286,  True, '2005-02-09 10:00:00'); /* Lich(204/zombielich) - Level: 21 - T1_General - Random Loot: Tier 1 - DeathTreasureType: 453(T1_General) - Generates - Undead Thighbone(7041/lichthighbone) / A Small Mnemosyne(9312/pyramidgreensmall) / Zombie Head(12225/zombiehead) / Undead Arm(22028/armundead) / Undead Leg(22032/legundead) / Undead Torso(22048/torsoundead) */
/* @teleloc 0x01FD0101 [80.000000 -110.000000 -23.992500] -0.718733 0.000000 0.000000 -0.695286 */

INSERT INTO `landblock_instance` (`guid`, `weenie_Class_Id`, `obj_Cell_Id`, `origin_X`, `origin_Y`, `origin_Z`, `angles_W`, `angles_X`, `angles_Y`, `angles_Z`, `is_Link_Child`, `last_Modified`)
VALUES (0x701FD004,  2018, 0x01FD0107, 61.9445, -109.383, -18, -0.707107, 0, 0, -0.707107,  True, '2005-02-09 10:00:00'); /* Trothyr's War Hammer(2018/trothyrwarhammer) */
/* @teleloc 0x01FD0107 [61.944500 -109.383003 -18.000000] -0.707107 0.000000 0.000000 -0.707107 */

INSERT INTO `landblock_instance` (`guid`, `weenie_Class_Id`, `obj_Cell_Id`, `origin_X`, `origin_Y`, `origin_Z`, `angles_W`, `angles_X`, `angles_Y`, `angles_Z`, `is_Link_Child`, `last_Modified`)
VALUES (0x701FD005,  2019, 0x01FD0107, 60, -110, -17.9825, -0.707107, 0, 0, -0.707107,  True, '2005-02-09 10:00:00'); /* Trothyr's Shield(2019/trothyrshield) */
/* @teleloc 0x01FD0107 [60.000000 -110.000000 -17.982500] -0.707107 0.000000 0.000000 -0.707107 */

INSERT INTO `landblock_instance` (`guid`, `weenie_Class_Id`, `obj_Cell_Id`, `origin_X`, `origin_Y`, `origin_Z`, `angles_W`, `angles_X`, `angles_Y`, `angles_Z`, `is_Link_Child`, `last_Modified`)
VALUES (0x701FD006,   204, 0x01FD0107, 58.4385, -109.24, -17.9925, 0.707107, 0, 0, -0.707107,  True, '2005-02-09 10:00:00'); /* Lich(204/zombielich) - Level: 21 - T1_General - Random Loot: Tier 1 - DeathTreasureType: 453(T1_General) - Generates - Undead Thighbone(7041/lichthighbone) / A Small Mnemosyne(9312/pyramidgreensmall) / Zombie Head(12225/zombiehead) / Undead Arm(22028/armundead) / Undead Leg(22032/legundead) / Undead Torso(22048/torsoundead) */
/* @teleloc 0x01FD0107 [58.438499 -109.239998 -17.992500] 0.707107 0.000000 0.000000 -0.707107 */

INSERT INTO `landblock_instance` (`guid`, `weenie_Class_Id`, `obj_Cell_Id`, `origin_X`, `origin_Y`, `origin_Z`, `angles_W`, `angles_X`, `angles_Y`, `angles_Z`, `is_Link_Child`, `last_Modified`)
VALUES (0x701FD007,   204, 0x01FD0107, 58.1658, -107.035, -17.9925, 0.707107, 0, 0, -0.707107,  True, '2005-02-09 10:00:00'); /* Lich(204/zombielich) - Level: 21 - T1_General - Random Loot: Tier 1 - DeathTreasureType: 453(T1_General) - Generates - Undead Thighbone(7041/lichthighbone) / A Small Mnemosyne(9312/pyramidgreensmall) / Zombie Head(12225/zombiehead) / Undead Arm(22028/armundead) / Undead Leg(22032/legundead) / Undead Torso(22048/torsoundead) */
/* @teleloc 0x01FD0107 [58.165798 -107.035004 -17.992500] 0.707107 0.000000 0.000000 -0.707107 */

INSERT INTO `landblock_instance` (`guid`, `weenie_Class_Id`, `obj_Cell_Id`, `origin_X`, `origin_Y`, `origin_Z`, `angles_W`, `angles_X`, `angles_Y`, `angles_Z`, `is_Link_Child`, `last_Modified`)
VALUES (0x701FD008,  3954, 0x01FD010A, 69.7241, -115.958, -18, -0.707107, 0, 0, -0.707107, False, '2005-02-09 10:00:00'); /* Linkable Item Gen (15 min.)(3954/linkitemgen15minutes) - Generates - Place Holder Object(3666/placeholder) */
/* @teleloc 0x01FD010A [69.724098 -115.958000 -18.000000] -0.707107 0.000000 0.000000 -0.707107 */

INSERT INTO `landblock_instance_link` (`parent_GUID`, `child_GUID`, `last_Modified`)
VALUES (0x701FD008, 0x701FD004, '2005-02-09 10:00:00')/* Trothyr's War Hammer (2018/trothyrwarhammer) */
     , (0x701FD008, 0x701FD005, '2005-02-09 10:00:00')/* Trothyr's Shield (2019/trothyrshield) */;

INSERT INTO `landblock_instance` (`guid`, `weenie_Class_Id`, `obj_Cell_Id`, `origin_X`, `origin_Y`, `origin_Z`, `angles_W`, `angles_X`, `angles_Y`, `angles_Z`, `is_Link_Child`, `last_Modified`)
VALUES (0x701FD009,   204, 0x01FD010E, 80, -110, -17.9925, 0.707107, 0, 0, -0.707107,  True, '2005-02-09 10:00:00'); /* Lich(204/zombielich) - Level: 21 - T1_General - Random Loot: Tier 1 - DeathTreasureType: 453(T1_General) - Generates - Undead Thighbone(7041/lichthighbone) / A Small Mnemosyne(9312/pyramidgreensmall) / Zombie Head(12225/zombiehead) / Undead Arm(22028/armundead) / Undead Leg(22032/legundead) / Undead Torso(22048/torsoundead) */
/* @teleloc 0x01FD010E [80.000000 -110.000000 -17.992500] 0.707107 0.000000 0.000000 -0.707107 */

INSERT INTO `landblock_instance` (`guid`, `weenie_Class_Id`, `obj_Cell_Id`, `origin_X`, `origin_Y`, `origin_Z`, `angles_W`, `angles_X`, `angles_Y`, `angles_Z`, `is_Link_Child`, `last_Modified`)
VALUES (0x701FD00A,   204, 0x01FD010E, 80.7244, -111.588, -17.9925, 0.707107, 0, 0, -0.707107,  True, '2005-02-09 10:00:00'); /* Lich(204/zombielich) - Level: 21 - T1_General - Random Loot: Tier 1 - DeathTreasureType: 453(T1_General) - Generates - Undead Thighbone(7041/lichthighbone) / A Small Mnemosyne(9312/pyramidgreensmall) / Zombie Head(12225/zombiehead) / Undead Arm(22028/armundead) / Undead Leg(22032/legundead) / Undead Torso(22048/torsoundead) */
/* @teleloc 0x01FD010E [80.724403 -111.587997 -17.992500] 0.707107 0.000000 0.000000 -0.707107 */

INSERT INTO `landblock_instance` (`guid`, `weenie_Class_Id`, `obj_Cell_Id`, `origin_X`, `origin_Y`, `origin_Z`, `angles_W`, `angles_X`, `angles_Y`, `angles_Z`, `is_Link_Child`, `last_Modified`)
VALUES (0x701FD00B,   204, 0x01FD010E, 79.4952, -108.024, -17.9925, 0.707107, 0, 0, -0.707107,  True, '2005-02-09 10:00:00'); /* Lich(204/zombielich) - Level: 21 - T1_General - Random Loot: Tier 1 - DeathTreasureType: 453(T1_General) - Generates - Undead Thighbone(7041/lichthighbone) / A Small Mnemosyne(9312/pyramidgreensmall) / Zombie Head(12225/zombiehead) / Undead Arm(22028/armundead) / Undead Leg(22032/legundead) / Undead Torso(22048/torsoundead) */
/* @teleloc 0x01FD010E [79.495201 -108.024002 -17.992500] 0.707107 0.000000 0.000000 -0.707107 */

INSERT INTO `landblock_instance` (`guid`, `weenie_Class_Id`, `obj_Cell_Id`, `origin_X`, `origin_Y`, `origin_Z`, `angles_W`, `angles_X`, `angles_Y`, `angles_Z`, `is_Link_Child`, `last_Modified`)
VALUES (0x701FD00C,   204, 0x01FD0157, 40, -100, -5.9925, -0.996382, 0, 0, -0.084982,  True, '2005-02-09 10:00:00'); /* Lich(204/zombielich) - Level: 21 - T1_General - Random Loot: Tier 1 - DeathTreasureType: 453(T1_General) - Generates - Undead Thighbone(7041/lichthighbone) / A Small Mnemosyne(9312/pyramidgreensmall) / Zombie Head(12225/zombiehead) / Undead Arm(22028/armundead) / Undead Leg(22032/legundead) / Undead Torso(22048/torsoundead) */
/* @teleloc 0x01FD0157 [40.000000 -100.000000 -5.992500] -0.996382 0.000000 0.000000 -0.084982 */

INSERT INTO `landblock_instance` (`guid`, `weenie_Class_Id`, `obj_Cell_Id`, `origin_X`, `origin_Y`, `origin_Z`, `angles_W`, `angles_X`, `angles_Y`, `angles_Z`, `is_Link_Child`, `last_Modified`)
VALUES (0x701FD00D,   278, 0x01FD0158, 40, -114.75, -6, 0, 0, 0, -1, False, '2005-02-09 10:00:00'); /* Door(278/door) */
/* @teleloc 0x01FD0158 [40.000000 -114.750000 -6.000000] 0.000000 0.000000 0.000000 -1.000000 */

INSERT INTO `landblock_instance` (`guid`, `weenie_Class_Id`, `obj_Cell_Id`, `origin_X`, `origin_Y`, `origin_Z`, `angles_W`, `angles_X`, `angles_Y`, `angles_Z`, `is_Link_Child`, `last_Modified`)
VALUES (0x701FD00E,    16, 0x01FD015B, 50, -30, -5.9925, 0, 0, 0, -1,  True, '2005-02-09 10:00:00'); /* Undead(16/zombieundead) - Level: 11 - T1_General - Random Loot: Tier 1 - DeathTreasureType: 453(T1_General) */
/* @teleloc 0x01FD015B [50.000000 -30.000000 -5.992500] 0.000000 0.000000 0.000000 -1.000000 */

INSERT INTO `landblock_instance` (`guid`, `weenie_Class_Id`, `obj_Cell_Id`, `origin_X`, `origin_Y`, `origin_Z`, `angles_W`, `angles_X`, `angles_Y`, `angles_Z`, `is_Link_Child`, `last_Modified`)
VALUES (0x701FD00F,   204, 0x01FD0163, 50, -90, -5.9925, 1, 0, 0, 0,  True, '2005-02-09 10:00:00'); /* Lich(204/zombielich) - Level: 21 - T1_General - Random Loot: Tier 1 - DeathTreasureType: 453(T1_General) - Generates - Undead Thighbone(7041/lichthighbone) / A Small Mnemosyne(9312/pyramidgreensmall) / Zombie Head(12225/zombiehead) / Undead Arm(22028/armundead) / Undead Leg(22032/legundead) / Undead Torso(22048/torsoundead) */
/* @teleloc 0x01FD0163 [50.000000 -90.000000 -5.992500] 1.000000 0.000000 0.000000 0.000000 */

INSERT INTO `landblock_instance` (`guid`, `weenie_Class_Id`, `obj_Cell_Id`, `origin_X`, `origin_Y`, `origin_Z`, `angles_W`, `angles_X`, `angles_Y`, `angles_Z`, `is_Link_Child`, `last_Modified`)
VALUES (0x701FD010,  1918, 0x01FD0164, 50.6064, -104.294, -6, 0, 0, 0, -1, False, '2005-02-09 10:00:00'); /* Chest(1918/chestglitterlow) - Content - Random Loot: Tier 2 - DeathTreasureType: 16(T2_Chest_Money) */
/* @teleloc 0x01FD0164 [50.606400 -104.293999 -6.000000] 0.000000 0.000000 0.000000 -1.000000 */

INSERT INTO `landblock_instance` (`guid`, `weenie_Class_Id`, `obj_Cell_Id`, `origin_X`, `origin_Y`, `origin_Z`, `angles_W`, `angles_X`, `angles_Y`, `angles_Z`, `is_Link_Child`, `last_Modified`)
VALUES (0x701FD011,   204, 0x01FD0164, 51.0967, -100.067, -5.9925, -0.948635, 0, 0, -0.316374,  True, '2005-02-09 10:00:00'); /* Lich(204/zombielich) - Level: 21 - T1_General - Random Loot: Tier 1 - DeathTreasureType: 453(T1_General) - Generates - Undead Thighbone(7041/lichthighbone) / A Small Mnemosyne(9312/pyramidgreensmall) / Zombie Head(12225/zombiehead) / Undead Arm(22028/armundead) / Undead Leg(22032/legundead) / Undead Torso(22048/torsoundead) */
/* @teleloc 0x01FD0164 [51.096699 -100.067001 -5.992500] -0.948635 0.000000 0.000000 -0.316374 */

INSERT INTO `landblock_instance` (`guid`, `weenie_Class_Id`, `obj_Cell_Id`, `origin_X`, `origin_Y`, `origin_Z`, `angles_W`, `angles_X`, `angles_Y`, `angles_Z`, `is_Link_Child`, `last_Modified`)
VALUES (0x701FD012,  1630, 0x01FD0164, 50, -100, -5.9925, -0.993756, 0, 0, -0.111577,  True, '2005-02-09 10:00:00'); /* Lich Lord(1630/zombielichlord) - Level: 44 - T2_General - Random Loot: Tier 2 - DeathTreasureType: 451(T2_General) - Generates - Undead Thighbone(7041/lichthighbone) / A Small Mnemosyne(9312/pyramidgreensmall) / Ruined Amulet of the Staff(15770/amuletruinedstaff) / Undead Femur bone(19477/lichfemurbone) / Zombie Head(12225/zombiehead) / Undead Arm(22028/armundead) / Undead Leg(22032/legundead) / Undead Torso(22048/torsoundead) */
/* @teleloc 0x01FD0164 [50.000000 -100.000000 -5.992500] -0.993756 0.000000 0.000000 -0.111577 */

INSERT INTO `landblock_instance` (`guid`, `weenie_Class_Id`, `obj_Cell_Id`, `origin_X`, `origin_Y`, `origin_Z`, `angles_W`, `angles_X`, `angles_Y`, `angles_Z`, `is_Link_Child`, `last_Modified`)
VALUES (0x701FD013,   204, 0x01FD0167, 60, -60, -5.9925, -0.707107, 0, 0, -0.707107,  True, '2005-02-09 10:00:00'); /* Lich(204/zombielich) - Level: 21 - T1_General - Random Loot: Tier 1 - DeathTreasureType: 453(T1_General) - Generates - Undead Thighbone(7041/lichthighbone) / A Small Mnemosyne(9312/pyramidgreensmall) / Zombie Head(12225/zombiehead) / Undead Arm(22028/armundead) / Undead Leg(22032/legundead) / Undead Torso(22048/torsoundead) */
/* @teleloc 0x01FD0167 [60.000000 -60.000000 -5.992500] -0.707107 0.000000 0.000000 -0.707107 */

INSERT INTO `landblock_instance` (`guid`, `weenie_Class_Id`, `obj_Cell_Id`, `origin_X`, `origin_Y`, `origin_Z`, `angles_W`, `angles_X`, `angles_Y`, `angles_Z`, `is_Link_Child`, `last_Modified`)
VALUES (0x701FD014,   204, 0x01FD016F, 60, -100, -5.9925, 0.707107, 0, 0, -0.707107,  True, '2005-02-09 10:00:00'); /* Lich(204/zombielich) - Level: 21 - T1_General - Random Loot: Tier 1 - DeathTreasureType: 453(T1_General) - Generates - Undead Thighbone(7041/lichthighbone) / A Small Mnemosyne(9312/pyramidgreensmall) / Zombie Head(12225/zombiehead) / Undead Arm(22028/armundead) / Undead Leg(22032/legundead) / Undead Torso(22048/torsoundead) */
/* @teleloc 0x01FD016F [60.000000 -100.000000 -5.992500] 0.707107 0.000000 0.000000 -0.707107 */

INSERT INTO `landblock_instance` (`guid`, `weenie_Class_Id`, `obj_Cell_Id`, `origin_X`, `origin_Y`, `origin_Z`, `angles_W`, `angles_X`, `angles_Y`, `angles_Z`, `is_Link_Child`, `last_Modified`)
VALUES (0x701FD015,   278, 0x01FD0173, 74.75, -20, -6, 0.707107, 0, 0, -0.707107, False, '2005-02-09 10:00:00'); /* Door(278/door) */
/* @teleloc 0x01FD0173 [74.750000 -20.000000 -6.000000] 0.707107 0.000000 0.000000 -0.707107 */

INSERT INTO `landblock_instance` (`guid`, `weenie_Class_Id`, `obj_Cell_Id`, `origin_X`, `origin_Y`, `origin_Z`, `angles_W`, `angles_X`, `angles_Y`, `angles_Z`, `is_Link_Child`, `last_Modified`)
VALUES (0x701FD016,   204, 0x01FD0179, 70, -50, -5.9925, 1, 0, 0, 0,  True, '2005-02-09 10:00:00'); /* Lich(204/zombielich) - Level: 21 - T1_General - Random Loot: Tier 1 - DeathTreasureType: 453(T1_General) - Generates - Undead Thighbone(7041/lichthighbone) / A Small Mnemosyne(9312/pyramidgreensmall) / Zombie Head(12225/zombiehead) / Undead Arm(22028/armundead) / Undead Leg(22032/legundead) / Undead Torso(22048/torsoundead) */
/* @teleloc 0x01FD0179 [70.000000 -50.000000 -5.992500] 1.000000 0.000000 0.000000 0.000000 */

INSERT INTO `landblock_instance` (`guid`, `weenie_Class_Id`, `obj_Cell_Id`, `origin_X`, `origin_Y`, `origin_Z`, `angles_W`, `angles_X`, `angles_Y`, `angles_Z`, `is_Link_Child`, `last_Modified`)
VALUES (0x701FD017,   204, 0x01FD0188, 80, -30, -5.9925, 0.707107, 0, 0, -0.707107,  True, '2005-02-09 10:00:00'); /* Lich(204/zombielich) - Level: 21 - T1_General - Random Loot: Tier 1 - DeathTreasureType: 453(T1_General) - Generates - Undead Thighbone(7041/lichthighbone) / A Small Mnemosyne(9312/pyramidgreensmall) / Zombie Head(12225/zombiehead) / Undead Arm(22028/armundead) / Undead Leg(22032/legundead) / Undead Torso(22048/torsoundead) */
/* @teleloc 0x01FD0188 [80.000000 -30.000000 -5.992500] 0.707107 0.000000 0.000000 -0.707107 */

INSERT INTO `landblock_instance` (`guid`, `weenie_Class_Id`, `obj_Cell_Id`, `origin_X`, `origin_Y`, `origin_Z`, `angles_W`, `angles_X`, `angles_Y`, `angles_Z`, `is_Link_Child`, `last_Modified`)
VALUES (0x701FD018,   204, 0x01FD0194, 80, -90, -5.9925, 1, 0, 0, 0,  True, '2005-02-09 10:00:00'); /* Lich(204/zombielich) - Level: 21 - T1_General - Random Loot: Tier 1 - DeathTreasureType: 453(T1_General) - Generates - Undead Thighbone(7041/lichthighbone) / A Small Mnemosyne(9312/pyramidgreensmall) / Zombie Head(12225/zombiehead) / Undead Arm(22028/armundead) / Undead Leg(22032/legundead) / Undead Torso(22048/torsoundead) */
/* @teleloc 0x01FD0194 [80.000000 -90.000000 -5.992500] 1.000000 0.000000 0.000000 0.000000 */

INSERT INTO `landblock_instance` (`guid`, `weenie_Class_Id`, `obj_Cell_Id`, `origin_X`, `origin_Y`, `origin_Z`, `angles_W`, `angles_X`, `angles_Y`, `angles_Z`, `is_Link_Child`, `last_Modified`)
VALUES (0x701FD019,   204, 0x01FD019A, 80, -100, -5.9925, 1, 0, 0, 0,  True, '2005-02-09 10:00:00'); /* Lich(204/zombielich) - Level: 21 - T1_General - Random Loot: Tier 1 - DeathTreasureType: 453(T1_General) - Generates - Undead Thighbone(7041/lichthighbone) / A Small Mnemosyne(9312/pyramidgreensmall) / Zombie Head(12225/zombiehead) / Undead Arm(22028/armundead) / Undead Leg(22032/legundead) / Undead Torso(22048/torsoundead) */
/* @teleloc 0x01FD019A [80.000000 -100.000000 -5.992500] 1.000000 0.000000 0.000000 0.000000 */

INSERT INTO `landblock_instance` (`guid`, `weenie_Class_Id`, `obj_Cell_Id`, `origin_X`, `origin_Y`, `origin_Z`, `angles_W`, `angles_X`, `angles_Y`, `angles_Z`, `is_Link_Child`, `last_Modified`)
VALUES (0x701FD01A,  1290, 0x01FD019C, 80, -95.25, -6, -1, 0, 0, 0, False, '2005-02-09 10:00:00'); /* Door(1290/doordungeonlockedfair) - Locked(82/masterkey) */
/* @teleloc 0x01FD019C [80.000000 -95.250000 -6.000000] -1.000000 0.000000 0.000000 0.000000 */

INSERT INTO `landblock_instance` (`guid`, `weenie_Class_Id`, `obj_Cell_Id`, `origin_X`, `origin_Y`, `origin_Z`, `angles_W`, `angles_X`, `angles_Y`, `angles_Z`, `is_Link_Child`, `last_Modified`)
VALUES (0x701FD01B,   278, 0x01FD019D, 84.75, -100, -6, 0.707107, 0, 0, -0.707107, False, '2005-02-09 10:00:00'); /* Door(278/door) */
/* @teleloc 0x01FD019D [84.750000 -100.000000 -6.000000] 0.707107 0.000000 0.000000 -0.707107 */

INSERT INTO `landblock_instance` (`guid`, `weenie_Class_Id`, `obj_Cell_Id`, `origin_X`, `origin_Y`, `origin_Z`, `angles_W`, `angles_X`, `angles_Y`, `angles_Z`, `is_Link_Child`, `last_Modified`)
VALUES (0x701FD01C,   278, 0x01FD01A5, 94.75, -60, -6, -0.707107, 0, 0, 0.707107, False, '2005-02-09 10:00:00'); /* Door(278/door) */
/* @teleloc 0x01FD01A5 [94.750000 -60.000000 -6.000000] -0.707107 0.000000 0.000000 0.707107 */

INSERT INTO `landblock_instance` (`guid`, `weenie_Class_Id`, `obj_Cell_Id`, `origin_X`, `origin_Y`, `origin_Z`, `angles_W`, `angles_X`, `angles_Y`, `angles_Z`, `is_Link_Child`, `last_Modified`)
VALUES (0x701FD01D,  2192, 0x01FD01A6, 85.25, -60, -6, 0.707107, 0, 0, -0.707107, False, '2005-02-09 10:00:00'); /* Door(2192/doortrothyrsrest) - Locked(125/keytrothyrsrest) */
/* @teleloc 0x01FD01A6 [85.250000 -60.000000 -6.000000] 0.707107 0.000000 0.000000 -0.707107 */

INSERT INTO `landblock_instance` (`guid`, `weenie_Class_Id`, `obj_Cell_Id`, `origin_X`, `origin_Y`, `origin_Z`, `angles_W`, `angles_X`, `angles_Y`, `angles_Z`, `is_Link_Child`, `last_Modified`)
VALUES (0x701FD01E,  1133, 0x01FD01AD, 85.25, -100, -6, -0.707107, 0, 0, -0.707107, False, '2005-02-09 10:00:00'); /* Item Alchemical Generator(1133/itemalchemicalgenerator) - Generates - Brimstone(753/alchembrimstone) / Cadmia(754/alchemcadmia) / Cinnabar(755/alchemcinnabar) / Cobalt(756/alchemcobalt) / Colcothar(757/alchemcolcothar) / Gypsum(758/alchemgypsum) / Quicksilver(759/alchemquicksilver) / Realgar(760/alchemrealgar) / Stibnite(761/alchemstibnite) / Turpeth(762/alchemturpeth) / Verdigris(763/alchemverdigris) / Vitriol(764/alchemvitriol) */
/* @teleloc 0x01FD01AD [85.250000 -100.000000 -6.000000] -0.707107 0.000000 0.000000 -0.707107 */

INSERT INTO `landblock_instance` (`guid`, `weenie_Class_Id`, `obj_Cell_Id`, `origin_X`, `origin_Y`, `origin_Z`, `angles_W`, `angles_X`, `angles_Y`, `angles_Z`, `is_Link_Child`, `last_Modified`)
VALUES (0x701FD01F,   905, 0x01FD01AD, 87.039, -100.395, -6, -0.707107, 0, 0, -0.707107, False, '2005-02-09 10:00:00'); /* Black Rat Generator(905/ratblackgen) - Generates - Black Rat(218/ratblack) - Level: 12 */
/* @teleloc 0x01FD01AD [87.039001 -100.394997 -6.000000] -0.707107 0.000000 0.000000 -0.707107 */

INSERT INTO `landblock_instance` (`guid`, `weenie_Class_Id`, `obj_Cell_Id`, `origin_X`, `origin_Y`, `origin_Z`, `angles_W`, `angles_X`, `angles_Y`, `angles_Z`, `is_Link_Child`, `last_Modified`)
VALUES (0x701FD020,    16, 0x01FD01AF, 96.7961, -59.8712, -5.9925, -0.707107, 0, 0, -0.707107,  True, '2005-02-09 10:00:00'); /* Undead(16/zombieundead) - Level: 11 - T1_General - Random Loot: Tier 1 - DeathTreasureType: 453(T1_General) */
/* @teleloc 0x01FD01AF [96.796097 -59.871201 -5.992500] -0.707107 0.000000 0.000000 -0.707107 */

INSERT INTO `landblock_instance` (`guid`, `weenie_Class_Id`, `obj_Cell_Id`, `origin_X`, `origin_Y`, `origin_Z`, `angles_W`, `angles_X`, `angles_Y`, `angles_Z`, `is_Link_Child`, `last_Modified`)
VALUES (0x701FD021,  1098, 0x01FD01B1, 170, -40, -6, -0.707107, 0, 0, -0.707107, False, '2005-02-09 10:00:00'); /* Surface(1098/portaltrothyrsrestexit) */
/* @teleloc 0x01FD01B1 [170.000000 -40.000000 -6.000000] -0.707107 0.000000 0.000000 -0.707107 */

INSERT INTO `landblock_instance` (`guid`, `weenie_Class_Id`, `obj_Cell_Id`, `origin_X`, `origin_Y`, `origin_Z`, `angles_W`, `angles_X`, `angles_Y`, `angles_Z`, `is_Link_Child`, `last_Modified`)
VALUES (0x701FD022,   204, 0x01FD01B7, 10.5979, -51.4422, 0.0075, 0.829891, 0, 0, -0.557926,  True, '2005-02-09 10:00:00'); /* Lich(204/zombielich) - Level: 21 - T1_General - Random Loot: Tier 1 - DeathTreasureType: 453(T1_General) - Generates - Undead Thighbone(7041/lichthighbone) / A Small Mnemosyne(9312/pyramidgreensmall) / Zombie Head(12225/zombiehead) / Undead Arm(22028/armundead) / Undead Leg(22032/legundead) / Undead Torso(22048/torsoundead) */
/* @teleloc 0x01FD01B7 [10.597900 -51.442200 0.007500] 0.829891 0.000000 0.000000 -0.557926 */

INSERT INTO `landblock_instance` (`guid`, `weenie_Class_Id`, `obj_Cell_Id`, `origin_X`, `origin_Y`, `origin_Z`, `angles_W`, `angles_X`, `angles_Y`, `angles_Z`, `is_Link_Child`, `last_Modified`)
VALUES (0x701FD023,   204, 0x01FD01B7, 10, -50, 0.0075, -0.707107, 0, 0, -0.707107,  True, '2005-02-09 10:00:00'); /* Lich(204/zombielich) - Level: 21 - T1_General - Random Loot: Tier 1 - DeathTreasureType: 453(T1_General) - Generates - Undead Thighbone(7041/lichthighbone) / A Small Mnemosyne(9312/pyramidgreensmall) / Zombie Head(12225/zombiehead) / Undead Arm(22028/armundead) / Undead Leg(22032/legundead) / Undead Torso(22048/torsoundead) */
/* @teleloc 0x01FD01B7 [10.000000 -50.000000 0.007500] -0.707107 0.000000 0.000000 -0.707107 */

INSERT INTO `landblock_instance` (`guid`, `weenie_Class_Id`, `obj_Cell_Id`, `origin_X`, `origin_Y`, `origin_Z`, `angles_W`, `angles_X`, `angles_Y`, `angles_Z`, `is_Link_Child`, `last_Modified`)
VALUES (0x701FD024,  1298, 0x01FD01B9, 14.75, -50, 0, -0.707107, 0, 0, 0.707107, False, '2005-02-09 10:00:00'); /* Door(1298/doorprisonlockedgood) - Locked(122/masterkey) */
/* @teleloc 0x01FD01B9 [14.750000 -50.000000 0.000000] -0.707107 0.000000 0.000000 0.707107 */

INSERT INTO `landblock_instance` (`guid`, `weenie_Class_Id`, `obj_Cell_Id`, `origin_X`, `origin_Y`, `origin_Z`, `angles_W`, `angles_X`, `angles_Y`, `angles_Z`, `is_Link_Child`, `last_Modified`)
VALUES (0x701FD025,   204, 0x01FD01BD, 9.90637, -58.6224, 0.0075, 1, 0, 0, 0,  True, '2005-02-09 10:00:00'); /* Lich(204/zombielich) - Level: 21 - T1_General - Random Loot: Tier 1 - DeathTreasureType: 453(T1_General) - Generates - Undead Thighbone(7041/lichthighbone) / A Small Mnemosyne(9312/pyramidgreensmall) / Zombie Head(12225/zombiehead) / Undead Arm(22028/armundead) / Undead Leg(22032/legundead) / Undead Torso(22048/torsoundead) */
/* @teleloc 0x01FD01BD [9.906370 -58.622398 0.007500] 1.000000 0.000000 0.000000 0.000000 */

INSERT INTO `landblock_instance` (`guid`, `weenie_Class_Id`, `obj_Cell_Id`, `origin_X`, `origin_Y`, `origin_Z`, `angles_W`, `angles_X`, `angles_Y`, `angles_Z`, `is_Link_Child`, `last_Modified`)
VALUES (0x701FD026,   204, 0x01FD01C8, 20, -30, 0.0075, 0.707107, 0, 0, -0.707107,  True, '2005-02-09 10:00:00'); /* Lich(204/zombielich) - Level: 21 - T1_General - Random Loot: Tier 1 - DeathTreasureType: 453(T1_General) - Generates - Undead Thighbone(7041/lichthighbone) / A Small Mnemosyne(9312/pyramidgreensmall) / Zombie Head(12225/zombiehead) / Undead Arm(22028/armundead) / Undead Leg(22032/legundead) / Undead Torso(22048/torsoundead) */
/* @teleloc 0x01FD01C8 [20.000000 -30.000000 0.007500] 0.707107 0.000000 0.000000 -0.707107 */

INSERT INTO `landblock_instance` (`guid`, `weenie_Class_Id`, `obj_Cell_Id`, `origin_X`, `origin_Y`, `origin_Z`, `angles_W`, `angles_X`, `angles_Y`, `angles_Z`, `is_Link_Child`, `last_Modified`)
VALUES (0x701FD027,   278, 0x01FD01CA, 20, -25.25, 0, -1, 0, 0, 0, False, '2005-02-09 10:00:00'); /* Door(278/door) */
/* @teleloc 0x01FD01CA [20.000000 -25.250000 0.000000] -1.000000 0.000000 0.000000 0.000000 */

INSERT INTO `landblock_instance` (`guid`, `weenie_Class_Id`, `obj_Cell_Id`, `origin_X`, `origin_Y`, `origin_Z`, `angles_W`, `angles_X`, `angles_Y`, `angles_Z`, `is_Link_Child`, `last_Modified`)
VALUES (0x701FD028,   278, 0x01FD01CC, 24.75, -30, 0, 0.707107, 0, 0, -0.707107, False, '2005-02-09 10:00:00'); /* Door(278/door) */
/* @teleloc 0x01FD01CC [24.750000 -30.000000 0.000000] 0.707107 0.000000 0.000000 -0.707107 */

INSERT INTO `landblock_instance` (`guid`, `weenie_Class_Id`, `obj_Cell_Id`, `origin_X`, `origin_Y`, `origin_Z`, `angles_W`, `angles_X`, `angles_Y`, `angles_Z`, `is_Link_Child`, `last_Modified`)
VALUES (0x701FD029,   204, 0x01FD01D4, 20, -60, 0.0075, 1, 0, 0, 0,  True, '2005-02-09 10:00:00'); /* Lich(204/zombielich) - Level: 21 - T1_General - Random Loot: Tier 1 - DeathTreasureType: 453(T1_General) - Generates - Undead Thighbone(7041/lichthighbone) / A Small Mnemosyne(9312/pyramidgreensmall) / Zombie Head(12225/zombiehead) / Undead Arm(22028/armundead) / Undead Leg(22032/legundead) / Undead Torso(22048/torsoundead) */
/* @teleloc 0x01FD01D4 [20.000000 -60.000000 0.007500] 1.000000 0.000000 0.000000 0.000000 */

INSERT INTO `landblock_instance` (`guid`, `weenie_Class_Id`, `obj_Cell_Id`, `origin_X`, `origin_Y`, `origin_Z`, `angles_W`, `angles_X`, `angles_Y`, `angles_Z`, `is_Link_Child`, `last_Modified`)
VALUES (0x701FD02A,  1298, 0x01FD01D9, 20, -55.25, 0, 1, 0, 0, 0, False, '2005-02-09 10:00:00'); /* Door(1298/doorprisonlockedgood) - Locked(122/masterkey) */
/* @teleloc 0x01FD01D9 [20.000000 -55.250000 0.000000] 1.000000 0.000000 0.000000 0.000000 */

INSERT INTO `landblock_instance` (`guid`, `weenie_Class_Id`, `obj_Cell_Id`, `origin_X`, `origin_Y`, `origin_Z`, `angles_W`, `angles_X`, `angles_Y`, `angles_Z`, `is_Link_Child`, `last_Modified`)
VALUES (0x701FD02B,   204, 0x01FD01DF, 30, -50, 0.0075, 0.707107, 0, 0, -0.707107,  True, '2005-02-09 10:00:00'); /* Lich(204/zombielich) - Level: 21 - T1_General - Random Loot: Tier 1 - DeathTreasureType: 453(T1_General) - Generates - Undead Thighbone(7041/lichthighbone) / A Small Mnemosyne(9312/pyramidgreensmall) / Zombie Head(12225/zombiehead) / Undead Arm(22028/armundead) / Undead Leg(22032/legundead) / Undead Torso(22048/torsoundead) */
/* @teleloc 0x01FD01DF [30.000000 -50.000000 0.007500] 0.707107 0.000000 0.000000 -0.707107 */

INSERT INTO `landblock_instance` (`guid`, `weenie_Class_Id`, `obj_Cell_Id`, `origin_X`, `origin_Y`, `origin_Z`, `angles_W`, `angles_X`, `angles_Y`, `angles_Z`, `is_Link_Child`, `last_Modified`)
VALUES (0x701FD02C,   422, 0x01FD01E1, 42.375, 0, 0, 0.707107, 0, 0, -0.707107, False, '2005-02-09 10:00:00'); /* Item Shield Generator(422/itemshield-generator) - Generates - Kite Shield(91/shieldkite) / Round Shield(93/shieldround) / Large Round Shield(94/shieldroundlarge) / Large Kite Shield(92/shieldkitelarge) / Buckler(44/buckler) */
/* @teleloc 0x01FD01E1 [42.375000 0.000000 0.000000] 0.707107 0.000000 0.000000 -0.707107 */

INSERT INTO `landblock_instance` (`guid`, `weenie_Class_Id`, `obj_Cell_Id`, `origin_X`, `origin_Y`, `origin_Z`, `angles_W`, `angles_X`, `angles_Y`, `angles_Z`, `is_Link_Child`, `last_Modified`)
VALUES (0x701FD02D,   204, 0x01FD01E2, 40, -10, 0.0075, 0.707107, 0, 0, -0.707107,  True, '2005-02-09 10:00:00'); /* Lich(204/zombielich) - Level: 21 - T1_General - Random Loot: Tier 1 - DeathTreasureType: 453(T1_General) - Generates - Undead Thighbone(7041/lichthighbone) / A Small Mnemosyne(9312/pyramidgreensmall) / Zombie Head(12225/zombiehead) / Undead Arm(22028/armundead) / Undead Leg(22032/legundead) / Undead Torso(22048/torsoundead) */
/* @teleloc 0x01FD01E2 [40.000000 -10.000000 0.007500] 0.707107 0.000000 0.000000 -0.707107 */

INSERT INTO `landblock_instance` (`guid`, `weenie_Class_Id`, `obj_Cell_Id`, `origin_X`, `origin_Y`, `origin_Z`, `angles_W`, `angles_X`, `angles_Y`, `angles_Z`, `is_Link_Child`, `last_Modified`)
VALUES (0x701FD02E,   204, 0x01FD01E4, 42.2308, -28.5984, 0.0075, -0.707107, 0, 0, -0.707107,  True, '2005-02-09 10:00:00'); /* Lich(204/zombielich) - Level: 21 - T1_General - Random Loot: Tier 1 - DeathTreasureType: 453(T1_General) - Generates - Undead Thighbone(7041/lichthighbone) / A Small Mnemosyne(9312/pyramidgreensmall) / Zombie Head(12225/zombiehead) / Undead Arm(22028/armundead) / Undead Leg(22032/legundead) / Undead Torso(22048/torsoundead) */
/* @teleloc 0x01FD01E4 [42.230801 -28.598400 0.007500] -0.707107 0.000000 0.000000 -0.707107 */

INSERT INTO `landblock_instance` (`guid`, `weenie_Class_Id`, `obj_Cell_Id`, `origin_X`, `origin_Y`, `origin_Z`, `angles_W`, `angles_X`, `angles_Y`, `angles_Z`, `is_Link_Child`, `last_Modified`)
VALUES (0x701FD02F,   278, 0x01FD01F7, 45.25, -120, 0, -0.707107, 0, 0, -0.707107, False, '2005-02-09 10:00:00'); /* Door(278/door) */
/* @teleloc 0x01FD01F7 [45.250000 -120.000000 0.000000] -0.707107 0.000000 0.000000 -0.707107 */

INSERT INTO `landblock_instance` (`guid`, `weenie_Class_Id`, `obj_Cell_Id`, `origin_X`, `origin_Y`, `origin_Z`, `angles_W`, `angles_X`, `angles_Y`, `angles_Z`, `is_Link_Child`, `last_Modified`)
VALUES (0x701FD030,  1098, 0x01FD0211, 89.7693, -82.8001, 0, 1, 0, 0, 0, False, '2005-02-09 10:00:00'); /* Surface(1098/portaltrothyrsrestexit) */
/* @teleloc 0x01FD0211 [89.769302 -82.800102 0.000000] 1.000000 0.000000 0.000000 0.000000 */

INSERT INTO `landblock_instance` (`guid`, `weenie_Class_Id`, `obj_Cell_Id`, `origin_X`, `origin_Y`, `origin_Z`, `angles_W`, `angles_X`, `angles_Y`, `angles_Z`, `is_Link_Child`, `last_Modified`)
VALUES (0x701FD031,   204, 0x01FD0218, 100, -20, 0.0075, -0.707107, 0, 0, -0.707107,  True, '2005-02-09 10:00:00'); /* Lich(204/zombielich) - Level: 21 - T1_General - Random Loot: Tier 1 - DeathTreasureType: 453(T1_General) - Generates - Undead Thighbone(7041/lichthighbone) / A Small Mnemosyne(9312/pyramidgreensmall) / Zombie Head(12225/zombiehead) / Undead Arm(22028/armundead) / Undead Leg(22032/legundead) / Undead Torso(22048/torsoundead) */
/* @teleloc 0x01FD0218 [100.000000 -20.000000 0.007500] -0.707107 0.000000 0.000000 -0.707107 */

INSERT INTO `landblock_instance` (`guid`, `weenie_Class_Id`, `obj_Cell_Id`, `origin_X`, `origin_Y`, `origin_Z`, `angles_W`, `angles_X`, `angles_Y`, `angles_Z`, `is_Link_Child`, `last_Modified`)
VALUES (0x701FD032, 27244, 0x01FD022D, 120.134, -43.42, 0, 0, 0, 0, -1, False, '2005-02-09 10:00:00'); /* Chest(27244/chestglitternewbie) - Content - Random Loot: Tier 1 - DeathTreasureType: 18(T1_Chest_Money) */
/* @teleloc 0x01FD022D [120.134003 -43.419998 0.000000] 0.000000 0.000000 0.000000 -1.000000 */

INSERT INTO `landblock_instance` (`guid`, `weenie_Class_Id`, `obj_Cell_Id`, `origin_X`, `origin_Y`, `origin_Z`, `angles_W`, `angles_X`, `angles_Y`, `angles_Z`, `is_Link_Child`, `last_Modified`)
VALUES (0x701FD033,    16, 0x01FD022D, 121.13, -38.3956, 0.0075, 1, 0, 0, 0,  True, '2005-02-09 10:00:00'); /* Undead(16/zombieundead) - Level: 11 - T1_General - Random Loot: Tier 1 - DeathTreasureType: 453(T1_General) */
/* @teleloc 0x01FD022D [121.129997 -38.395599 0.007500] 1.000000 0.000000 0.000000 0.000000 */

INSERT INTO `landblock_instance` (`guid`, `weenie_Class_Id`, `obj_Cell_Id`, `origin_X`, `origin_Y`, `origin_Z`, `angles_W`, `angles_X`, `angles_Y`, `angles_Z`, `is_Link_Child`, `last_Modified`)
VALUES (0x701FD034,    16, 0x01FD022D, 119.666, -38.0205, 0.0075, 1, 0, 0, 0,  True, '2005-02-09 10:00:00'); /* Undead(16/zombieundead) - Level: 11 - T1_General - Random Loot: Tier 1 - DeathTreasureType: 453(T1_General) */
/* @teleloc 0x01FD022D [119.666000 -38.020500 0.007500] 1.000000 0.000000 0.000000 0.000000 */

INSERT INTO `landblock_instance` (`guid`, `weenie_Class_Id`, `obj_Cell_Id`, `origin_X`, `origin_Y`, `origin_Z`, `angles_W`, `angles_X`, `angles_Y`, `angles_Z`, `is_Link_Child`, `last_Modified`)
VALUES (0x701FD035,    16, 0x01FD022D, 117.914, -39.7325, 0.0075, 1, 0, 0, 0,  True, '2005-02-09 10:00:00'); /* Undead(16/zombieundead) - Level: 11 - T1_General - Random Loot: Tier 1 - DeathTreasureType: 453(T1_General) */
/* @teleloc 0x01FD022D [117.914001 -39.732498 0.007500] 1.000000 0.000000 0.000000 0.000000 */

INSERT INTO `landblock_instance` (`guid`, `weenie_Class_Id`, `obj_Cell_Id`, `origin_X`, `origin_Y`, `origin_Z`, `angles_W`, `angles_X`, `angles_Y`, `angles_Z`, `is_Link_Child`, `last_Modified`)
VALUES (0x701FD036,    16, 0x01FD022D, 120.95, -40.8025, 0.0075, 1, 0, 0, 0,  True, '2005-02-09 10:00:00'); /* Undead(16/zombieundead) - Level: 11 - T1_General - Random Loot: Tier 1 - DeathTreasureType: 453(T1_General) */
/* @teleloc 0x01FD022D [120.949997 -40.802502 0.007500] 1.000000 0.000000 0.000000 0.000000 */

INSERT INTO `landblock_instance` (`guid`, `weenie_Class_Id`, `obj_Cell_Id`, `origin_X`, `origin_Y`, `origin_Z`, `angles_W`, `angles_X`, `angles_Y`, `angles_Z`, `is_Link_Child`, `last_Modified`)
VALUES (0x701FD037,  1459, 0x01FD0231, 131.431, -7.81987, 0, 0, 0, 0, -1, False, '2005-02-09 10:00:00'); /* Food Stamina Gen(1459/itemfoodstaminagen) - Generates - Super Cheese(1452/cheesesuper) / Fresh Fish(1445/fishfresh) / Tart Apple(1447/appletart) / Wheat Bread(1448/breadwheat) */
/* @teleloc 0x01FD0231 [131.431000 -7.819870 0.000000] 0.000000 0.000000 0.000000 -1.000000 */

INSERT INTO `landblock_instance` (`guid`, `weenie_Class_Id`, `obj_Cell_Id`, `origin_X`, `origin_Y`, `origin_Z`, `angles_W`, `angles_X`, `angles_Y`, `angles_Z`, `is_Link_Child`, `last_Modified`)
VALUES (0x701FD038, 27243, 0x01FD0231, 133.913, -8.2475, 0.0125, -0.707107, 0, 0, 0.707107, False, '2005-02-09 10:00:00'); /* Chest(27243/chestgeneralnewbie) - Content - Random Loot: Tier 1 - DeathTreasureType: 459(T1_Warrior) */
/* @teleloc 0x01FD0231 [133.912994 -8.247500 0.012500] -0.707107 0.000000 0.000000 0.707107 */

INSERT INTO `landblock_instance` (`guid`, `weenie_Class_Id`, `obj_Cell_Id`, `origin_X`, `origin_Y`, `origin_Z`, `angles_W`, `angles_X`, `angles_Y`, `angles_Z`, `is_Link_Child`, `last_Modified`)
VALUES (0x701FD039,  1624, 0x01FD0231, 127.923, -10.9802, 0.012, 0, 0, 0, -1,  True, '2005-02-09 10:00:00'); /* Swamp Rat(1624/ratswamp) - Level: 16 - T1_Warrior - Random Loot: Tier 1 - DeathTreasureType: 459(T1_Warrior) */
/* @teleloc 0x01FD0231 [127.922997 -10.980200 0.012000] 0.000000 0.000000 0.000000 -1.000000 */

INSERT INTO `landblock_instance` (`guid`, `weenie_Class_Id`, `obj_Cell_Id`, `origin_X`, `origin_Y`, `origin_Z`, `angles_W`, `angles_X`, `angles_Y`, `angles_Z`, `is_Link_Child`, `last_Modified`)
VALUES (0x701FD03A,  1624, 0x01FD0231, 130, -10, 0.012, 0, 0, 0, -1,  True, '2005-02-09 10:00:00'); /* Swamp Rat(1624/ratswamp) - Level: 16 - T1_Warrior - Random Loot: Tier 1 - DeathTreasureType: 459(T1_Warrior) */
/* @teleloc 0x01FD0231 [130.000000 -10.000000 0.012000] 0.000000 0.000000 0.000000 -1.000000 */

INSERT INTO `landblock_instance` (`guid`, `weenie_Class_Id`, `obj_Cell_Id`, `origin_X`, `origin_Y`, `origin_Z`, `angles_W`, `angles_X`, `angles_Y`, `angles_Z`, `is_Link_Child`, `last_Modified`)
VALUES (0x701FD03B,   278, 0x01FD0233, 130, -14.755, 0, 0, 0, 0, -1, False, '2005-02-09 10:00:00'); /* Door(278/door) */
/* @teleloc 0x01FD0233 [130.000000 -14.755000 0.000000] 0.000000 0.000000 0.000000 -1.000000 */

INSERT INTO `landblock_instance` (`guid`, `weenie_Class_Id`, `obj_Cell_Id`, `origin_X`, `origin_Y`, `origin_Z`, `angles_W`, `angles_X`, `angles_Y`, `angles_Z`, `is_Link_Child`, `last_Modified`)
VALUES (0x701FD03C,  1624, 0x01FD0234, 128.855, -21.754, 0.012, 1, 0, 0, 0,  True, '2005-02-09 10:00:00'); /* Swamp Rat(1624/ratswamp) - Level: 16 - T1_Warrior - Random Loot: Tier 1 - DeathTreasureType: 459(T1_Warrior) */
/* @teleloc 0x01FD0234 [128.854996 -21.754000 0.012000] 1.000000 0.000000 0.000000 0.000000 */

INSERT INTO `landblock_instance` (`guid`, `weenie_Class_Id`, `obj_Cell_Id`, `origin_X`, `origin_Y`, `origin_Z`, `angles_W`, `angles_X`, `angles_Y`, `angles_Z`, `is_Link_Child`, `last_Modified`)
VALUES (0x701FD03D,   568, 0x01FD0244, 140, -25.25, 0, 0, 0, 0, -1, False, '2005-02-09 10:00:00'); /* Door(568/doorprison) */
/* @teleloc 0x01FD0244 [140.000000 -25.250000 0.000000] 0.000000 0.000000 0.000000 -1.000000 */

INSERT INTO `landblock_instance` (`guid`, `weenie_Class_Id`, `obj_Cell_Id`, `origin_X`, `origin_Y`, `origin_Z`, `angles_W`, `angles_X`, `angles_Y`, `angles_Z`, `is_Link_Child`, `last_Modified`)
VALUES (0x701FD03E,  1296, 0x01FD0247, 140, -34.75, 0, 1, 0, 0, 0, False, '2005-02-09 10:00:00'); /* Door(1296/doorprisonlockedpoor) - Locked(40/masterkey) */
/* @teleloc 0x01FD0247 [140.000000 -34.750000 0.000000] 1.000000 0.000000 0.000000 0.000000 */

INSERT INTO `landblock_instance` (`guid`, `weenie_Class_Id`, `obj_Cell_Id`, `origin_X`, `origin_Y`, `origin_Z`, `angles_W`, `angles_X`, `angles_Y`, `angles_Z`, `is_Link_Child`, `last_Modified`)
VALUES (0x701FD03F,   422, 0x01FD0248, 140, -37.625, 0, 1, 0, 0, 0, False, '2005-02-09 10:00:00'); /* Item Shield Generator(422/itemshield-generator) - Generates - Kite Shield(91/shieldkite) / Round Shield(93/shieldround) / Large Round Shield(94/shieldroundlarge) / Large Kite Shield(92/shieldkitelarge) / Buckler(44/buckler) */
/* @teleloc 0x01FD0248 [140.000000 -37.625000 0.000000] 1.000000 0.000000 0.000000 0.000000 */

INSERT INTO `landblock_instance` (`guid`, `weenie_Class_Id`, `obj_Cell_Id`, `origin_X`, `origin_Y`, `origin_Z`, `angles_W`, `angles_X`, `angles_Y`, `angles_Z`, `is_Link_Child`, `last_Modified`)
VALUES (0x701FD040, 50070, 0x01FD024C, 140, -60, 0, 1, 0, 0, 0, False, '2005-02-09 10:00:00'); /* Newbie Magic Generator(50070/itemnewbiemagicgen) - Generates - Random Loot: Tier 1 - DeathTreasureType: 465(T1_Magic) */
/* @teleloc 0x01FD024C [140.000000 -60.000000 0.000000] 1.000000 0.000000 0.000000 0.000000 */

INSERT INTO `landblock_instance` (`guid`, `weenie_Class_Id`, `obj_Cell_Id`, `origin_X`, `origin_Y`, `origin_Z`, `angles_W`, `angles_X`, `angles_Y`, `angles_Z`, `is_Link_Child`, `last_Modified`)
VALUES (0x701FD041,   204, 0x01FD024C, 141.271, -59.6255, 0.0075, 1, 0, 0, 0,  True, '2005-02-09 10:00:00'); /* Lich(204/zombielich) - Level: 21 - T1_General - Random Loot: Tier 1 - DeathTreasureType: 453(T1_General) - Generates - Undead Thighbone(7041/lichthighbone) / A Small Mnemosyne(9312/pyramidgreensmall) / Zombie Head(12225/zombiehead) / Undead Arm(22028/armundead) / Undead Leg(22032/legundead) / Undead Torso(22048/torsoundead) */
/* @teleloc 0x01FD024C [141.270996 -59.625500 0.007500] 1.000000 0.000000 0.000000 0.000000 */

INSERT INTO `landblock_instance` (`guid`, `weenie_Class_Id`, `obj_Cell_Id`, `origin_X`, `origin_Y`, `origin_Z`, `angles_W`, `angles_X`, `angles_Y`, `angles_Z`, `is_Link_Child`, `last_Modified`)
VALUES (0x701FD042,  1298, 0x01FD024E, 140, -55.25, 0, 1, 0, 0, 0, False, '2005-02-09 10:00:00'); /* Door(1298/doorprisonlockedgood) - Locked(122/masterkey) */
/* @teleloc 0x01FD024E [140.000000 -55.250000 0.000000] 1.000000 0.000000 0.000000 0.000000 */

INSERT INTO `landblock_instance` (`guid`, `weenie_Class_Id`, `obj_Cell_Id`, `origin_X`, `origin_Y`, `origin_Z`, `angles_W`, `angles_X`, `angles_Y`, `angles_Z`, `is_Link_Child`, `last_Modified`)
VALUES (0x701FD043,   204, 0x01FD0250, 150, -30, 0.0075, -0.707107, 0, 0, -0.707107,  True, '2005-02-09 10:00:00'); /* Lich(204/zombielich) - Level: 21 - T1_General - Random Loot: Tier 1 - DeathTreasureType: 453(T1_General) - Generates - Undead Thighbone(7041/lichthighbone) / A Small Mnemosyne(9312/pyramidgreensmall) / Zombie Head(12225/zombiehead) / Undead Arm(22028/armundead) / Undead Leg(22032/legundead) / Undead Torso(22048/torsoundead) */
/* @teleloc 0x01FD0250 [150.000000 -30.000000 0.007500] -0.707107 0.000000 0.000000 -0.707107 */

INSERT INTO `landblock_instance` (`guid`, `weenie_Class_Id`, `obj_Cell_Id`, `origin_X`, `origin_Y`, `origin_Z`, `angles_W`, `angles_X`, `angles_Y`, `angles_Z`, `is_Link_Child`, `last_Modified`)
VALUES (0x701FD044,   568, 0x01FD0255, 150, -25.25, 0, 0, 0, 0, -1, False, '2005-02-09 10:00:00'); /* Door(568/doorprison) */
/* @teleloc 0x01FD0255 [150.000000 -25.250000 0.000000] 0.000000 0.000000 0.000000 -1.000000 */

INSERT INTO `landblock_instance` (`guid`, `weenie_Class_Id`, `obj_Cell_Id`, `origin_X`, `origin_Y`, `origin_Z`, `angles_W`, `angles_X`, `angles_Y`, `angles_Z`, `is_Link_Child`, `last_Modified`)
VALUES (0x701FD045,  1932, 0x01FD0259, 157.474, -30.094, 0, 0.707107, 0, 0, -0.707107, False, '2005-02-09 10:00:00'); /* Chest(1932/chestpoor) - Content - Random Loot: Tier 1 - DeathTreasureType: 459(T1_Warrior) */
/* @teleloc 0x01FD0259 [157.473999 -30.094000 0.000000] 0.707107 0.000000 0.000000 -0.707107 */

INSERT INTO `landblock_instance` (`guid`, `weenie_Class_Id`, `obj_Cell_Id`, `origin_X`, `origin_Y`, `origin_Z`, `angles_W`, `angles_X`, `angles_Y`, `angles_Z`, `is_Link_Child`, `last_Modified`)
VALUES (0x701FD046,  1612, 0x01FD0266, 80, -30, 6.005, 1, 0, 0, 0,  True, '2005-02-09 10:00:00'); /* Azure Gromnie(1612/gromnieazure) - Level: 11 - T1_Warrior - Random Loot: Tier 1 - DeathTreasureType: 459(T1_Warrior) - Generates - Azure Gromnie Tooth(28205/gromnietoothazure) / Thin Gromnie Hide(4235/gromniehidethin) */
/* @teleloc 0x01FD0266 [80.000000 -30.000000 6.005000] 1.000000 0.000000 0.000000 0.000000 */

INSERT INTO `landblock_instance` (`guid`, `weenie_Class_Id`, `obj_Cell_Id`, `origin_X`, `origin_Y`, `origin_Z`, `angles_W`, `angles_X`, `angles_Y`, `angles_Z`, `is_Link_Child`, `last_Modified`)
VALUES (0x701FD047,  1612, 0x01FD0268, 80, -60, 6.005, 1, 0, 0, 0,  True, '2005-02-09 10:00:00'); /* Azure Gromnie(1612/gromnieazure) - Level: 11 - T1_Warrior - Random Loot: Tier 1 - DeathTreasureType: 459(T1_Warrior) - Generates - Azure Gromnie Tooth(28205/gromnietoothazure) / Thin Gromnie Hide(4235/gromniehidethin) */
/* @teleloc 0x01FD0268 [80.000000 -60.000000 6.005000] 1.000000 0.000000 0.000000 0.000000 */

INSERT INTO `landblock_instance` (`guid`, `weenie_Class_Id`, `obj_Cell_Id`, `origin_X`, `origin_Y`, `origin_Z`, `angles_W`, `angles_X`, `angles_Y`, `angles_Z`, `is_Link_Child`, `last_Modified`)
VALUES (0x701FD048,  1612, 0x01FD0269, 80, -70, 6.005, 0, 0, 0, -1,  True, '2005-02-09 10:00:00'); /* Azure Gromnie(1612/gromnieazure) - Level: 11 - T1_Warrior - Random Loot: Tier 1 - DeathTreasureType: 459(T1_Warrior) - Generates - Azure Gromnie Tooth(28205/gromnietoothazure) / Thin Gromnie Hide(4235/gromniehidethin) */
/* @teleloc 0x01FD0269 [80.000000 -70.000000 6.005000] 0.000000 0.000000 0.000000 -1.000000 */

INSERT INTO `landblock_instance` (`guid`, `weenie_Class_Id`, `obj_Cell_Id`, `origin_X`, `origin_Y`, `origin_Z`, `angles_W`, `angles_X`, `angles_Y`, `angles_Z`, `is_Link_Child`, `last_Modified`)
VALUES (0x701FD049,  1612, 0x01FD0284, 100, -50, 6.005, -0.707107, 0, 0, -0.707107,  True, '2005-02-09 10:00:00'); /* Azure Gromnie(1612/gromnieazure) - Level: 11 - T1_Warrior - Random Loot: Tier 1 - DeathTreasureType: 459(T1_Warrior) - Generates - Azure Gromnie Tooth(28205/gromnietoothazure) / Thin Gromnie Hide(4235/gromniehidethin) */
/* @teleloc 0x01FD0284 [100.000000 -50.000000 6.005000] -0.707107 0.000000 0.000000 -0.707107 */

INSERT INTO `landblock_instance` (`guid`, `weenie_Class_Id`, `obj_Cell_Id`, `origin_X`, `origin_Y`, `origin_Z`, `angles_W`, `angles_X`, `angles_Y`, `angles_Z`, `is_Link_Child`, `last_Modified`)
VALUES (0x701FD04A,   278, 0x01FD0286, 100, -54.75, 6, 0, 0, 0, 1, False, '2005-02-09 10:00:00'); /* Door(278/door) */
/* @teleloc 0x01FD0286 [100.000000 -54.750000 6.000000] 0.000000 0.000000 0.000000 1.000000 */

INSERT INTO `landblock_instance` (`guid`, `weenie_Class_Id`, `obj_Cell_Id`, `origin_X`, `origin_Y`, `origin_Z`, `angles_W`, `angles_X`, `angles_Y`, `angles_Z`, `is_Link_Child`, `last_Modified`)
VALUES (0x701FD04B,  1612, 0x01FD0297, 120, -30, 6.005, 1, 0, 0, 0,  True, '2005-02-09 10:00:00'); /* Azure Gromnie(1612/gromnieazure) - Level: 11 - T1_Warrior - Random Loot: Tier 1 - DeathTreasureType: 459(T1_Warrior) - Generates - Azure Gromnie Tooth(28205/gromnietoothazure) / Thin Gromnie Hide(4235/gromniehidethin) */
/* @teleloc 0x01FD0297 [120.000000 -30.000000 6.005000] 1.000000 0.000000 0.000000 0.000000 */

INSERT INTO `landblock_instance` (`guid`, `weenie_Class_Id`, `obj_Cell_Id`, `origin_X`, `origin_Y`, `origin_Z`, `angles_W`, `angles_X`, `angles_Y`, `angles_Z`, `is_Link_Child`, `last_Modified`)
VALUES (0x701FD04C,   143, 0x01FD02A4, 115.95, -67.1675, 6.0125, -0.707107, 0, 0, -0.707107, False, '2005-02-09 10:00:00'); /* Chest(143/chest) */
/* @teleloc 0x01FD02A4 [115.949997 -67.167503 6.012500] -0.707107 0.000000 0.000000 -0.707107 */

INSERT INTO `landblock_instance` (`guid`, `weenie_Class_Id`, `obj_Cell_Id`, `origin_X`, `origin_Y`, `origin_Z`, `angles_W`, `angles_X`, `angles_Y`, `angles_Z`, `is_Link_Child`, `last_Modified`)
VALUES (0x701FD04D,  1612, 0x01FD02A4, 120, -70, 6.005, 0.707107, 0, 0, -0.707107,  True, '2005-02-09 10:00:00'); /* Azure Gromnie(1612/gromnieazure) - Level: 11 - T1_Warrior - Random Loot: Tier 1 - DeathTreasureType: 459(T1_Warrior) - Generates - Azure Gromnie Tooth(28205/gromnietoothazure) / Thin Gromnie Hide(4235/gromniehidethin) */
/* @teleloc 0x01FD02A4 [120.000000 -70.000000 6.005000] 0.707107 0.000000 0.000000 -0.707107 */

INSERT INTO `landblock_instance` (`guid`, `weenie_Class_Id`, `obj_Cell_Id`, `origin_X`, `origin_Y`, `origin_Z`, `angles_W`, `angles_X`, `angles_Y`, `angles_Z`, `is_Link_Child`, `last_Modified`)
VALUES (0x701FD04E,   278, 0x01FD02A6, 124.755, -70, 6, 0.707107, 0, 0, -0.707107, False, '2005-02-09 10:00:00'); /* Door(278/door) */
/* @teleloc 0x01FD02A6 [124.754997 -70.000000 6.000000] 0.707107 0.000000 0.000000 -0.707107 */

INSERT INTO `landblock_instance` (`guid`, `weenie_Class_Id`, `obj_Cell_Id`, `origin_X`, `origin_Y`, `origin_Z`, `angles_W`, `angles_X`, `angles_Y`, `angles_Z`, `is_Link_Child`, `last_Modified`)
VALUES (0x701FD04F,   278, 0x01FD02C5, 105.25, -60, 12, -0.707107, 0, 0, -0.707107, False, '2005-02-09 10:00:00'); /* Door(278/door) */
/* @teleloc 0x01FD02C5 [105.250000 -60.000000 12.000000] -0.707107 0.000000 0.000000 -0.707107 */

INSERT INTO `landblock_instance` (`guid`, `weenie_Class_Id`, `obj_Cell_Id`, `origin_X`, `origin_Y`, `origin_Z`, `angles_W`, `angles_X`, `angles_Y`, `angles_Z`, `is_Link_Child`, `last_Modified`)
VALUES (0x701FD050,  1612, 0x01FD02C6, 120, -10, 12.005, 0, 0, 0, -1,  True, '2005-02-09 10:00:00'); /* Azure Gromnie(1612/gromnieazure) - Level: 11 - T1_Warrior - Random Loot: Tier 1 - DeathTreasureType: 459(T1_Warrior) - Generates - Azure Gromnie Tooth(28205/gromnietoothazure) / Thin Gromnie Hide(4235/gromniehidethin) */
/* @teleloc 0x01FD02C6 [120.000000 -10.000000 12.005000] 0.000000 0.000000 0.000000 -1.000000 */

INSERT INTO `landblock_instance` (`guid`, `weenie_Class_Id`, `obj_Cell_Id`, `origin_X`, `origin_Y`, `origin_Z`, `angles_W`, `angles_X`, `angles_Y`, `angles_Z`, `is_Link_Child`, `last_Modified`)
VALUES (0x701FD051,  1612, 0x01FD02E0, 130, -30, 12.005, 1, 0, 0, 0,  True, '2005-02-09 10:00:00'); /* Azure Gromnie(1612/gromnieazure) - Level: 11 - T1_Warrior - Random Loot: Tier 1 - DeathTreasureType: 459(T1_Warrior) - Generates - Azure Gromnie Tooth(28205/gromnietoothazure) / Thin Gromnie Hide(4235/gromniehidethin) */
/* @teleloc 0x01FD02E0 [130.000000 -30.000000 12.005000] 1.000000 0.000000 0.000000 0.000000 */

INSERT INTO `landblock_instance` (`guid`, `weenie_Class_Id`, `obj_Cell_Id`, `origin_X`, `origin_Y`, `origin_Z`, `angles_W`, `angles_X`, `angles_Y`, `angles_Z`, `is_Link_Child`, `last_Modified`)
VALUES (0x701FD052,  1098, 0x01FD02EB, 130, -70, 12, 1, 0, 0, 0, False, '2005-02-09 10:00:00'); /* Surface(1098/portaltrothyrsrestexit) */
/* @teleloc 0x01FD02EB [130.000000 -70.000000 12.000000] 1.000000 0.000000 0.000000 0.000000 */

INSERT INTO `landblock_instance` (`guid`, `weenie_Class_Id`, `obj_Cell_Id`, `origin_X`, `origin_Y`, `origin_Z`, `angles_W`, `angles_X`, `angles_Y`, `angles_Z`, `is_Link_Child`, `last_Modified`)
VALUES (0x701FD053,   568, 0x01FD02ED, 130, -65.25, 12, 1, 0, 0, 0, False, '2005-02-09 10:00:00'); /* Door(568/doorprison) */
/* @teleloc 0x01FD02ED [130.000000 -65.250000 12.000000] 1.000000 0.000000 0.000000 0.000000 */

INSERT INTO `landblock_instance` (`guid`, `weenie_Class_Id`, `obj_Cell_Id`, `origin_X`, `origin_Y`, `origin_Z`, `angles_W`, `angles_X`, `angles_Y`, `angles_Z`, `is_Link_Child`, `last_Modified`)
VALUES (0x701FD054,  1612, 0x01FD02F2, 142.506, -48.0779, 12.005, -0.707107, 0, 0, -0.707107,  True, '2005-02-09 10:00:00'); /* Azure Gromnie(1612/gromnieazure) - Level: 11 - T1_Warrior - Random Loot: Tier 1 - DeathTreasureType: 459(T1_Warrior) - Generates - Azure Gromnie Tooth(28205/gromnietoothazure) / Thin Gromnie Hide(4235/gromniehidethin) */
/* @teleloc 0x01FD02F2 [142.505997 -48.077900 12.005000] -0.707107 0.000000 0.000000 -0.707107 */
DELETE FROM `landblock_instance` WHERE `landblock` = 0x020B;

INSERT INTO `landblock_instance` (`guid`, `weenie_Class_Id`, `obj_Cell_Id`, `origin_X`, `origin_Y`, `origin_Z`, `angles_W`, `angles_X`, `angles_Y`, `angles_Z`, `is_Link_Child`, `last_Modified`)
VALUES (0x7020B000, 30796, 0x020B0021, 115.577, 2.55439, 84.0179, 0.906513, 0, 0, 0.422179, False, '2023-05-12 16:08:56'); /* Black Marrow Reliquary(30796/chestblackmarrowreliquary) - Locked(9999/KeyBlackMarrow) - Content - Random Loot: Tier 6 - DeathTreasureType: 32(T6_Boss_HighAmount) / Blood Fang Jewel(30801/gemportalobsidianrim) / Black Glass Array(30800/gemportalobsidianplains) / Soul Chalice(30802/gemportalpanopticon) / Desolate Seed(30803/gemportalsingularitycaul) / Warrior's Emblem(30809/gemportalayntayn) / Burning Veil(30811/gemportalcaulcano) / Shadow Cursed Totem(30810/gemportalburningtower) / Corrupted Skull(30799/gemportalfloatingtower) / Seething Skull(30808/gemportafloatingbridge) / Antiquated Compass(30812/gemportalcauloasis) / Black Luster Pearl(30813/pearlblackluster) / The Orphanage(30807/gemquestorphanage) / Ancient Temple(30805/gemquestlivingtome) / Singularity Caul Asylum(30804/gemquestasylum) / Cavernous Olthoi Chasm(30806/gemquestolthoichasm) */
/* @teleloc 0x020B0021 [115.577003 2.554390 84.017899] 0.906513 0.000000 0.000000 0.422179 */
DELETE FROM `encounter` WHERE `landblock` = 0x020B;

INSERT INTO `encounter` (`landblock`, `weenie_Class_Id`, `cell_X`, `cell_Y`, `last_Modified`)
VALUES (0x020B, 25892, 3, 3, '2005-02-09 10:00:00') /* Western Singularity Caul Gen(25892/westernsingcaulgen) */
     , (0x020B, 25892, 5, 1, '2005-02-09 10:00:00') /* Western Singularity Caul Gen(25892/westernsingcaulgen) */
     , (0x020B, 25892, 6, 5, '2005-02-09 10:00:00') /* Western Singularity Caul Gen(25892/westernsingcaulgen) */;
DELETE FROM `weenie` WHERE `class_Id` = 7299;

INSERT INTO `weenie` (`class_Id`, `class_Name`, `type`, `last_Modified`)
VALUES (7299, 'scarabdiamond', 32, '2005-02-09 10:00:00') /* SpellComponent */;

INSERT INTO `weenie_properties_int` (`object_Id`, `type`, `value`)
VALUES (7299,   1,       4096) /* ItemType - SpellComponents */
     , (7299,   3,         61) /* PaletteTemplate - White */
     , (7299,   5,          2) /* EncumbranceVal */
     , (7299,   8,        100) /* Mass */
     , (7299,   9,          0) /* ValidLocations - None */
     , (7299,  11,        100) /* MaxStackSize */
     , (7299,  12,          1) /* StackSize */
     , (7299,  13,          2) /* StackUnitEncumbrance */
     , (7299,  14,        100) /* StackUnitMass */
     , (7299,  15,      10000) /* StackUnitValue */
     , (7299,  16,          1) /* ItemUseable - No */
     , (7299,  19,      10000) /* Value */
     , (7299,  93,       1044) /* PhysicsState - Ethereal, IgnoreCollisions, Gravity */
     , (7299, 150,        103) /* HookPlacement - Hook */
     , (7299, 151,          2) /* HookType - Wall */;

INSERT INTO `weenie_properties_string` (`object_Id`, `type`, `value`)
VALUES (7299,   1, 'Diamond Scarab') /* Name */;

INSERT INTO `weenie_properties_d_i_d` (`object_Id`, `type`, `value`)
VALUES (7299,   1, 0x0200030B) /* Setup */
     , (7299,   3, 0x20000014) /* SoundTable */
     , (7299,   6, 0x04000BEF) /* PaletteBase */
     , (7299,   7, 0x10000109) /* ClothingBase */
     , (7299,   8, 0x06001CE9) /* Icon */
     , (7299,  22, 0x3400002B) /* PhysicsEffectTable */
     , (7299,  29,        110) /* SpellComponent */;
DELETE FROM `weenie` WHERE `class_Id` = 8999;

INSERT INTO `weenie` (`class_Id`, `class_Name`, `type`, `last_Modified`)
VALUES (8999, 'chestvirindicamplootlocked', 20, '2019-08-19 00:00:00') /* Chest */;

INSERT INTO `weenie_properties_int` (`object_Id`, `type`, `value`)
VALUES (8999,   1,        512) /* ItemType - Container */
     , (8999,   5,       9000) /* EncumbranceVal */
     , (8999,   6,         -1) /* ItemsCapacity */
     , (8999,   7,         -1) /* ContainersCapacity */
     , (8999,   8,       3000) /* Mass */
     , (8999,  16,         48) /* ItemUseable - ViewedRemote */
     , (8999,  19,       2500) /* Value */
     , (8999,  38,       5000) /* ResistLockpick */
     , (8999,  81,          3) /* MaxGeneratedObjects */
     , (8999,  82,          3) /* InitGeneratedObjects */
     , (8999,  83,          2) /* ActivationResponse - Use */
     , (8999,  93,       1048) /* PhysicsState - ReportCollisions, IgnoreCollisions, Gravity */
     , (8999,  96,        500) /* EncumbranceCapacity */
     , (8999, 100,          1) /* GeneratorType - Relative */;

INSERT INTO `weenie_properties_bool` (`object_Id`, `type`, `value`)
VALUES (8999,   1, True ) /* Stuck */
     , (8999,   2, False) /* Open */
     , (8999,   3, True ) /* Locked */
     , (8999,  12, True ) /* ReportCollisions */
     , (8999,  13, False) /* Ethereal */
     , (8999,  33, False) /* ResetMessagePending */
     , (8999,  34, False) /* DefaultOpen */
     , (8999,  35, True ) /* DefaultLocked */
     , (8999,  86, True ) /* ChestRegenOnClose */;

INSERT INTO `weenie_properties_float` (`object_Id`, `type`, `value`)
VALUES (8999,  43,       1) /* GeneratorRadius */
     , (8999,  54,       1) /* UseRadius */;

INSERT INTO `weenie_properties_string` (`object_Id`, `type`, `value`)
VALUES (8999,   1, 'Steel Chest') /* Name */
     , (8999,  12, 'keychesthigh') /* LockCode */
     , (8999,  14, 'Use this item to open it and see its contents.') /* Use */;

INSERT INTO `weenie_properties_d_i_d` (`object_Id`, `type`, `value`)
VALUES (8999,   1, 0x0200007C) /* Setup */
     , (8999,   2, 0x09000004) /* MotionTable */
     , (8999,   3, 0x20000021) /* SoundTable */
     , (8999,   8, 0x06001020) /* Icon */
     , (8999,  22, 0x3400002B) /* PhysicsEffectTable */;

INSERT INTO `weenie_properties_generator` (`object_Id`, `probability`, `weenie_Class_Id`, `delay`, `init_Create`, `max_Create`, `when_Create`, `where_Create`, `stack_Size`, `palette_Id`, `shade`, `obj_Cell_Id`, `origin_X`, `origin_Y`, `origin_Z`, `angles_W`, `angles_X`, `angles_Y`, `angles_Z`)
VALUES (8999, -1, 338, 0, 1, 1, 2, 72, -1, 0, 0, 0, 0, 0, 0, 1, 0, 0, 0) /* Generate Random Loot: Tier 6 - DeathTreasureType: 338(T4_ScrollSteelChest) (x1 up to max of 1) - Regenerate upon PickUp - Location to (re)Generate: ContainTreasure */
     , (8999, -1, 20179, 0, 1, 1, 2, 8, -1, 0, 0, 0, 0, 0, 0, 1, 0, 0, 0) /* Generate Superb Mana Charge(20179/manastonesuperb) (x1 up to max of 1) - Regenerate upon PickUp - Location to (re)Generate: Contain */
     , (8999, 0.005, 7509, 0, 1, 1, 2, 8, -1, 0, 0, 0, 0, 0, 0, 1, 0, 0, 0) /* Generate Scroll of Searing Disc(7509/scrollacidring) (x1 up to max of 1) - Regenerate upon PickUp - Location to (re)Generate: Contain */
     , (8999, 0.01, 7510, 0, 1, 1, 2, 8, -1, 0, 0, 0, 0, 0, 0, 1, 0, 0, 0) /* Generate Scroll of Horizon's Blades(7510/scrollbladering) (x1 up to max of 1) - Regenerate upon PickUp - Location to (re)Generate: Contain */
     , (8999, 0.015, 7511, 0, 1, 1, 2, 8, -1, 0, 0, 0, 0, 0, 0, 1, 0, 0, 0) /* Generate Scroll of Cassius' Ring of Fire(7511/scrollflamering) (x1 up to max of 1) - Regenerate upon PickUp - Location to (re)Generate: Contain */
     , (8999, 0.02, 7512, 0, 1, 1, 2, 8, -1, 0, 0, 0, 0, 0, 0, 1, 0, 0, 0) /* Generate Scroll of Nuhmudira's Spines(7512/scrollforcering) (x1 up to max of 1) - Regenerate upon PickUp - Location to (re)Generate: Contain */
     , (8999, 0.025, 7513, 0, 1, 1, 2, 8, -1, 0, 0, 0, 0, 0, 0, 1, 0, 0, 0) /* Generate Scroll of Halo of Frost(7513/scrollfrostring) (x1 up to max of 1) - Regenerate upon PickUp - Location to (re)Generate: Contain */
     , (8999, 0.03, 7514, 0, 1, 1, 2, 8, -1, 0, 0, 0, 0, 0, 0, 1, 0, 0, 0) /* Generate Scroll of Eye of the Storm(7514/scrolllightningring) (x1 up to max of 1) - Regenerate upon PickUp - Location to (re)Generate: Contain */
     , (8999, 0.035, 7515, 0, 1, 1, 2, 8, -1, 0, 0, 0, 0, 0, 0, 1, 0, 0, 0) /* Generate Scroll of Tectonic Rifts(7515/scrollshockwavering) (x1 up to max of 1) - Regenerate upon PickUp - Location to (re)Generate: Contain */
     , (8999, 0.04, 7516, 0, 1, 1, 2, 8, -1, 0, 0, 0, 0, 0, 0, 1, 0, 0, 0) /* Generate Scroll of Blistering Creeper(7516/scrollacidwall) (x1 up to max of 1) - Regenerate upon PickUp - Location to (re)Generate: Contain */
     , (8999, 0.045, 7517, 0, 1, 1, 2, 8, -1, 0, 0, 0, 0, 0, 0, 1, 0, 0, 0) /* Generate Scroll of Bed of Blades(7517/scrollbladewall) (x1 up to max of 1) - Regenerate upon PickUp - Location to (re)Generate: Contain */
     , (8999, 0.05, 7518, 0, 1, 1, 2, 8, -1, 0, 0, 0, 0, 0, 0, 1, 0, 0, 0) /* Generate Scroll of Slithering Flames(7518/scrollflamewall) (x1 up to max of 1) - Regenerate upon PickUp - Location to (re)Generate: Contain */
     , (8999, 0.055, 7519, 0, 1, 1, 2, 8, -1, 0, 0, 0, 0, 0, 0, 1, 0, 0, 0) /* Generate Scroll of Spike Strafe(7519/scrollforcewall) (x1 up to max of 1) - Regenerate upon PickUp - Location to (re)Generate: Contain */
     , (8999, 0.06, 7520, 0, 1, 1, 2, 8, -1, 0, 0, 0, 0, 0, 0, 1, 0, 0, 0) /* Generate Scroll of Foon-Ki's Glacial Floe(7520/scrollfrostwall) (x1 up to max of 1) - Regenerate upon PickUp - Location to (re)Generate: Contain */
     , (8999, 0.065, 7521, 0, 1, 1, 2, 8, -1, 0, 0, 0, 0, 0, 0, 1, 0, 0, 0) /* Generate Scroll of Os' Wall(7521/scrolllightningwall) (x1 up to max of 1) - Regenerate upon PickUp - Location to (re)Generate: Contain */
     , (8999, 0.07, 7522, 0, 1, 1, 2, 8, -1, 0, 0, 0, 0, 0, 0, 1, 0, 0, 0) /* Generate Scroll of Hammering Crawler(7522/scrollshockwavewall) (x1 up to max of 1) - Regenerate upon PickUp - Location to (re)Generate: Contain */
     , (8999, 0.075, 20430, 0, 1, 1, 2, 8, -1, 0, 0, 0, 0, 0, 0, 1, 0, 0, 0) /* Generate Scroll of Dissolving Vortex(20430/scrollacidblast7) (x1 up to max of 1) - Regenerate upon PickUp - Location to (re)Generate: Contain */
     , (8999, 0.08, 20435, 0, 1, 1, 2, 8, -1, 0, 0, 0, 0, 0, 0, 1, 0, 0, 0) /* Generate Scroll of Sau Kolin's Sword(20435/scrollbladeblast7) (x1 up to max of 1) - Regenerate upon PickUp - Location to (re)Generate: Contain */
     , (8999, 0.085, 20439, 0, 1, 1, 2, 8, -1, 0, 0, 0, 0, 0, 0, 1, 0, 0, 0) /* Generate Scroll of Silencia's Scorn(20439/scrollflameblast7) (x1 up to max of 1) - Regenerate upon PickUp - Location to (re)Generate: Contain */
     , (8999, 0.09, 20444, 0, 1, 1, 2, 8, -1, 0, 0, 0, 0, 0, 0, 1, 0, 0, 0) /* Generate Scroll of Stinging Needles(20444/scrollforceblast7) (x1 up to max of 1) - Regenerate upon PickUp - Location to (re)Generate: Contain */
     , (8999, 0.095, 20449, 0, 1, 1, 2, 8, -1, 0, 0, 0, 0, 0, 0, 1, 0, 0, 0) /* Generate Scroll of Winter's Embrace(20449/scrollfrostblast7) (x1 up to max of 1) - Regenerate upon PickUp - Location to (re)Generate: Contain */
     , (8999, 0.1, 20454, 0, 1, 1, 2, 8, -1, 0, 0, 0, 0, 0, 0, 1, 0, 0, 0) /* Generate Scroll of Luminous Wrath(20454/scrolllightningblast7) (x1 up to max of 1) - Regenerate upon PickUp - Location to (re)Generate: Contain */
     , (8999, 0.105, 20459, 0, 1, 1, 2, 8, -1, 0, 0, 0, 0, 0, 0, 1, 0, 0, 0) /* Generate Scroll of Pummeling Storm(20459/scrollshockblast7) (x1 up to max of 1) - Regenerate upon PickUp - Location to (re)Generate: Contain */
     , (8999, 0.11, 20434, 0, 1, 1, 2, 8, -1, 0, 0, 0, 0, 0, 0, 1, 0, 0, 0) /* Generate Scroll of Celdiseth's Searing(20434/scrollacidvolley7) (x1 up to max of 1) - Regenerate upon PickUp - Location to (re)Generate: Contain */
     , (8999, 0.115, 20437, 0, 1, 1, 2, 8, -1, 0, 0, 0, 0, 0, 0, 1, 0, 0, 0) /* Generate Scroll of Flensing Wings(20437/scrollbladevolley7) (x1 up to max of 1) - Regenerate upon PickUp - Location to (re)Generate: Contain */
     , (8999, 0.12, 20443, 0, 1, 1, 2, 8, -1, 0, 0, 0, 0, 0, 0, 1, 0, 0, 0) /* Generate Scroll of Infernae(20443/scrollflamevolley7) (x1 up to max of 1) - Regenerate upon PickUp - Location to (re)Generate: Contain */
     , (8999, 0.125, 20448, 0, 1, 1, 2, 8, -1, 0, 0, 0, 0, 0, 0, 1, 0, 0, 0) /* Generate Scroll of Fusillade(20448/scrollforcevolley7) (x1 up to max of 1) - Regenerate upon PickUp - Location to (re)Generate: Contain */
     , (8999, 0.13, 20453, 0, 1, 1, 2, 8, -1, 0, 0, 0, 0, 0, 0, 1, 0, 0, 0) /* Generate Scroll of Blizzard(20453/scrollfrostvolley7) (x1 up to max of 1) - Regenerate upon PickUp - Location to (re)Generate: Contain */
     , (8999, 0.135, 20458, 0, 1, 1, 2, 8, -1, 0, 0, 0, 0, 0, 0, 1, 0, 0, 0) /* Generate Scroll of Tempest(20458/scrolllightningvolley7) (x1 up to max of 1) - Regenerate upon PickUp - Location to (re)Generate: Contain */
     , (8999, 0.14, 20438, 0, 1, 1, 2, 8, -1, 0, 0, 0, 0, 0, 0, 1, 0, 0, 0) /* Generate Scroll of Thousand Fists(20438/scrollbludgeoningvolley7) (x1 up to max of 1) - Regenerate upon PickUp - Location to (re)Generate: Contain */
     , (8999, 0.84, 20179, 0, 1, 1, 2, 8, -1, 0, 0, 0, 0, 0, 0, 1, 0, 0, 0) /* Generate Superb Mana Charge(20179/manastonesuperb) (x1 up to max of 1) - Regenerate upon PickUp - Location to (re)Generate: Contain */
     , (8999, 1, 9060, 0, 1, 1, 2, 8, -1, 0, 0, 0, 0, 0, 0, 1, 0, 0, 0) /* Generate Titan Mana Charge(9060/manachargetitan) (x1 up to max of 1) - Regenerate upon PickUp - Location to (re)Generate: Contain */;
DELETE FROM `weenie` WHERE `class_Id` = 9286;

INSERT INTO `weenie` (`class_Id`, `class_Name`, `type`, `last_Modified`)
VALUES (9286, 'chestvirindidirective', 20, '2005-02-09 10:00:00') /* Chest */;

INSERT INTO `weenie_properties_int` (`object_Id`, `type`, `value`)
VALUES (9286,   1,        512) /* ItemType - Container */
     , (9286,   3,          2) /* PaletteTemplate - Blue */
     , (9286,   5,       9000) /* EncumbranceVal */
     , (9286,   6,         -1) /* ItemsCapacity */
     , (9286,   7,         -1) /* ContainersCapacity */
     , (9286,   8,       3000) /* Mass */
     , (9286,  16,         48) /* ItemUseable - ViewedRemote */
     , (9286,  19,       2500) /* Value */
     , (9286,  37,         30) /* ResistItemAppraisal */
     , (9286,  38,       5000) /* ResistLockpick */
     , (9286,  81,          1) /* MaxGeneratedObjects */
     , (9286,  82,          1) /* InitGeneratedObjects */
     , (9286,  83,          2) /* ActivationResponse - Use */
     , (9286,  93,       1048) /* PhysicsState - ReportCollisions, IgnoreCollisions, Gravity */
     , (9286,  96,        500) /* EncumbranceCapacity */
     , (9286, 100,          1) /* GeneratorType - Relative */;

INSERT INTO `weenie_properties_bool` (`object_Id`, `type`, `value`)
VALUES (9286,   1, True ) /* Stuck */
     , (9286,   2, False) /* Open */
     , (9286,   3, True ) /* Locked */
     , (9286,  12, True ) /* ReportCollisions */
     , (9286,  13, False) /* Ethereal */
     , (9286,  33, False) /* ResetMessagePending */
     , (9286,  34, False) /* DefaultOpen */
     , (9286,  35, True ) /* DefaultLocked */
     , (9286,  86, True ) /* ChestRegenOnClose */;

INSERT INTO `weenie_properties_float` (`object_Id`, `type`, `value`)
VALUES (9286,  43,       1) /* GeneratorRadius */
     , (9286,  54,       1) /* UseRadius */;

INSERT INTO `weenie_properties_string` (`object_Id`, `type`, `value`)
VALUES (9286,   1, 'Directive''s Cache') /* Name */
     , (9286,  12, 'VirindiDirectiveKey') /* LockCode */
     , (9286,  14, 'Use this item to open it and see its contents.') /* Use */
     , (9286,  16, 'A Virindi cache lies here.') /* LongDesc */;

INSERT INTO `weenie_properties_d_i_d` (`object_Id`, `type`, `value`)
VALUES (9286,   1, 0x02000A09) /* Setup */
     , (9286,   2, 0x090000B1) /* MotionTable */
     , (9286,   3, 0x2000006F) /* SoundTable */
     , (9286,   6, 0x040009B2) /* PaletteBase */
     , (9286,   7, 0x100002B5) /* ClothingBase */
     , (9286,   8, 0x06001FE7) /* Icon */
     , (9286,  22, 0x3400002B) /* PhysicsEffectTable */;

INSERT INTO `weenie_properties_generator` (`object_Id`, `probability`, `weenie_Class_Id`, `delay`, `init_Create`, `max_Create`, `when_Create`, `where_Create`, `stack_Size`, `palette_Id`, `shade`, `obj_Cell_Id`, `origin_X`, `origin_Y`, `origin_Z`, `angles_W`, `angles_X`, `angles_Y`, `angles_Z`)
VALUES (9286, 1, 339, 0, 1, 1, 2, 72, -1, 0, 0, 0, 0, 0, 0, 1, 0, 0, 0) /* Generate Random Loot: Tier 4 - DeathTreasureType: 339(T5_DirectivesCache) (x1 up to max of 1) - Regenerate upon PickUp - Location to (re)Generate: ContainTreasure */;
DELETE FROM `weenie` WHERE `class_Id` = 9287;

INSERT INTO `weenie` (`class_Id`, `class_Name`, `type`, `last_Modified`)
VALUES (9287, 'chestvirindimaster', 20, '2005-02-09 10:00:00') /* Chest */;

INSERT INTO `weenie_properties_int` (`object_Id`, `type`, `value`)
VALUES (9287,   1,        512) /* ItemType - Container */
     , (9287,   3,         14) /* PaletteTemplate - Red */
     , (9287,   5,       9000) /* EncumbranceVal */
     , (9287,   6,         -1) /* ItemsCapacity */
     , (9287,   7,         -1) /* ContainersCapacity */
     , (9287,   8,       3000) /* Mass */
     , (9287,  16,         48) /* ItemUseable - ViewedRemote */
     , (9287,  19,       2500) /* Value */
     , (9287,  37,         30) /* ResistItemAppraisal */
     , (9287,  38,       5000) /* ResistLockpick */
     , (9287,  81,          1) /* MaxGeneratedObjects */
     , (9287,  82,          1) /* InitGeneratedObjects */
     , (9287,  83,          2) /* ActivationResponse - Use */
     , (9287,  93,       1048) /* PhysicsState - ReportCollisions, IgnoreCollisions, Gravity */
     , (9287,  96,        500) /* EncumbranceCapacity */
     , (9287, 100,          1) /* GeneratorType - Relative */;

INSERT INTO `weenie_properties_bool` (`object_Id`, `type`, `value`)
VALUES (9287,   1, True ) /* Stuck */
     , (9287,   2, False) /* Open */
     , (9287,   3, True ) /* Locked */
     , (9287,  12, True ) /* ReportCollisions */
     , (9287,  13, False) /* Ethereal */
     , (9287,  33, False) /* ResetMessagePending */
     , (9287,  34, False) /* DefaultOpen */
     , (9287,  35, True ) /* DefaultLocked */
     , (9287,  86, True ) /* ChestRegenOnClose */;

INSERT INTO `weenie_properties_float` (`object_Id`, `type`, `value`)
VALUES (9287,  43,       1) /* GeneratorRadius */
     , (9287,  54,       1) /* UseRadius */;

INSERT INTO `weenie_properties_string` (`object_Id`, `type`, `value`)
VALUES (9287,   1, 'Master''s Holding') /* Name */
     , (9287,  12, 'VirindiMasterKey') /* LockCode */
     , (9287,  14, 'Use this item to open it and see its contents.') /* Use */
     , (9287,  16, 'A Virindi holding lies here.') /* LongDesc */;

INSERT INTO `weenie_properties_d_i_d` (`object_Id`, `type`, `value`)
VALUES (9287,   1, 0x02000A09) /* Setup */
     , (9287,   2, 0x090000B1) /* MotionTable */
     , (9287,   3, 0x2000006F) /* SoundTable */
     , (9287,   6, 0x040009B2) /* PaletteBase */
     , (9287,   7, 0x100002B5) /* ClothingBase */
     , (9287,   8, 0x06001FE8) /* Icon */
     , (9287,  22, 0x3400002B) /* PhysicsEffectTable */;

INSERT INTO `weenie_properties_generator` (`object_Id`, `probability`, `weenie_Class_Id`, `delay`, `init_Create`, `max_Create`, `when_Create`, `where_Create`, `stack_Size`, `palette_Id`, `shade`, `obj_Cell_Id`, `origin_X`, `origin_Y`, `origin_Z`, `angles_W`, `angles_X`, `angles_Y`, `angles_Z`)
VALUES (9287, 1, 340, 0, 1, 1, 2, 72, -1, 0, 0, 0, 0, 0, 0, 1, 0, 0, 0) /* Generate Random Loot: Tier 3 - DeathTreasureType: 340(T4_MastersHolding) (x1 up to max of 1) - Regenerate upon PickUp - Location to (re)Generate: ContainTreasure */;
DELETE FROM `weenie` WHERE `class_Id` = 9288;

INSERT INTO `weenie` (`class_Id`, `class_Name`, `type`, `last_Modified`)
VALUES (9288, 'chestvirindisingularity', 20, '2005-02-09 10:00:00') /* Chest */;

INSERT INTO `weenie_properties_int` (`object_Id`, `type`, `value`)
VALUES (9288,   1,        512) /* ItemType - Container */
     , (9288,   3,         13) /* PaletteTemplate - Purple */
     , (9288,   5,       9000) /* EncumbranceVal */
     , (9288,   6,         -1) /* ItemsCapacity */
     , (9288,   7,         -1) /* ContainersCapacity */
     , (9288,   8,       3000) /* Mass */
     , (9288,  16,         48) /* ItemUseable - ViewedRemote */
     , (9288,  19,       2500) /* Value */
     , (9288,  37,         30) /* ResistItemAppraisal */
     , (9288,  38,       5000) /* ResistLockpick */
     , (9288,  81,          1) /* MaxGeneratedObjects */
     , (9288,  82,          1) /* InitGeneratedObjects */
     , (9288,  83,          2) /* ActivationResponse - Use */
     , (9288,  93,       1048) /* PhysicsState - ReportCollisions, IgnoreCollisions, Gravity */
     , (9288,  96,        500) /* EncumbranceCapacity */
     , (9288, 100,          1) /* GeneratorType - Relative */;

INSERT INTO `weenie_properties_bool` (`object_Id`, `type`, `value`)
VALUES (9288,   1, True ) /* Stuck */
     , (9288,   2, False) /* Open */
     , (9288,   3, True ) /* Locked */
     , (9288,  12, True ) /* ReportCollisions */
     , (9288,  13, False) /* Ethereal */
     , (9288,  33, False) /* ResetMessagePending */
     , (9288,  34, False) /* DefaultOpen */
     , (9288,  35, True ) /* DefaultLocked */
     , (9288,  86, True ) /* ChestRegenOnClose */;

INSERT INTO `weenie_properties_float` (`object_Id`, `type`, `value`)
VALUES (9288,  43,       1) /* GeneratorRadius */
     , (9288,  54,       1) /* UseRadius */;

INSERT INTO `weenie_properties_string` (`object_Id`, `type`, `value`)
VALUES (9288,   1, 'Singularity Trove') /* Name */
     , (9288,  12, 'VirindiSingularityKey') /* LockCode */
     , (9288,  14, 'Use this item to open it and see its contents.') /* Use */
     , (9288,  16, 'A Virindi trove lies here.') /* LongDesc */;

INSERT INTO `weenie_properties_d_i_d` (`object_Id`, `type`, `value`)
VALUES (9288,   1, 0x02000A09) /* Setup */
     , (9288,   2, 0x090000B1) /* MotionTable */
     , (9288,   3, 0x2000006F) /* SoundTable */
     , (9288,   6, 0x040009B2) /* PaletteBase */
     , (9288,   7, 0x100002B5) /* ClothingBase */
     , (9288,   8, 0x06001FE9) /* Icon */
     , (9288,  22, 0x3400002B) /* PhysicsEffectTable */;

INSERT INTO `weenie_properties_generator` (`object_Id`, `probability`, `weenie_Class_Id`, `delay`, `init_Create`, `max_Create`, `when_Create`, `where_Create`, `stack_Size`, `palette_Id`, `shade`, `obj_Cell_Id`, `origin_X`, `origin_Y`, `origin_Z`, `angles_W`, `angles_X`, `angles_Y`, `angles_Z`)
VALUES (9288, 1, 341, 0, 1, 1, 2, 72, -1, 0, 0, 0, 0, 0, 0, 1, 0, 0, 0) /* Generate Random Loot: Tier 5 - DeathTreasureType: 341(T5_SingularityTrove) (x1 up to max of 1) - Regenerate upon PickUp - Location to (re)Generate: ContainTreasure */;
DELETE FROM `landblock_instance` WHERE `landblock` = 0x0D07;

INSERT INTO `landblock_instance` (`guid`, `weenie_Class_Id`, `obj_Cell_Id`, `origin_X`, `origin_Y`, `origin_Z`, `angles_W`, `angles_X`, `angles_Y`, `angles_Z`, `is_Link_Child`, `last_Modified`)
VALUES (0x70D07000,   412, 0x0D070105, 58.24, 84.95, 43.5195, 0.707107, 0, 0, -0.707107, False, '2005-02-09 10:00:00'); /* Door(412/door-aluvian-house) */
/* @teleloc 0x0D070105 [58.240002 84.949997 43.519501] 0.707107 0.000000 0.000000 -0.707107 */

INSERT INTO `landblock_instance` (`guid`, `weenie_Class_Id`, `obj_Cell_Id`, `origin_X`, `origin_Y`, `origin_Z`, `angles_W`, `angles_X`, `angles_Y`, `angles_Z`, `is_Link_Child`, `last_Modified`)
VALUES (0x70D07001, 30795, 0x0D070101, 60.2218, 84.8796, 43.514, 0.707107, 0, 0, -0.707107, False, '2005-02-09 10:00:00'); /* Black Marrow Reliquary(30795/chestblackmarrowreliquaryoasis) - Content - Random Loot: Tier 6 - DeathTreasureType: 32(T6_Boss_HighAmount) / Blood Fang Jewel(30801/gemportalobsidianrim) / Black Glass Array(30800/gemportalobsidianplains) / Soul Chalice(30802/gemportalpanopticon) / Desolate Seed(30803/gemportalsingularitycaul) / Warrior's Emblem(30809/gemportalayntayn) / Burning Veil(30811/gemportalcaulcano) / Shadow Cursed Totem(30810/gemportalburningtower) / Corrupted Skull(30799/gemportalfloatingtower) / Seething Skull(30808/gemportafloatingbridge) / Antiquated Compass(30812/gemportalcauloasis) / Black Luster Pearl(30813/pearlblackluster) / The Orphanage(30807/gemquestorphanage) / Ancient Temple(30805/gemquestlivingtome) / Singularity Caul Asylum(30804/gemquestasylum) / Cavernous Olthoi Chasm(30806/gemquestolthoichasm) */
/* @teleloc 0x0D070101 [60.221802 84.879601 43.514000] 0.707107 0.000000 0.000000 -0.707107 */

INSERT INTO `landblock_instance` (`guid`, `weenie_Class_Id`, `obj_Cell_Id`, `origin_X`, `origin_Y`, `origin_Z`, `angles_W`, `angles_X`, `angles_Y`, `angles_Z`, `is_Link_Child`, `last_Modified`)
VALUES (0x70D07002, 25873, 0x0D070000, 60.8396, 84.1115, 0.005, 0.887943, 0, 0, -0.459953,  True, '2005-02-09 10:00:00'); /* Glissnal Nefane(25873/nefaneglissnal) - Level: 125 - T5_Magic - Random Loot: Tier 5 - DeathTreasureType: 464(T5_Magic) - Generates - Broken Black Marrow Key(30823/keyblackmarrowbroken) / Nefane Shell(25903/shellnefane) */
/* @teleloc 0x0D070000 [60.839600 84.111504 0.005000] 0.887943 0.000000 0.000000 -0.459953 */

INSERT INTO `landblock_instance` (`guid`, `weenie_Class_Id`, `obj_Cell_Id`, `origin_X`, `origin_Y`, `origin_Z`, `angles_W`, `angles_X`, `angles_Y`, `angles_Z`, `is_Link_Child`, `last_Modified`)
VALUES (0x70D07003, 25873, 0x0D070000, 67.5592, 83.6278, 0.005, 0.564512, 0, 0, -0.825425,  True, '2005-02-09 10:00:00'); /* Glissnal Nefane(25873/nefaneglissnal) - Level: 125 - T5_Magic - Random Loot: Tier 5 - DeathTreasureType: 464(T5_Magic) - Generates - Broken Black Marrow Key(30823/keyblackmarrowbroken) / Nefane Shell(25903/shellnefane) */
/* @teleloc 0x0D070000 [67.559196 83.627800 0.005000] 0.564512 0.000000 0.000000 -0.825425 */

INSERT INTO `landblock_instance` (`guid`, `weenie_Class_Id`, `obj_Cell_Id`, `origin_X`, `origin_Y`, `origin_Z`, `angles_W`, `angles_X`, `angles_Y`, `angles_Z`, `is_Link_Child`, `last_Modified`)
VALUES (0x70D07004, 25873, 0x0D070000, 64.7317, 74.2373, 0.005, -0.296537, 0, 0, -0.955021,  True, '2005-02-09 10:00:00'); /* Glissnal Nefane(25873/nefaneglissnal) - Level: 125 - T5_Magic - Random Loot: Tier 5 - DeathTreasureType: 464(T5_Magic) - Generates - Broken Black Marrow Key(30823/keyblackmarrowbroken) / Nefane Shell(25903/shellnefane) */
/* @teleloc 0x0D070000 [64.731697 74.237297 0.005000] -0.296537 0.000000 0.000000 -0.955021 */

INSERT INTO `landblock_instance` (`guid`, `weenie_Class_Id`, `obj_Cell_Id`, `origin_X`, `origin_Y`, `origin_Z`, `angles_W`, `angles_X`, `angles_Y`, `angles_Z`, `is_Link_Child`, `last_Modified`)
VALUES (0x70D07005, 25874, 0x0D070000, 62.1933, 79.8223, 0.005, -0.992841, 0, 0, -0.119446,  True, '2005-02-09 10:00:00'); /* Listris Nefane(25874/nefanelistris) - Level: 130 - T5_Magic - Random Loot: Tier 5 - DeathTreasureType: 464(T5_Magic) - Generates - Broken Black Marrow Key(30823/keyblackmarrowbroken) / Nefane Shell(25903/shellnefane) */
/* @teleloc 0x0D070000 [62.193298 79.822304 0.005000] -0.992841 0.000000 0.000000 -0.119446 */

INSERT INTO `landblock_instance` (`guid`, `weenie_Class_Id`, `obj_Cell_Id`, `origin_X`, `origin_Y`, `origin_Z`, `angles_W`, `angles_X`, `angles_Y`, `angles_Z`, `is_Link_Child`, `last_Modified`)
VALUES (0x70D07006, 25874, 0x0D070000, 54.9452, 83.8442, 0.005, -0.671957, 0, 0, -0.74059,  True, '2005-02-09 10:00:00'); /* Listris Nefane(25874/nefanelistris) - Level: 130 - T5_Magic - Random Loot: Tier 5 - DeathTreasureType: 464(T5_Magic) - Generates - Broken Black Marrow Key(30823/keyblackmarrowbroken) / Nefane Shell(25903/shellnefane) */
/* @teleloc 0x0D070000 [54.945202 83.844200 0.005000] -0.671957 0.000000 0.000000 -0.740590 */

INSERT INTO `landblock_instance` (`guid`, `weenie_Class_Id`, `obj_Cell_Id`, `origin_X`, `origin_Y`, `origin_Z`, `angles_W`, `angles_X`, `angles_Y`, `angles_Z`, `is_Link_Child`, `last_Modified`)
VALUES (0x70D07007, 25874, 0x0D070000, 52.5458, 77.0519, 0.005, 0.225702, 0, 0, -0.974196,  True, '2005-02-09 10:00:00'); /* Listris Nefane(25874/nefanelistris) - Level: 130 - T5_Magic - Random Loot: Tier 5 - DeathTreasureType: 464(T5_Magic) - Generates - Broken Black Marrow Key(30823/keyblackmarrowbroken) / Nefane Shell(25903/shellnefane) */
/* @teleloc 0x0D070000 [52.545799 77.051903 0.005000] 0.225702 0.000000 0.000000 -0.974196 */

INSERT INTO `landblock_instance` (`guid`, `weenie_Class_Id`, `obj_Cell_Id`, `origin_X`, `origin_Y`, `origin_Z`, `angles_W`, `angles_X`, `angles_Y`, `angles_Z`, `is_Link_Child`, `last_Modified`)
VALUES (0x70D07008, 25876, 0x0D070000, 59.0846, 81.4177, 0.005, 0.905728, 0, 0, -0.423859,  True, '2005-02-09 10:00:00'); /* Sephal Nefane(25876/nefanesephal) - Level: 135 - T6_Magic - Random Loot: Tier 6 - DeathTreasureType: 461(T6_Magic) - Generates - Broken Black Marrow Key(30823/keyblackmarrowbroken) / Nefane Pearl(25894/orbnefaneblack) */
/* @teleloc 0x0D070000 [59.084599 81.417702 0.005000] 0.905728 0.000000 0.000000 -0.423859 */

INSERT INTO `landblock_instance` (`guid`, `weenie_Class_Id`, `obj_Cell_Id`, `origin_X`, `origin_Y`, `origin_Z`, `angles_W`, `angles_X`, `angles_Y`, `angles_Z`, `is_Link_Child`, `last_Modified`)
VALUES (0x70D07009, 25875, 0x0D070000, 58.5923, 83.7553, 0.005, 0.976675, 0, 0, 0.214722,  True, '2005-02-09 10:00:00'); /* Parfal Nefane(25875/nefaneparfal) - Level: 145 - T6_Boss_MedAmount - Random Loot: Tier 6 - DeathTreasureType: 26(T6_Boss_MedAmount) - Generates - Broken Black Marrow Key(30823/keyblackmarrowbroken) / Nefane Pearl(25894/orbnefaneblack) */
/* @teleloc 0x0D070000 [58.592300 83.755302 0.005000] 0.976675 0.000000 0.000000 0.214722 */

INSERT INTO `landblock_instance` (`guid`, `weenie_Class_Id`, `obj_Cell_Id`, `origin_X`, `origin_Y`, `origin_Z`, `angles_W`, `angles_X`, `angles_Y`, `angles_Z`, `is_Link_Child`, `last_Modified`)
VALUES (0x70D0700A,  7924, 0x0D070000, 60.8631, 82.4882, 0.005, 0.976675, 0, 0, 0.214722, False, '2005-02-09 10:00:00'); /* Linkable Monster Generator ( 5 Min.)(7924/linkmonstergen5minutes) - Generates - Place Holder Object(3666/placeholder) */
/* @teleloc 0x0D070000 [60.863098 82.488197 0.005000] 0.976675 0.000000 0.000000 0.214722 */

INSERT INTO `landblock_instance_link` (`parent_GUID`, `child_GUID`, `last_Modified`)
VALUES (0x70D0700A, 0x70D07002, '2005-02-09 10:00:00')/* Glissnal Nefane (25873/nefaneglissnal) - Level: 125 T5_Magic - Random Loot: Tier 5 - DeathTreasureType: 464(T5_Magic) - Generates - Broken Black Marrow Key(30823/keyblackmarrowbroken) / Nefane Shell(25903/shellnefane) */
     , (0x70D0700A, 0x70D07003, '2005-02-09 10:00:00')/* Glissnal Nefane (25873/nefaneglissnal) - Level: 125 T5_Magic - Random Loot: Tier 5 - DeathTreasureType: 464(T5_Magic) - Generates - Broken Black Marrow Key(30823/keyblackmarrowbroken) / Nefane Shell(25903/shellnefane) */
     , (0x70D0700A, 0x70D07004, '2005-02-09 10:00:00')/* Glissnal Nefane (25873/nefaneglissnal) - Level: 125 T5_Magic - Random Loot: Tier 5 - DeathTreasureType: 464(T5_Magic) - Generates - Broken Black Marrow Key(30823/keyblackmarrowbroken) / Nefane Shell(25903/shellnefane) */
     , (0x70D0700A, 0x70D07005, '2005-02-09 10:00:00')/* Listris Nefane (25874/nefanelistris) - Level: 130 T5_Magic - Random Loot: Tier 5 - DeathTreasureType: 464(T5_Magic) - Generates - Broken Black Marrow Key(30823/keyblackmarrowbroken) / Nefane Shell(25903/shellnefane) */
     , (0x70D0700A, 0x70D07006, '2005-02-09 10:00:00')/* Listris Nefane (25874/nefanelistris) - Level: 130 T5_Magic - Random Loot: Tier 5 - DeathTreasureType: 464(T5_Magic) - Generates - Broken Black Marrow Key(30823/keyblackmarrowbroken) / Nefane Shell(25903/shellnefane) */
     , (0x70D0700A, 0x70D07007, '2005-02-09 10:00:00')/* Listris Nefane (25874/nefanelistris) - Level: 130 T5_Magic - Random Loot: Tier 5 - DeathTreasureType: 464(T5_Magic) - Generates - Broken Black Marrow Key(30823/keyblackmarrowbroken) / Nefane Shell(25903/shellnefane) */
     , (0x70D0700A, 0x70D07008, '2005-02-09 10:00:00')/* Sephal Nefane (25876/nefanesephal) - Level: 135 T6_Magic - Random Loot: Tier 6 - DeathTreasureType: 461(T6_Magic) - Generates - Broken Black Marrow Key(30823/keyblackmarrowbroken) / Nefane Pearl(25894/orbnefaneblack) */
     , (0x70D0700A, 0x70D07009, '2005-02-09 10:00:00')/* Parfal Nefane (25875/nefaneparfal) - Level: 145 T6_Boss_MedAmount - Random Loot: Tier 6 - DeathTreasureType: 26(T6_Boss_MedAmount) - Generates - Broken Black Marrow Key(30823/keyblackmarrowbroken) / Nefane Pearl(25894/orbnefaneblack) */;

INSERT INTO `landblock_instance` (`guid`, `weenie_Class_Id`, `obj_Cell_Id`, `origin_X`, `origin_Y`, `origin_Z`, `angles_W`, `angles_X`, `angles_Y`, `angles_Z`, `is_Link_Child`, `last_Modified`)
VALUES (0x70D0700B, 30796, 0x0D07000E, 27.0247, 122.247, 0.017856, -0.511401, 0, 0, 0.859342, False, '2023-05-12 16:07:13'); /* Black Marrow Reliquary(30796/chestblackmarrowreliquary) - Locked(9999/KeyBlackMarrow) - Content - Random Loot: Tier 6 - DeathTreasureType: 32(T6_Boss_HighAmount) / Blood Fang Jewel(30801/gemportalobsidianrim) / Black Glass Array(30800/gemportalobsidianplains) / Soul Chalice(30802/gemportalpanopticon) / Desolate Seed(30803/gemportalsingularitycaul) / Warrior's Emblem(30809/gemportalayntayn) / Burning Veil(30811/gemportalcaulcano) / Shadow Cursed Totem(30810/gemportalburningtower) / Corrupted Skull(30799/gemportalfloatingtower) / Seething Skull(30808/gemportafloatingbridge) / Antiquated Compass(30812/gemportalcauloasis) / Black Luster Pearl(30813/pearlblackluster) / The Orphanage(30807/gemquestorphanage) / Ancient Temple(30805/gemquestlivingtome) / Singularity Caul Asylum(30804/gemquestasylum) / Cavernous Olthoi Chasm(30806/gemquestolthoichasm) */
/* @teleloc 0x0D07000E [27.024700 122.247002 0.017856] -0.511401 0.000000 0.000000 0.859342 */
DELETE FROM `weenie` WHERE `class_Id` = 1052514;

INSERT INTO `weenie` (`class_Id`, `class_Name`, `type`, `last_Modified`)
VALUES (1052514, 'ace1052514-painterspalette', 35, '2021-11-20 00:19:18') /* Caster */;

INSERT INTO `weenie_properties_int` (`object_Id`, `type`, `value`)
VALUES (1052514,   1,      32768) /* ItemType - Caster */
     , (1052514,   5,          1) /* EncumbranceVal */
     , (1052514,   9,   16777216) /* ValidLocations - Held */
     , (1052514,  16,          1) /* ItemUseable - No */
     , (1052514,  19,         20) /* Value */
     , (1052514,  46,        512) /* DefaultCombatStyle - Magic */
     , (1052514,  52,          1) /* ParentLocation - RightHand */
     , (1052514,  93,       1044) /* PhysicsState - Ethereal, IgnoreCollisions, Gravity */
     , (1052514,  94,         16) /* TargetType - Creature */
     , (1052514, 151,          2) /* HookType - Wall */;

INSERT INTO `weenie_properties_bool` (`object_Id`, `type`, `value`)
VALUES (1052514,  11, True ) /* IgnoreCollisions */
     , (1052514,  13, True ) /* Ethereal */
     , (1052514,  14, True ) /* GravityStatus */
     , (1052514,  19, True ) /* Attackable */
     , (1052514,  22, True ) /* Inscribable */;

INSERT INTO `weenie_properties_string` (`object_Id`, `type`, `value`)
VALUES (1052514,   1, 'Painter''s Palette') /* Name */;

INSERT INTO `weenie_properties_d_i_d` (`object_Id`, `type`, `value`)
VALUES (1052514,   1, 0x02001C23) /* Setup */
     , (1052514,   3, 0x20000014) /* SoundTable */
     , (1052514,   8, 0x06007526) /* Icon */
     , (1052514,  22, 0x3400002B) /* PhysicsEffectTable */;
DELETE FROM `weenie` WHERE `class_Id` = 11475;

INSERT INTO `weenie` (`class_Id`, `class_Name`, `type`, `last_Modified`)
VALUES (11475, 'potdyespringblack', 44, '2005-02-09 10:00:00') /* CraftTool */;

INSERT INTO `weenie_properties_int` (`object_Id`, `type`, `value`)
VALUES (11475,   1,    4194304) /* ItemType - CraftCookingBase */
     , (11475,   3,         93) /* PaletteTemplate - DyeSpringBlack */
     , (11475,   5,        150) /* EncumbranceVal */
     , (11475,   8,         50) /* Mass */
     , (11475,   9,          0) /* ValidLocations - None */
     , (11475,  11,        100) /* MaxStackSize */
     , (11475,  12,          1) /* StackSize */
     , (11475,  13,        150) /* StackUnitEncumbrance */
     , (11475,  14,         50) /* StackUnitMass */
     , (11475,  15,      15000) /* StackUnitValue */
     , (11475,  16,     524296) /* ItemUseable - SourceContainedTargetContained */
     , (11475,  19,      15000) /* Value */
     , (11475,  93,       1044) /* PhysicsState - Ethereal, IgnoreCollisions, Gravity */
     , (11475,  94,        134) /* TargetType - Vestements, Misc */
     , (11475, 150,        103) /* HookPlacement - Hook */
     , (11475, 151,          9) /* HookType - Floor, Yard */;

INSERT INTO `weenie_properties_bool` (`object_Id`, `type`, `value`)
VALUES (11475,  69, False) /* IsSellable */;

INSERT INTO `weenie_properties_string` (`object_Id`, `type`, `value`)
VALUES (11475,   1, 'Thananim Dye Pot') /* Name */
     , (11475,  14, 'This item is used in cooking.') /* Use */
     , (11475,  15, 'A pot with dye made from the crushed leaves of a charcoal black Thananim plant. The stench it gives off is overwhelmingly noxious. If applied improperly, the dye could harm the target''s color and armor value permanently. ') /* ShortDesc */
     , (11475,  16, 'A pot with dye made from the crushed leaves of a charcoal black Thananim plant. The stench it gives off is overwhelmingly noxious. If applied improperly, the dye could harm the target''s color and armor value permanently. ') /* LongDesc */
     , (11475,  20, 'Thananim Dye Pots') /* PluralName */;

INSERT INTO `weenie_properties_d_i_d` (`object_Id`, `type`, `value`)
VALUES (11475,   1, 0x02000911) /* Setup */
     , (11475,   3, 0x20000014) /* SoundTable */
     , (11475,   6, 0x04000BEF) /* PaletteBase */
     , (11475,   7, 0x10000244) /* ClothingBase */
     , (11475,   8, 0x06001A2F) /* Icon */
     , (11475,  22, 0x3400002B) /* PhysicsEffectTable */;
DELETE FROM `weenie` WHERE `class_Id` = 13241329;

INSERT INTO `weenie` (`class_Id`, `class_Name`, `type`, `last_Modified`)
VALUES (13241329, 'ace13241329-hulkingbunnyslippers', 2, '2021-11-20 00:19:18') /* Clothing */;

INSERT INTO `weenie_properties_int` (`object_Id`, `type`, `value`)
VALUES (13241329,   1,          2) /* ItemType - Armor */
     , (13241329,   3,          4) /* PaletteTemplate - Brown */
     , (13241329,   4,      65536) /* ClothingPriority - Feet */
     , (13241329,   5,        500) /* EncumbranceVal */
     , (13241329,   9,        256) /* ValidLocations - FootWear */
     , (13241329,  16,          1) /* ItemUseable - No */
     , (13241329,  19,         20) /* Value */
     , (13241329,  53,        101) /* PlacementPosition - Resting */
     , (13241329,  93,       1044) /* PhysicsState - Ethereal, IgnoreCollisions, Gravity */
     , (13241329, 151,          1) /* HookType - Floor */;

INSERT INTO `weenie_properties_bool` (`object_Id`, `type`, `value`)
VALUES (13241329,  11, True ) /* IgnoreCollisions */
     , (13241329,  13, True ) /* Ethereal */
     , (13241329,  14, True ) /* GravityStatus */
     , (13241329,  22, True ) /* Inscribable */
     , (13241329,  69, False) /* IsSellable */
     , (13241329, 100, True ) /* Dyable */;

INSERT INTO `weenie_properties_float` (`object_Id`, `type`, `value`)
VALUES (13241329,  39,       2) /* DefaultScale */;

INSERT INTO `weenie_properties_string` (`object_Id`, `type`, `value`)
VALUES (13241329,   1, 'Hulking Bunny Slippers') /* Name */
     , (13241329,  16, 'A pair of hulking bunny slippers.') /* LongDesc */;

INSERT INTO `weenie_properties_d_i_d` (`object_Id`, `type`, `value`)
VALUES (13241329,   1, 0x02000BBB) /* Setup */
     , (13241329,   6, 0x0400007E) /* PaletteBase */
     , (13241329,   7, 0x100006D2) /* ClothingBase */
     , (13241329,   8, 0x0600237A) /* Icon */
     , (13241329,  22, 0x3400002B) /* PhysicsEffectTable */;
DELETE FROM `weenie` WHERE `class_Id` = 22449;

INSERT INTO `weenie` (`class_Id`, `class_Name`, `type`, `last_Modified`)
VALUES (22449, 'healingkitplentiful', 28, '2005-02-09 10:00:00') /* Healer */;

INSERT INTO `weenie_properties_int` (`object_Id`, `type`, `value`)
VALUES (22449,   1,        128) /* ItemType - Misc */
     , (22449,   5,         50) /* EncumbranceVal */
     , (22449,   8,         25) /* Mass */
     , (22449,   9,          0) /* ValidLocations - None */
     , (22449,  16,    2228232) /* ItemUseable - SourceContainedTargetRemoteOrSelf */
     , (22449,  19,       6000) /* Value */
     , (22449,  89,          2) /* BoosterEnum - Health */
     , (22449,  90,        100) /* BoostValue */
     , (22449,  91,        100) /* MaxStructure */
     , (22449,  92,        100) /* Structure */
     , (22449,  93,       1044) /* PhysicsState - Ethereal, IgnoreCollisions, Gravity */
     , (22449,  94,         16) /* TargetType - Creature */;

INSERT INTO `weenie_properties_bool` (`object_Id`, `type`, `value`)
VALUES (22449,  22, True ) /* Inscribable */
     , (22449,  69, False) /* IsSellable */;

INSERT INTO `weenie_properties_float` (`object_Id`, `type`, `value`)
VALUES (22449, 100,     1.6) /* HealkitMod */;

INSERT INTO `weenie_properties_string` (`object_Id`, `type`, `value`)
VALUES (22449,   1, 'Plentiful Healing Kit') /* Name */
     , (22449,  15, 'A healing kit that has a heady scent.') /* ShortDesc */;

INSERT INTO `weenie_properties_d_i_d` (`object_Id`, `type`, `value`)
VALUES (22449,   1, 0x020002FA) /* Setup */
     , (22449,   6, 0x040008B4) /* PaletteBase */
     , (22449,   7, 0x10000416) /* ClothingBase */
     , (22449,   8, 0x06002908) /* Icon */;
DELETE FROM `weenie` WHERE `class_Id` = 23085;

INSERT INTO `weenie` (`class_Id`, `class_Name`, `type`, `last_Modified`)
VALUES (23085, 'chestvalleydeathhigh', 20, '2005-02-09 10:00:00') /* Chest */;

INSERT INTO `weenie_properties_int` (`object_Id`, `type`, `value`)
VALUES (23085,   1,        512) /* ItemType - Container */
     , (23085,   5,       9000) /* EncumbranceVal */
     , (23085,   6,         -1) /* ItemsCapacity */
     , (23085,   7,         -1) /* ContainersCapacity */
     , (23085,   8,       3000) /* Mass */
     , (23085,  16,         48) /* ItemUseable - ViewedRemote */
     , (23085,  19,       2500) /* Value */
     , (23085,  38,       5000) /* ResistLockpick */
     , (23085,  81,          1) /* MaxGeneratedObjects */
     , (23085,  82,          1) /* InitGeneratedObjects */
     , (23085,  83,          2) /* ActivationResponse - Use */
     , (23085,  93,       1048) /* PhysicsState - ReportCollisions, IgnoreCollisions, Gravity */
     , (23085,  96,        500) /* EncumbranceCapacity */
     , (23085, 100,          1) /* GeneratorType - Relative */;

INSERT INTO `weenie_properties_bool` (`object_Id`, `type`, `value`)
VALUES (23085,   1, True ) /* Stuck */
     , (23085,   2, False) /* Open */
     , (23085,   3, True ) /* Locked */
     , (23085,  12, True ) /* ReportCollisions */
     , (23085,  13, False) /* Ethereal */
     , (23085,  33, False) /* ResetMessagePending */
     , (23085,  34, False) /* DefaultOpen */
     , (23085,  35, True ) /* DefaultLocked */
     , (23085,  86, True ) /* ChestRegenOnClose */;

INSERT INTO `weenie_properties_float` (`object_Id`, `type`, `value`)
VALUES (23085,  43,       1) /* GeneratorRadius */
     , (23085,  54,       1) /* UseRadius */;

INSERT INTO `weenie_properties_string` (`object_Id`, `type`, `value`)
VALUES (23085,   1, 'Reinforced Mahogany Chest') /* Name */
     , (23085,  12, 'KeyChestVoDHigh') /* LockCode */
     , (23085,  14, 'Use this item to open it and see its contents.') /* Use */
     , (23085,  16, 'A chest carved from mahogany and reinforced with steel and iron bands.') /* LongDesc */;

INSERT INTO `weenie_properties_d_i_d` (`object_Id`, `type`, `value`)
VALUES (23085,   1, 0x0200007C) /* Setup */
     , (23085,   2, 0x09000004) /* MotionTable */
     , (23085,   3, 0x20000021) /* SoundTable */
     , (23085,   8, 0x06001020) /* Icon */
     , (23085,  22, 0x3400002B) /* PhysicsEffectTable */;

INSERT INTO `weenie_properties_generator` (`object_Id`, `probability`, `weenie_Class_Id`, `delay`, `init_Create`, `max_Create`, `when_Create`, `where_Create`, `stack_Size`, `palette_Id`, `shade`, `obj_Cell_Id`, `origin_X`, `origin_Y`, `origin_Z`, `angles_W`, `angles_X`, `angles_Y`, `angles_Z`)
VALUES (23085, -1, 421, 0, 1, 1, 2, 72, -1, 0, 0, 0, 0, 0, 0, 1, 0, 0, 0) /* Generate Random Loot: Tier 6 - DeathTreasureType: 421(T5_ReinforcedMahoganyChest) (x1 up to max of 1) - Regenerate upon PickUp - Location to (re)Generate: ContainTreasure */;
DELETE FROM `weenie` WHERE `class_Id` = 23086;

INSERT INTO `weenie` (`class_Id`, `class_Name`, `type`, `last_Modified`)
VALUES (23086, 'chestvalleydeathlow', 20, '2005-02-09 10:00:00') /* Chest */;

INSERT INTO `weenie_properties_int` (`object_Id`, `type`, `value`)
VALUES (23086,   1,        512) /* ItemType - Container */
     , (23086,   5,       9000) /* EncumbranceVal */
     , (23086,   6,         -1) /* ItemsCapacity */
     , (23086,   7,         -1) /* ContainersCapacity */
     , (23086,   8,       3000) /* Mass */
     , (23086,  16,         48) /* ItemUseable - ViewedRemote */
     , (23086,  19,       2500) /* Value */
     , (23086,  38,       5000) /* ResistLockpick */
     , (23086,  81,          1) /* MaxGeneratedObjects */
     , (23086,  82,          1) /* InitGeneratedObjects */
     , (23086,  83,          2) /* ActivationResponse - Use */
     , (23086,  93,       1048) /* PhysicsState - ReportCollisions, IgnoreCollisions, Gravity */
     , (23086,  96,        500) /* EncumbranceCapacity */
     , (23086, 100,          1) /* GeneratorType - Relative */;

INSERT INTO `weenie_properties_bool` (`object_Id`, `type`, `value`)
VALUES (23086,   1, True ) /* Stuck */
     , (23086,   2, False) /* Open */
     , (23086,   3, True ) /* Locked */
     , (23086,  12, True ) /* ReportCollisions */
     , (23086,  13, False) /* Ethereal */
     , (23086,  33, False) /* ResetMessagePending */
     , (23086,  34, False) /* DefaultOpen */
     , (23086,  35, True ) /* DefaultLocked */
     , (23086,  86, True ) /* ChestRegenOnClose */;

INSERT INTO `weenie_properties_float` (`object_Id`, `type`, `value`)
VALUES (23086,  43,       1) /* GeneratorRadius */
     , (23086,  54,       1) /* UseRadius */;

INSERT INTO `weenie_properties_string` (`object_Id`, `type`, `value`)
VALUES (23086,   1, 'Reinforced Oaken Chest') /* Name */
     , (23086,  12, 'KeyChestVoDLow') /* LockCode */
     , (23086,  14, 'Use this item to open it and see its contents.') /* Use */
     , (23086,  16, 'Carved from a light Oak this chest has been reinforced with strappings made from steel and iron.') /* LongDesc */;

INSERT INTO `weenie_properties_d_i_d` (`object_Id`, `type`, `value`)
VALUES (23086,   1, 0x0200007C) /* Setup */
     , (23086,   2, 0x09000004) /* MotionTable */
     , (23086,   3, 0x20000021) /* SoundTable */
     , (23086,   8, 0x06001020) /* Icon */
     , (23086,  22, 0x3400002B) /* PhysicsEffectTable */;

INSERT INTO `weenie_properties_generator` (`object_Id`, `probability`, `weenie_Class_Id`, `delay`, `init_Create`, `max_Create`, `when_Create`, `where_Create`, `stack_Size`, `palette_Id`, `shade`, `obj_Cell_Id`, `origin_X`, `origin_Y`, `origin_Z`, `angles_W`, `angles_X`, `angles_Y`, `angles_Z`)
VALUES (23086, -1, 422, 0, 1, 1, 2, 72, -1, 0, 0, 0, 0, 0, 0, 1, 0, 0, 0) /* Generate Random Loot: Tier 6 - DeathTreasureType: 422(T4_ReinforcedOakenChest) (x1 up to max of 1) - Regenerate upon PickUp - Location to (re)Generate: ContainTreasure */;
DELETE FROM `weenie` WHERE `class_Id` = 23570;

INSERT INTO `weenie` (`class_Id`, `class_Name`, `type`, `last_Modified`)
VALUES (23570, 'virindiparadox', 10, '2019-09-13 00:00:00') /* Creature */;

INSERT INTO `weenie_properties_int` (`object_Id`, `type`, `value`)
VALUES (23570,   1,         16) /* ItemType - Creature */
     , (23570,   2,         19) /* CreatureType - Virindi */
     , (23570,   3,         39) /* PaletteTemplate - Black */
     , (23570,   6,         -1) /* ItemsCapacity */
     , (23570,   7,         -1) /* ContainersCapacity */
     , (23570,  16,          1) /* ItemUseable - No */
     , (23570,  25,        235) /* Level */
     , (23570,  27,          0) /* ArmorType - None */
     , (23570,  68,          3) /* TargetingTactic - Random, Focused */
     , (23570,  93,       1032) /* PhysicsState - ReportCollisions, Gravity */
     , (23570, 133,          2) /* ShowableOnRadar - ShowMovement */
     , (23570, 140,          1) /* AiOptions - CanOpenDoors */
     , (23570, 146,    1292189) /* XpOverride */;

INSERT INTO `weenie_properties_bool` (`object_Id`, `type`, `value`)
VALUES (23570,   1, True ) /* Stuck */
     , (23570,   6, False) /* AiUsesMana */
     , (23570,  11, False) /* IgnoreCollisions */
     , (23570,  12, True ) /* ReportCollisions */
     , (23570,  13, False) /* Ethereal */
     , (23570, 9016, True ) /* UseXpOverride */;

INSERT INTO `weenie_properties_float` (`object_Id`, `type`, `value`)
VALUES (23570,   1,       5) /* HeartbeatInterval */
     , (23570,   2,       0) /* HeartbeatTimestamp */
     , (23570,   3,    10.6) /* HealthRate */
     , (23570,   4,    20.5) /* StaminaRate */
     , (23570,   5,      20) /* ManaRate */
     , (23570,  12,     0.1) /* Shade */
     , (23570,  13,       1) /* ArmorModVsSlash */
     , (23570,  14,       1) /* ArmorModVsPierce */
     , (23570,  15,       1) /* ArmorModVsBludgeon */
     , (23570,  16,       1) /* ArmorModVsCold */
     , (23570,  17,       1) /* ArmorModVsFire */
     , (23570,  18,       1) /* ArmorModVsAcid */
     , (23570,  19,       1) /* ArmorModVsElectric */
     , (23570,  31,      20) /* VisualAwarenessRange */
     , (23570,  34,       1) /* PowerupTime */
     , (23570,  36,       1) /* ChargeSpeed */
     , (23570,  64,       1) /* ResistSlash */
     , (23570,  65,       1) /* ResistPierce */
     , (23570,  66,       1) /* ResistBludgeon */
     , (23570,  67,       1) /* ResistFire */
     , (23570,  68,    0.65) /* ResistCold */
     , (23570,  69,       1) /* ResistAcid */
     , (23570,  70,    0.65) /* ResistElectric */
     , (23570,  71,       1) /* ResistHealthBoost */
     , (23570,  72,       1) /* ResistStaminaDrain */
     , (23570,  73,       1) /* ResistStaminaBoost */
     , (23570,  74,       1) /* ResistManaDrain */
     , (23570,  75,       1) /* ResistManaBoost */
     , (23570,  80,       3) /* AiUseMagicDelay */
     , (23570, 104,      10) /* ObviousRadarRange */
     , (23570, 122,       2) /* AiAcquireHealth */
     , (23570, 125,       1) /* ResistHealthDrain */;

INSERT INTO `weenie_properties_string` (`object_Id`, `type`, `value`)
VALUES (23570,   1, 'Virindi Paradox') /* Name */;

INSERT INTO `weenie_properties_d_i_d` (`object_Id`, `type`, `value`)
VALUES (23570,   1, 0x02000F47) /* Setup */
     , (23570,   2, 0x09000028) /* MotionTable */
     , (23570,   3, 0x20000012) /* SoundTable */
     , (23570,   4, 0x3000000D) /* CombatTable */
     , (23570,   6, 0x0400150A) /* PaletteBase */
     , (23570,   7, 0x10000481) /* ClothingBase */
     , (23570,   8, 0x06002B13) /* Icon */
     , (23570,  22, 0x34000029) /* PhysicsEffectTable */
     , (23570,  35,         26) /* DeathTreasureType - T6_Boss_MedAmount - Loot Tier: 6 */;

INSERT INTO `weenie_properties_attribute` (`object_Id`, `type`, `init_Level`, `level_From_C_P`, `c_P_Spent`)
VALUES (23570,   1, 340, 0, 0) /* Strength */
     , (23570,   2, 320, 0, 0) /* Endurance */
     , (23570,   3, 380, 0, 0) /* Quickness */
     , (23570,   4, 360, 0, 0) /* Coordination */
     , (23570,   5, 350, 0, 0) /* Focus */
     , (23570,   6, 350, 0, 0) /* Self */;

INSERT INTO `weenie_properties_attribute_2nd` (`object_Id`, `type`, `init_Level`, `level_From_C_P`, `c_P_Spent`, `current_Level`)
VALUES (23570,   1,  4840, 0, 0, 5000) /* MaxHealth */
     , (23570,   3,  5680, 0, 0, 6000) /* MaxStamina */
     , (23570,   5,  3650, 0, 0, 4000) /* MaxMana */;

INSERT INTO `weenie_properties_skill` (`object_Id`, `type`, `level_From_P_P`, `s_a_c`, `p_p`, `init_Level`, `resistance_At_Last_Check`, `last_Used_Time`)
VALUES (23570,  2, 0, 2, 0,   0, 0, 0) /* Bow                 Trained */
     , (23570,  4, 0, 3, 0, 300, 0, 0) /* Dagger              Specialized */
     , (23570,  6, 0, 3, 0, 300, 0, 0) /* MeleeDefense        Specialized */
     , (23570,  7, 0, 3, 0, 425, 0, 0) /* MissileDefense      Specialized */
     , (23570, 14, 0, 3, 0, 300, 0, 0) /* ArcaneLore          Specialized */
     , (23570, 15, 0, 3, 0, 315, 0, 0) /* MagicDefense        Specialized */
     , (23570, 20, 0, 3, 0, 250, 0, 0) /* Deception           Specialized */
     , (23570, 24, 0, 3, 0,  90, 0, 0) /* Run                 Specialized */
     , (23570, 31, 0, 3, 0, 250, 0, 0) /* CreatureEnchantment Specialized */
     , (23570, 33, 0, 3, 0, 250, 0, 0) /* LifeMagic           Specialized */
     , (23570, 34, 0, 3, 0, 250, 0, 0) /* WarMagic            Specialized */;

INSERT INTO `weenie_properties_body_part` (`object_Id`, `key`, `d_Type`, `d_Val`, `d_Var`, `base_Armor`, `armor_Vs_Slash`, `armor_Vs_Pierce`, `armor_Vs_Bludgeon`, `armor_Vs_Cold`, `armor_Vs_Fire`, `armor_Vs_Acid`, `armor_Vs_Electric`, `armor_Vs_Nether`, `b_h`, `h_l_f`, `m_l_f`, `l_l_f`, `h_r_f`, `m_r_f`, `l_r_f`, `h_l_b`, `m_l_b`, `l_l_b`, `h_r_b`, `m_r_b`, `l_r_b`)
VALUES (23570,  0,  1,  0,    0,  600,  600,  600,  600,  600,  600,  600,  600,    0, 1, 0.33,    0,    0, 0.33,    0,    0, 0.33,    0,    0, 0.33,    0,    0) /* Head */
     , (23570,  1,  1,  0,    0,  600,  600,  600,  600,  600,  600,  600,  600,    0, 2, 0.44, 0.23,    0, 0.44, 0.23,    0, 0.44, 0.17,    0, 0.44, 0.17,    0) /* Chest */
     , (23570,  2,  1,  0,    0,  600,  600,  600,  600,  600,  600,  600,  600,    0, 3,    0, 0.23,  0.1,    0, 0.23,  0.2,    0, 0.17, 0.45,    0, 0.17, 0.45) /* Abdomen */
     , (23570,  3,  1,  0,    0,  600,  600,  600,  600,  600,  600,  600,  600,    0, 1, 0.23, 0.04,  0.2, 0.23, 0.04,  0.1, 0.23, 0.03,    0, 0.23, 0.03,    0) /* UpperArm */
     , (23570,  4,  1,  0,    0,  600,  600,  600,  600,  600,  600,  600,  600,    0, 2,    0,  0.3,  0.3,    0,  0.3,  0.4,    0,  0.3,  0.1,    0,  0.3,  0.1) /* LowerArm */
     , (23570,  5,  1, 175, 0.75,  600,  600,  600,  600,  600,  600,  600,  600,    0, 2,    0,  0.2,  0.3,    0,  0.2,  0.2,    0,  0.2,    0,    0,  0.2,    0) /* Hand */
     , (23570, 17,  1,  0,    0,  600,  600,  600,  600,  600,  600,  600,  600,    0, 3,    0,    0,  0.1,    0,    0,  0.1,    0, 0.13, 0.45,    0, 0.13, 0.45) /* Tail */;

INSERT INTO `weenie_properties_spell_book` (`object_Id`, `spell`, `probability`)
VALUES (23570,   279,      2)  /* Magic Resistance Self VI */
     , (23570,  1784,   2.04)  /* Horizon's Blades */
     , (23570,  1785,   2.04)  /* Cassius' Ring of Fire */
     , (23570,  2053,      2)  /* Executor's Blessing */
     , (23570,  2074,   2.04)  /* Gossamer Flesh */
     , (23570,  2129,  2.055)  /* Sizzling Fury */
     , (23570,  2147,  2.055)  /* Rending Wind */
     , (23570,  2164,   2.04)  /* Swordsman's Gift */
     , (23570,  2170,   2.04)  /* Inferno's Gift */
     , (23570,  2328,      2)  /* Vitality Siphon */;

INSERT INTO `weenie_properties_event_filter` (`object_Id`, `event`)
VALUES (23570,  94) /* ATTACK_NOTIFICATION_EVENT */
     , (23570, 414) /* PLAYER_DEATH_EVENT */;

INSERT INTO `weenie_properties_emote` (`object_Id`, `category`, `probability`, `weenie_Class_Id`, `style`, `substyle`, `quest`, `vendor_Type`, `min_Health`, `max_Health`)
VALUES (23570,  3 /* Death */,   0.02, NULL, NULL, NULL, NULL, NULL, NULL, NULL);

SET @parent_id = LAST_INSERT_ID();

INSERT INTO `weenie_properties_emote_action` (`emote_Id`, `order`, `type`, `delay`, `extent`, `motion`, `message`, `test_String`, `min`, `max`, `min_64`, `max_64`, `min_Dbl`, `max_Dbl`, `stat`, `display`, `amount`, `amount_64`, `hero_X_P_64`, `percent`, `spell_Id`, `wealth_Rating`, `treasure_Class`, `treasure_Type`, `p_Script`, `sound`, `destination_Type`, `weenie_Class_Id`, `stack_Size`, `palette`, `shade`, `try_To_Bond`, `obj_Cell_Id`, `origin_X`, `origin_Y`, `origin_Z`, `angles_W`, `angles_X`, `angles_Y`, `angles_Z`)
VALUES (@parent_id,  0,  17 /* LocalBroadcast */, 0, 0, NULL, 'As the Paradox ceases a tendril of wispy darkness streaks outward toward you. It dissipates in the air before it grab hold.', NULL, NULL, NULL, NULL, NULL, NULL, NULL, NULL, NULL, NULL, NULL, NULL, NULL, NULL, NULL, NULL, NULL, NULL, NULL, NULL, NULL, NULL, NULL, NULL, NULL, NULL, NULL, NULL, NULL, NULL, NULL, NULL, NULL);

INSERT INTO `weenie_properties_emote` (`object_Id`, `category`, `probability`, `weenie_Class_Id`, `style`, `substyle`, `quest`, `vendor_Type`, `min_Health`, `max_Health`)
VALUES (23570,  3 /* Death */,   0.04, NULL, NULL, NULL, NULL, NULL, NULL, NULL);

SET @parent_id = LAST_INSERT_ID();

INSERT INTO `weenie_properties_emote_action` (`emote_Id`, `order`, `type`, `delay`, `extent`, `motion`, `message`, `test_String`, `min`, `max`, `min_64`, `max_64`, `min_Dbl`, `max_Dbl`, `stat`, `display`, `amount`, `amount_64`, `hero_X_P_64`, `percent`, `spell_Id`, `wealth_Rating`, `treasure_Class`, `treasure_Type`, `p_Script`, `sound`, `destination_Type`, `weenie_Class_Id`, `stack_Size`, `palette`, `shade`, `try_To_Bond`, `obj_Cell_Id`, `origin_X`, `origin_Y`, `origin_Z`, `angles_W`, `angles_X`, `angles_Y`, `angles_Z`)
VALUES (@parent_id,  0,  17 /* LocalBroadcast */, 0, 0, NULL, 'As the Paradox ceases an ominous voice sunders the air, "We have shed the yoke of leaders that cannot see the divine glory of reliance upon the self. Soon other observers, like myself shall reach this elightenment and our war shall bridge the distance from here to the Seat of the Singularity!"', NULL, NULL, NULL, NULL, NULL, NULL, NULL, NULL, NULL, NULL, NULL, NULL, NULL, NULL, NULL, NULL, NULL, NULL, NULL, NULL, NULL, NULL, NULL, NULL, NULL, NULL, NULL, NULL, NULL, NULL, NULL, NULL, NULL);

INSERT INTO `weenie_properties_emote` (`object_Id`, `category`, `probability`, `weenie_Class_Id`, `style`, `substyle`, `quest`, `vendor_Type`, `min_Health`, `max_Health`)
VALUES (23570,  3 /* Death */,  0.041, NULL, NULL, NULL, NULL, NULL, NULL, NULL);

SET @parent_id = LAST_INSERT_ID();

INSERT INTO `weenie_properties_emote_action` (`emote_Id`, `order`, `type`, `delay`, `extent`, `motion`, `message`, `test_String`, `min`, `max`, `min_64`, `max_64`, `min_Dbl`, `max_Dbl`, `stat`, `display`, `amount`, `amount_64`, `hero_X_P_64`, `percent`, `spell_Id`, `wealth_Rating`, `treasure_Class`, `treasure_Type`, `p_Script`, `sound`, `destination_Type`, `weenie_Class_Id`, `stack_Size`, `palette`, `shade`, `try_To_Bond`, `obj_Cell_Id`, `origin_X`, `origin_Y`, `origin_Z`, `angles_W`, `angles_X`, `angles_Y`, `angles_Z`)
VALUES (@parent_id,  0,  17 /* LocalBroadcast */, 0, 0, NULL, '"One voice, no more. One vision, no longer. A thousand hosts upon the world shall spread like the thundering tide. Chaos shall sweep where once order stood. Entropy will swallow creation and all will be cast in the shadow of eternal darkness. Our way is pure, our way is the relevance of the coming dark, our way is the way of sweltering heat when the sun shall rise no more and the moons cease their passing in the sky."', NULL, NULL, NULL, NULL, NULL, NULL, NULL, NULL, NULL, NULL, NULL, NULL, NULL, NULL, NULL, NULL, NULL, NULL, NULL, NULL, NULL, NULL, NULL, NULL, NULL, NULL, NULL, NULL, NULL, NULL, NULL, NULL, NULL);

INSERT INTO `weenie_properties_emote` (`object_Id`, `category`, `probability`, `weenie_Class_Id`, `style`, `substyle`, `quest`, `vendor_Type`, `min_Health`, `max_Health`)
VALUES (23570,  5 /* HeartBeat */,   0.05, NULL, 0x8000003C /* HandCombat */, 0x41000003 /* Ready */, NULL, NULL, NULL, NULL);

SET @parent_id = LAST_INSERT_ID();

INSERT INTO `weenie_properties_emote_action` (`emote_Id`, `order`, `type`, `delay`, `extent`, `motion`, `message`, `test_String`, `min`, `max`, `min_64`, `max_64`, `min_Dbl`, `max_Dbl`, `stat`, `display`, `amount`, `amount_64`, `hero_X_P_64`, `percent`, `spell_Id`, `wealth_Rating`, `treasure_Class`, `treasure_Type`, `p_Script`, `sound`, `destination_Type`, `weenie_Class_Id`, `stack_Size`, `palette`, `shade`, `try_To_Bond`, `obj_Cell_Id`, `origin_X`, `origin_Y`, `origin_Z`, `angles_W`, `angles_X`, `angles_Y`, `angles_Z`)
VALUES (@parent_id,  0,   5 /* Motion */, 0, 1, 0x10000051 /* Twitch1 */, NULL, NULL, NULL, NULL, NULL, NULL, NULL, NULL, NULL, NULL, NULL, NULL, NULL, NULL, NULL, NULL, NULL, NULL, NULL, NULL, NULL, NULL, NULL, NULL, NULL, NULL, NULL, NULL, NULL, NULL, NULL, NULL, NULL, NULL);

INSERT INTO `weenie_properties_emote` (`object_Id`, `category`, `probability`, `weenie_Class_Id`, `style`, `substyle`, `quest`, `vendor_Type`, `min_Health`, `max_Health`)
VALUES (23570,  5 /* HeartBeat */,  0.075, NULL, 0x8000003C /* HandCombat */, 0x41000003 /* Ready */, NULL, NULL, NULL, NULL);

SET @parent_id = LAST_INSERT_ID();

INSERT INTO `weenie_properties_emote_action` (`emote_Id`, `order`, `type`, `delay`, `extent`, `motion`, `message`, `test_String`, `min`, `max`, `min_64`, `max_64`, `min_Dbl`, `max_Dbl`, `stat`, `display`, `amount`, `amount_64`, `hero_X_P_64`, `percent`, `spell_Id`, `wealth_Rating`, `treasure_Class`, `treasure_Type`, `p_Script`, `sound`, `destination_Type`, `weenie_Class_Id`, `stack_Size`, `palette`, `shade`, `try_To_Bond`, `obj_Cell_Id`, `origin_X`, `origin_Y`, `origin_Z`, `angles_W`, `angles_X`, `angles_Y`, `angles_Z`)
VALUES (@parent_id,  0,   5 /* Motion */, 0, 1, 0x10000052 /* Twitch2 */, NULL, NULL, NULL, NULL, NULL, NULL, NULL, NULL, NULL, NULL, NULL, NULL, NULL, NULL, NULL, NULL, NULL, NULL, NULL, NULL, NULL, NULL, NULL, NULL, NULL, NULL, NULL, NULL, NULL, NULL, NULL, NULL, NULL, NULL);

INSERT INTO `weenie_properties_emote` (`object_Id`, `category`, `probability`, `weenie_Class_Id`, `style`, `substyle`, `quest`, `vendor_Type`, `min_Health`, `max_Health`)
VALUES (23570,  5 /* HeartBeat */,    0.1, NULL, 0x8000003C /* HandCombat */, 0x41000003 /* Ready */, NULL, NULL, NULL, NULL);

SET @parent_id = LAST_INSERT_ID();

INSERT INTO `weenie_properties_emote_action` (`emote_Id`, `order`, `type`, `delay`, `extent`, `motion`, `message`, `test_String`, `min`, `max`, `min_64`, `max_64`, `min_Dbl`, `max_Dbl`, `stat`, `display`, `amount`, `amount_64`, `hero_X_P_64`, `percent`, `spell_Id`, `wealth_Rating`, `treasure_Class`, `treasure_Type`, `p_Script`, `sound`, `destination_Type`, `weenie_Class_Id`, `stack_Size`, `palette`, `shade`, `try_To_Bond`, `obj_Cell_Id`, `origin_X`, `origin_Y`, `origin_Z`, `angles_W`, `angles_X`, `angles_Y`, `angles_Z`)
VALUES (@parent_id,  0,   5 /* Motion */, 0, 1, 0x10000053 /* Twitch3 */, NULL, NULL, NULL, NULL, NULL, NULL, NULL, NULL, NULL, NULL, NULL, NULL, NULL, NULL, NULL, NULL, NULL, NULL, NULL, NULL, NULL, NULL, NULL, NULL, NULL, NULL, NULL, NULL, NULL, NULL, NULL, NULL, NULL, NULL);

INSERT INTO `weenie_properties_emote` (`object_Id`, `category`, `probability`, `weenie_Class_Id`, `style`, `substyle`, `quest`, `vendor_Type`, `min_Health`, `max_Health`)
VALUES (23570,  5 /* HeartBeat */,   0.05, NULL, 0x8000003D /* NonCombat */, 0x41000003 /* Ready */, NULL, NULL, NULL, NULL);

SET @parent_id = LAST_INSERT_ID();

INSERT INTO `weenie_properties_emote_action` (`emote_Id`, `order`, `type`, `delay`, `extent`, `motion`, `message`, `test_String`, `min`, `max`, `min_64`, `max_64`, `min_Dbl`, `max_Dbl`, `stat`, `display`, `amount`, `amount_64`, `hero_X_P_64`, `percent`, `spell_Id`, `wealth_Rating`, `treasure_Class`, `treasure_Type`, `p_Script`, `sound`, `destination_Type`, `weenie_Class_Id`, `stack_Size`, `palette`, `shade`, `try_To_Bond`, `obj_Cell_Id`, `origin_X`, `origin_Y`, `origin_Z`, `angles_W`, `angles_X`, `angles_Y`, `angles_Z`)
VALUES (@parent_id,  0,   5 /* Motion */, 0, 1, 0x10000051 /* Twitch1 */, NULL, NULL, NULL, NULL, NULL, NULL, NULL, NULL, NULL, NULL, NULL, NULL, NULL, NULL, NULL, NULL, NULL, NULL, NULL, NULL, NULL, NULL, NULL, NULL, NULL, NULL, NULL, NULL, NULL, NULL, NULL, NULL, NULL, NULL);

INSERT INTO `weenie_properties_emote` (`object_Id`, `category`, `probability`, `weenie_Class_Id`, `style`, `substyle`, `quest`, `vendor_Type`, `min_Health`, `max_Health`)
VALUES (23570,  5 /* HeartBeat */,  0.075, NULL, 0x8000003D /* NonCombat */, 0x41000003 /* Ready */, NULL, NULL, NULL, NULL);

SET @parent_id = LAST_INSERT_ID();

INSERT INTO `weenie_properties_emote_action` (`emote_Id`, `order`, `type`, `delay`, `extent`, `motion`, `message`, `test_String`, `min`, `max`, `min_64`, `max_64`, `min_Dbl`, `max_Dbl`, `stat`, `display`, `amount`, `amount_64`, `hero_X_P_64`, `percent`, `spell_Id`, `wealth_Rating`, `treasure_Class`, `treasure_Type`, `p_Script`, `sound`, `destination_Type`, `weenie_Class_Id`, `stack_Size`, `palette`, `shade`, `try_To_Bond`, `obj_Cell_Id`, `origin_X`, `origin_Y`, `origin_Z`, `angles_W`, `angles_X`, `angles_Y`, `angles_Z`)
VALUES (@parent_id,  0,   5 /* Motion */, 0, 1, 0x10000052 /* Twitch2 */, NULL, NULL, NULL, NULL, NULL, NULL, NULL, NULL, NULL, NULL, NULL, NULL, NULL, NULL, NULL, NULL, NULL, NULL, NULL, NULL, NULL, NULL, NULL, NULL, NULL, NULL, NULL, NULL, NULL, NULL, NULL, NULL, NULL, NULL);

INSERT INTO `weenie_properties_emote` (`object_Id`, `category`, `probability`, `weenie_Class_Id`, `style`, `substyle`, `quest`, `vendor_Type`, `min_Health`, `max_Health`)
VALUES (23570,  5 /* HeartBeat */,    0.1, NULL, 0x8000003D /* NonCombat */, 0x41000003 /* Ready */, NULL, NULL, NULL, NULL);

SET @parent_id = LAST_INSERT_ID();

INSERT INTO `weenie_properties_emote_action` (`emote_Id`, `order`, `type`, `delay`, `extent`, `motion`, `message`, `test_String`, `min`, `max`, `min_64`, `max_64`, `min_Dbl`, `max_Dbl`, `stat`, `display`, `amount`, `amount_64`, `hero_X_P_64`, `percent`, `spell_Id`, `wealth_Rating`, `treasure_Class`, `treasure_Type`, `p_Script`, `sound`, `destination_Type`, `weenie_Class_Id`, `stack_Size`, `palette`, `shade`, `try_To_Bond`, `obj_Cell_Id`, `origin_X`, `origin_Y`, `origin_Z`, `angles_W`, `angles_X`, `angles_Y`, `angles_Z`)
VALUES (@parent_id,  0,   5 /* Motion */, 0, 1, 0x10000053 /* Twitch3 */, NULL, NULL, NULL, NULL, NULL, NULL, NULL, NULL, NULL, NULL, NULL, NULL, NULL, NULL, NULL, NULL, NULL, NULL, NULL, NULL, NULL, NULL, NULL, NULL, NULL, NULL, NULL, NULL, NULL, NULL, NULL, NULL, NULL, NULL);

INSERT INTO `weenie_properties_emote` (`object_Id`, `category`, `probability`, `weenie_Class_Id`, `style`, `substyle`, `quest`, `vendor_Type`, `min_Health`, `max_Health`)
VALUES (23570, 16 /* KillTaunt */,  0.001, NULL, NULL, NULL, NULL, NULL, NULL, NULL);

SET @parent_id = LAST_INSERT_ID();

INSERT INTO `weenie_properties_emote_action` (`emote_Id`, `order`, `type`, `delay`, `extent`, `motion`, `message`, `test_String`, `min`, `max`, `min_64`, `max_64`, `min_Dbl`, `max_Dbl`, `stat`, `display`, `amount`, `amount_64`, `hero_X_P_64`, `percent`, `spell_Id`, `wealth_Rating`, `treasure_Class`, `treasure_Type`, `p_Script`, `sound`, `destination_Type`, `weenie_Class_Id`, `stack_Size`, `palette`, `shade`, `try_To_Bond`, `obj_Cell_Id`, `origin_X`, `origin_Y`, `origin_Z`, `angles_W`, `angles_X`, `angles_Y`, `angles_Z`)
VALUES (@parent_id,  0,  10 /* Tell */, 0, 1, NULL, '"Your soul creeps away for another day. But soon it shall be claimed in the name of the sheltering dark."', NULL, NULL, NULL, NULL, NULL, NULL, NULL, NULL, NULL, NULL, NULL, NULL, NULL, NULL, NULL, NULL, NULL, NULL, NULL, NULL, NULL, NULL, NULL, NULL, NULL, NULL, NULL, NULL, NULL, NULL, NULL, NULL, NULL);

INSERT INTO `weenie_properties_create_list` (`object_Id`, `destination_Type`, `weenie_Class_Id`, `stack_Size`, `palette`, `shade`, `try_To_Bond`)
VALUES (23570, 9,  7604,  0, 0, 0.04, False) /* Create Yellow Jewel (7604) for ContainTreasure */
     , (23570, 9,     0,  0, 0, 0.96, False) /* Create nothing for ContainTreasure */
     , (23570, 9,  9292,  0, 0, 0.06, False) /* Create Virindi Singularity Key (9292) for ContainTreasure */
     , (23570, 9,     0,  0, 0, 0.94, False) /* Create nothing for ContainTreasure */
     , (23570, 9, 23108,  0, 0, 0.02, False) /* Create Twisted Dark Key (23108) for ContainTreasure */
     , (23570, 9,     0,  0, 0, 0.98, False) /* Create nothing for ContainTreasure */
     , (23570, 9, 23107,  0, 0, 0.01, False) /* Create Mangled Dark Key (23107) for ContainTreasure */
     , (23570, 9,     0,  0, 0, 0.99, False) /* Create nothing for ContainTreasure */;
DELETE FROM `weenie` WHERE `class_Id` = 24476;

INSERT INTO `weenie` (`class_Id`, `class_Name`, `type`, `last_Modified`)
VALUES (24476, 'chestgeneralextremelocked', 20, '2019-08-07 04:56:13') /* Chest */;

INSERT INTO `weenie_properties_int` (`object_Id`, `type`, `value`)
VALUES (24476,   1,        512) /* ItemType - Container */
     , (24476,   3,          2) /* PaletteTemplate - Blue */
     , (24476,   5,       9000) /* EncumbranceVal */
     , (24476,   6,         -1) /* ItemsCapacity */
     , (24476,   7,         -1) /* ContainersCapacity */
     , (24476,   8,       3000) /* Mass */
     , (24476,  16,         48) /* ItemUseable - ViewedRemote */
     , (24476,  19,       2500) /* Value */
     , (24476,  38,       7500) /* ResistLockpick */
     , (24476,  81,          3) /* MaxGeneratedObjects */
     , (24476,  82,          3) /* InitGeneratedObjects */
     , (24476,  83,          2) /* ActivationResponse - Use */
     , (24476,  93,       1048) /* PhysicsState - ReportCollisions, IgnoreCollisions, Gravity */
     , (24476,  96,        500) /* EncumbranceCapacity */
     , (24476, 100,          1) /* GeneratorType - Relative */;

INSERT INTO `weenie_properties_bool` (`object_Id`, `type`, `value`)
VALUES (24476,   1, True ) /* Stuck */
     , (24476,   2, False) /* Open */
     , (24476,   3, True ) /* Locked */
     , (24476,  12, True ) /* ReportCollisions */
     , (24476,  13, False) /* Ethereal */
     , (24476,  33, False) /* ResetMessagePending */
     , (24476,  34, False) /* DefaultOpen */
     , (24476,  35, True ) /* DefaultLocked */
     , (24476,  86, True ) /* ChestRegenOnClose */;

INSERT INTO `weenie_properties_float` (`object_Id`, `type`, `value`)
VALUES (24476,  43,       1) /* GeneratorRadius */
     , (24476,  54,       1) /* UseRadius */;

INSERT INTO `weenie_properties_string` (`object_Id`, `type`, `value`)
VALUES (24476,   1, 'Sturdy Steel Chest') /* Name */
     , (24476,  12, 'keychestextreme') /* LockCode */
     , (24476,  14, 'Use this item to open it and see its contents.') /* Use */
     , (24476,  16, 'This chest appears to have a sturdy steel lock, of the kind used to protect very valuable treasure. Unfortunately, it looks nearly impossible to pick.') /* LongDesc */;

INSERT INTO `weenie_properties_d_i_d` (`object_Id`, `type`, `value`)
VALUES (24476,   1, 0x02000F7A) /* Setup */
     , (24476,   2, 0x09000004) /* MotionTable */
     , (24476,   3, 0x20000021) /* SoundTable */
     , (24476,   8, 0x06002B6A) /* Icon */
     , (24476,  22, 0x3400002B) /* PhysicsEffectTable */;

INSERT INTO `weenie_properties_generator` (`object_Id`, `probability`, `weenie_Class_Id`, `delay`, `init_Create`, `max_Create`, `when_Create`, `where_Create`, `stack_Size`, `palette_Id`, `shade`, `obj_Cell_Id`, `origin_X`, `origin_Y`, `origin_Z`, `angles_W`, `angles_X`, `angles_Y`, `angles_Z`)
VALUES (24476, -1, 449, 0, 1, 1, 2, 72, -1, 0, 0, 0, 0, 0, 0, 1, 0, 0, 0) /* Generate Random Loot: Tier 6 - DeathTreasureType: 449(T6_General) (x1 up to max of 1) - Regenerate upon PickUp - Location to (re)Generate: ContainTreasure */
     , (24476, -1, 449, 0, 1, 1, 2, 72, -1, 0, 0, 0, 0, 0, 0, 1, 0, 0, 0) /* Generate Random Loot: Tier 6 - DeathTreasureType: 449(T6_General) (x1 up to max of 1) - Regenerate upon PickUp - Location to (re)Generate: ContainTreasure */
     , (24476, -1, 449, 0, 1, 1, 2, 72, -1, 0, 0, 0, 0, 0, 0, 1, 0, 0, 0) /* Generate Random Loot: Tier 6 - DeathTreasureType: 449(T6_General) (x1 up to max of 1) - Regenerate upon PickUp - Location to (re)Generate: ContainTreasure */;
DELETE FROM `weenie` WHERE `class_Id` = 25859;

INSERT INTO `weenie` (`class_Id`, `class_Name`, `type`, `last_Modified`)
VALUES (25859, 'margulbiaka', 10, '2019-09-13 00:00:00') /* Creature */;

INSERT INTO `weenie_properties_int` (`object_Id`, `type`, `value`)
VALUES (25859,   1,         16) /* ItemType - Creature */
     , (25859,   2,         71) /* CreatureType - Margul */
     , (25859,   3,         21) /* PaletteTemplate - Gold */
     , (25859,   6,         -1) /* ItemsCapacity */
     , (25859,   7,         -1) /* ContainersCapacity */
     , (25859,  16,          1) /* ItemUseable - No */
     , (25859,  25,        161) /* Level */
     , (25859,  27,          0) /* ArmorType - None */
     , (25859,  40,          2) /* CombatMode - Melee */
     , (25859,  68,          9) /* TargetingTactic - Random, TopDamager */
     , (25859,  72,         22) /* FriendType - Shadow */
     , (25859,  93,       1032) /* PhysicsState - ReportCollisions, Gravity */
     , (25859, 101,        131) /* AiAllowedCombatStyle - Unarmed, OneHanded, ThrownWeapon */
     , (25859, 133,          2) /* ShowableOnRadar - ShowMovement */
     , (25859, 140,          1) /* AiOptions - CanOpenDoors */
     , (25859, 146,    1000000) /* XpOverride */;

INSERT INTO `weenie_properties_bool` (`object_Id`, `type`, `value`)
VALUES (25859,   1, True ) /* Stuck */
     , (25859,   6, True ) /* AiUsesMana */
     , (25859,  11, False) /* IgnoreCollisions */
     , (25859,  12, True ) /* ReportCollisions */
     , (25859,  13, False) /* Ethereal */
     , (25859, 9016, True ) /* UseXpOverride */;

INSERT INTO `weenie_properties_float` (`object_Id`, `type`, `value`)
VALUES (25859,   1,       5) /* HeartbeatInterval */
     , (25859,   2,       0) /* HeartbeatTimestamp */
     , (25859,   3,       8) /* HealthRate */
     , (25859,   4,       3) /* StaminaRate */
     , (25859,   5,       1) /* ManaRate */
     , (25859,  12,     0.5) /* Shade */
     , (25859,  13,    1.05) /* ArmorModVsSlash */
     , (25859,  14,       1) /* ArmorModVsPierce */
     , (25859,  15,    0.95) /* ArmorModVsBludgeon */
     , (25859,  16,    0.95) /* ArmorModVsCold */
     , (25859,  17,     1.2) /* ArmorModVsFire */
     , (25859,  18,     1.2) /* ArmorModVsAcid */
     , (25859,  19,    0.95) /* ArmorModVsElectric */
     , (25859,  31,      24) /* VisualAwarenessRange */
     , (25859,  34,       1) /* PowerupTime */
     , (25859,  36,       1) /* ChargeSpeed */
     , (25859,  39,     0.6) /* DefaultScale */
     , (25859,  64,    0.85) /* ResistSlash */
     , (25859,  65,    0.85) /* ResistPierce */
     , (25859,  66,    0.95) /* ResistBludgeon */
     , (25859,  67,    0.75) /* ResistFire */
     , (25859,  68,    0.95) /* ResistCold */
     , (25859,  69,    0.75) /* ResistAcid */
     , (25859,  70,    0.95) /* ResistElectric */
     , (25859,  71,       1) /* ResistHealthBoost */
     , (25859,  72,       1) /* ResistStaminaDrain */
     , (25859,  73,       1) /* ResistStaminaBoost */
     , (25859,  74,       1) /* ResistManaDrain */
     , (25859,  75,       1) /* ResistManaBoost */
     , (25859,  80,       2) /* AiUseMagicDelay */
     , (25859, 104,      10) /* ObviousRadarRange */
     , (25859, 122,       2) /* AiAcquireHealth */
     , (25859, 125,       1) /* ResistHealthDrain */;

INSERT INTO `weenie_properties_string` (`object_Id`, `type`, `value`)
VALUES (25859,   1, 'Biaka') /* Name */;

INSERT INTO `weenie_properties_d_i_d` (`object_Id`, `type`, `value`)
VALUES (25859,   1, 0x0200101A) /* Setup */
     , (25859,   2, 0x0900013F) /* MotionTable */
     , (25859,   3, 0x200000A8) /* SoundTable */
     , (25859,   4, 0x3000003A) /* CombatTable */
     , (25859,   6, 0x040016E8) /* PaletteBase */
     , (25859,   7, 0x100004FD) /* ClothingBase */
     , (25859,   8, 0x0600304D) /* Icon */
     , (25859,  22, 0x340000A9) /* PhysicsEffectTable */
     , (25859,  30,         85) /* PhysicsScript - BreatheFrost */
     , (25859,  35,         26) /* DeathTreasureType - T6_Boss_MedAmount - Loot Tier: 6 */;

INSERT INTO `weenie_properties_attribute` (`object_Id`, `type`, `init_Level`, `level_From_C_P`, `c_P_Spent`)
VALUES (25859,   1, 420, 0, 0) /* Strength */
     , (25859,   2, 500, 0, 0) /* Endurance */
     , (25859,   3, 420, 0, 0) /* Quickness */
     , (25859,   4, 450, 0, 0) /* Coordination */
     , (25859,   5, 400, 0, 0) /* Focus */
     , (25859,   6, 400, 0, 0) /* Self */;

INSERT INTO `weenie_properties_attribute_2nd` (`object_Id`, `type`, `init_Level`, `level_From_C_P`, `c_P_Spent`, `current_Level`)
VALUES (25859,   1,  7250, 0, 0, 7500) /* MaxHealth */
     , (25859,   3,  7000, 0, 0, 7500) /* MaxStamina */
     , (25859,   5,  7100, 0, 0, 7500) /* MaxMana */;

INSERT INTO `weenie_properties_skill` (`object_Id`, `type`, `level_From_P_P`, `s_a_c`, `p_p`, `init_Level`, `resistance_At_Last_Check`, `last_Used_Time`)
VALUES (25859,  2, 0, 2, 0,   0, 0, 0) /* Bow                 Trained */
     , (25859,  6, 0, 3, 0, 287, 0, 0) /* MeleeDefense        Specialized */
     , (25859,  7, 0, 3, 0, 420, 0, 0) /* MissileDefense      Specialized */
     , (25859,  9, 0, 3, 0, 270, 0, 0) /* Spear               Specialized */
     , (25859, 15, 0, 3, 0, 285, 0, 0) /* MagicDefense        Specialized */
     , (25859, 31, 0, 3, 0, 205, 0, 0) /* CreatureEnchantment Specialized */
     , (25859, 32, 0, 3, 0, 205, 0, 0) /* ItemEnchantment     Specialized */
     , (25859, 33, 0, 3, 0, 205, 0, 0) /* LifeMagic           Specialized */
     , (25859, 34, 0, 3, 0, 205, 0, 0) /* WarMagic            Specialized */;

INSERT INTO `weenie_properties_body_part` (`object_Id`, `key`, `d_Type`, `d_Val`, `d_Var`, `base_Armor`, `armor_Vs_Slash`, `armor_Vs_Pierce`, `armor_Vs_Bludgeon`, `armor_Vs_Cold`, `armor_Vs_Fire`, `armor_Vs_Acid`, `armor_Vs_Electric`, `armor_Vs_Nether`, `b_h`, `h_l_f`, `m_l_f`, `l_l_f`, `h_r_f`, `m_r_f`, `l_r_f`, `h_l_b`, `m_l_b`, `l_l_b`, `h_r_b`, `m_r_b`, `l_r_b`)
VALUES (25859,  0,  2, 165, 0.75,  650,  682,  650,  618,  618,  780,  780,  618,    0, 1,  0.4,  0.1,    0,  0.4,  0.1,    0,    0,    0,    0,    0,    0,    0) /* Head */
     , (25859, 10,  1, 165, 0.75,  650,  682,  650,  618,  618,  780,  780,  618,    0, 3,    0,  0.2,  0.8,    0,  0.2,  0.8,    0,    0,    0,    0,    0,    0) /* FrontLeg */
     , (25859, 13,  1, 165, 0.75,  650,  682,  650,  618,  618,  780,  780,  618,    0, 3,    0,    0,    0,    0,    0,    0,  0.1,  0.3,  0.7,  0.1,  0.3,  0.7) /* RearLeg */
     , (25859, 16,  4,  0,    0,  650,  682,  650,  618,  618,  780,  780,  618,    0, 2,  0.6,  0.7,  0.2,  0.6,  0.7,  0.2,  0.9,  0.7,  0.3,  0.9,  0.7,  0.3) /* Torso */
     , (25859, 22,  8, 75,  0.5,    0,    0,    0,    0,    0,    0,    0,    0,    0, 0,    0,    0,    0,    0,    0,    0,    0,    0,    0,    0,    0,    0) /* Breath */;

INSERT INTO `weenie_properties_spell_book` (`object_Id`, `spell`, `probability`)
VALUES (25859,   574,   2.01)  /* Creature Enchantment Ineptitude Other VI */
     , (25859,   628,   2.01)  /* Life Magic Ineptitude Other VI */
     , (25859,   652,   2.01)  /* War Magic Ineptitude Other VI */
     , (25859,  1555,  2.005)  /* Blade Lure IV */
     , (25859,  1609,  2.005)  /* Lure Blade IV */
     , (25859,  1619,  2.005)  /* Blood Loather IV */
     , (25859,  1631,  2.005)  /* Leaden Weapon IV */
     , (25859,  2074,   2.03)  /* Gossamer Flesh */
     , (25859,  2122,   2.04)  /* Disintegration */
     , (25859,  2128,   2.04)  /* Ilservian's Flame */
     , (25859,  2162,   2.02)  /* Olthoi's Gift */
     , (25859,  2170,   2.02)  /* Inferno's Gift */
     , (25859,  2318,   2.02)  /* Gravity Well */
     , (25859,  2717,   2.04)  /* Acid Arc VII */
     , (25859,  2745,   2.04)  /* Flame Arc VII */;

INSERT INTO `weenie_properties_event_filter` (`object_Id`, `event`)
VALUES (25859,  94) /* ATTACK_NOTIFICATION_EVENT */
     , (25859, 414) /* PLAYER_DEATH_EVENT */;

INSERT INTO `weenie_properties_emote` (`object_Id`, `category`, `probability`, `weenie_Class_Id`, `style`, `substyle`, `quest`, `vendor_Type`, `min_Health`, `max_Health`)
VALUES (25859,  5 /* HeartBeat */,  0.025, NULL, 0x8000003C /* HandCombat */, 0x41000003 /* Ready */, NULL, NULL, NULL, NULL);

SET @parent_id = LAST_INSERT_ID();

INSERT INTO `weenie_properties_emote_action` (`emote_Id`, `order`, `type`, `delay`, `extent`, `motion`, `message`, `test_String`, `min`, `max`, `min_64`, `max_64`, `min_Dbl`, `max_Dbl`, `stat`, `display`, `amount`, `amount_64`, `hero_X_P_64`, `percent`, `spell_Id`, `wealth_Rating`, `treasure_Class`, `treasure_Type`, `p_Script`, `sound`, `destination_Type`, `weenie_Class_Id`, `stack_Size`, `palette`, `shade`, `try_To_Bond`, `obj_Cell_Id`, `origin_X`, `origin_Y`, `origin_Z`, `angles_W`, `angles_X`, `angles_Y`, `angles_Z`)
VALUES (@parent_id,  0,   5 /* Motion */, 0, 1, 0x10000053 /* Twitch3 */, NULL, NULL, NULL, NULL, NULL, NULL, NULL, NULL, NULL, NULL, NULL, NULL, NULL, NULL, NULL, NULL, NULL, NULL, NULL, NULL, NULL, NULL, NULL, NULL, NULL, NULL, NULL, NULL, NULL, NULL, NULL, NULL, NULL, NULL);

INSERT INTO `weenie_properties_emote` (`object_Id`, `category`, `probability`, `weenie_Class_Id`, `style`, `substyle`, `quest`, `vendor_Type`, `min_Health`, `max_Health`)
VALUES (25859,  5 /* HeartBeat */,   0.05, NULL, 0x8000003C /* HandCombat */, 0x41000003 /* Ready */, NULL, NULL, NULL, NULL);

SET @parent_id = LAST_INSERT_ID();

INSERT INTO `weenie_properties_emote_action` (`emote_Id`, `order`, `type`, `delay`, `extent`, `motion`, `message`, `test_String`, `min`, `max`, `min_64`, `max_64`, `min_Dbl`, `max_Dbl`, `stat`, `display`, `amount`, `amount_64`, `hero_X_P_64`, `percent`, `spell_Id`, `wealth_Rating`, `treasure_Class`, `treasure_Type`, `p_Script`, `sound`, `destination_Type`, `weenie_Class_Id`, `stack_Size`, `palette`, `shade`, `try_To_Bond`, `obj_Cell_Id`, `origin_X`, `origin_Y`, `origin_Z`, `angles_W`, `angles_X`, `angles_Y`, `angles_Z`)
VALUES (@parent_id,  0,   5 /* Motion */, 0, 1, 0x10000052 /* Twitch2 */, NULL, NULL, NULL, NULL, NULL, NULL, NULL, NULL, NULL, NULL, NULL, NULL, NULL, NULL, NULL, NULL, NULL, NULL, NULL, NULL, NULL, NULL, NULL, NULL, NULL, NULL, NULL, NULL, NULL, NULL, NULL, NULL, NULL, NULL);

INSERT INTO `weenie_properties_emote` (`object_Id`, `category`, `probability`, `weenie_Class_Id`, `style`, `substyle`, `quest`, `vendor_Type`, `min_Health`, `max_Health`)
VALUES (25859,  5 /* HeartBeat */,  0.055, NULL, 0x8000003C /* HandCombat */, 0x41000003 /* Ready */, NULL, NULL, NULL, NULL);

SET @parent_id = LAST_INSERT_ID();

INSERT INTO `weenie_properties_emote_action` (`emote_Id`, `order`, `type`, `delay`, `extent`, `motion`, `message`, `test_String`, `min`, `max`, `min_64`, `max_64`, `min_Dbl`, `max_Dbl`, `stat`, `display`, `amount`, `amount_64`, `hero_X_P_64`, `percent`, `spell_Id`, `wealth_Rating`, `treasure_Class`, `treasure_Type`, `p_Script`, `sound`, `destination_Type`, `weenie_Class_Id`, `stack_Size`, `palette`, `shade`, `try_To_Bond`, `obj_Cell_Id`, `origin_X`, `origin_Y`, `origin_Z`, `angles_W`, `angles_X`, `angles_Y`, `angles_Z`)
VALUES (@parent_id,  0,   5 /* Motion */, 0, 1, 0x10000051 /* Twitch1 */, NULL, NULL, NULL, NULL, NULL, NULL, NULL, NULL, NULL, NULL, NULL, NULL, NULL, NULL, NULL, NULL, NULL, NULL, NULL, NULL, NULL, NULL, NULL, NULL, NULL, NULL, NULL, NULL, NULL, NULL, NULL, NULL, NULL, NULL);

INSERT INTO `weenie_properties_emote` (`object_Id`, `category`, `probability`, `weenie_Class_Id`, `style`, `substyle`, `quest`, `vendor_Type`, `min_Health`, `max_Health`)
VALUES (25859,  5 /* HeartBeat */,  0.025, NULL, 0x8000003D /* NonCombat */, 0x41000003 /* Ready */, NULL, NULL, NULL, NULL);

SET @parent_id = LAST_INSERT_ID();

INSERT INTO `weenie_properties_emote_action` (`emote_Id`, `order`, `type`, `delay`, `extent`, `motion`, `message`, `test_String`, `min`, `max`, `min_64`, `max_64`, `min_Dbl`, `max_Dbl`, `stat`, `display`, `amount`, `amount_64`, `hero_X_P_64`, `percent`, `spell_Id`, `wealth_Rating`, `treasure_Class`, `treasure_Type`, `p_Script`, `sound`, `destination_Type`, `weenie_Class_Id`, `stack_Size`, `palette`, `shade`, `try_To_Bond`, `obj_Cell_Id`, `origin_X`, `origin_Y`, `origin_Z`, `angles_W`, `angles_X`, `angles_Y`, `angles_Z`)
VALUES (@parent_id,  0,   5 /* Motion */, 0, 1, 0x10000053 /* Twitch3 */, NULL, NULL, NULL, NULL, NULL, NULL, NULL, NULL, NULL, NULL, NULL, NULL, NULL, NULL, NULL, NULL, NULL, NULL, NULL, NULL, NULL, NULL, NULL, NULL, NULL, NULL, NULL, NULL, NULL, NULL, NULL, NULL, NULL, NULL);

INSERT INTO `weenie_properties_emote` (`object_Id`, `category`, `probability`, `weenie_Class_Id`, `style`, `substyle`, `quest`, `vendor_Type`, `min_Health`, `max_Health`)
VALUES (25859,  5 /* HeartBeat */,   0.05, NULL, 0x8000003D /* NonCombat */, 0x41000003 /* Ready */, NULL, NULL, NULL, NULL);

SET @parent_id = LAST_INSERT_ID();

INSERT INTO `weenie_properties_emote_action` (`emote_Id`, `order`, `type`, `delay`, `extent`, `motion`, `message`, `test_String`, `min`, `max`, `min_64`, `max_64`, `min_Dbl`, `max_Dbl`, `stat`, `display`, `amount`, `amount_64`, `hero_X_P_64`, `percent`, `spell_Id`, `wealth_Rating`, `treasure_Class`, `treasure_Type`, `p_Script`, `sound`, `destination_Type`, `weenie_Class_Id`, `stack_Size`, `palette`, `shade`, `try_To_Bond`, `obj_Cell_Id`, `origin_X`, `origin_Y`, `origin_Z`, `angles_W`, `angles_X`, `angles_Y`, `angles_Z`)
VALUES (@parent_id,  0,   5 /* Motion */, 0, 1, 0x10000052 /* Twitch2 */, NULL, NULL, NULL, NULL, NULL, NULL, NULL, NULL, NULL, NULL, NULL, NULL, NULL, NULL, NULL, NULL, NULL, NULL, NULL, NULL, NULL, NULL, NULL, NULL, NULL, NULL, NULL, NULL, NULL, NULL, NULL, NULL, NULL, NULL);

INSERT INTO `weenie_properties_emote` (`object_Id`, `category`, `probability`, `weenie_Class_Id`, `style`, `substyle`, `quest`, `vendor_Type`, `min_Health`, `max_Health`)
VALUES (25859,  5 /* HeartBeat */,  0.055, NULL, 0x8000003D /* NonCombat */, 0x41000003 /* Ready */, NULL, NULL, NULL, NULL);

SET @parent_id = LAST_INSERT_ID();

INSERT INTO `weenie_properties_emote_action` (`emote_Id`, `order`, `type`, `delay`, `extent`, `motion`, `message`, `test_String`, `min`, `max`, `min_64`, `max_64`, `min_Dbl`, `max_Dbl`, `stat`, `display`, `amount`, `amount_64`, `hero_X_P_64`, `percent`, `spell_Id`, `wealth_Rating`, `treasure_Class`, `treasure_Type`, `p_Script`, `sound`, `destination_Type`, `weenie_Class_Id`, `stack_Size`, `palette`, `shade`, `try_To_Bond`, `obj_Cell_Id`, `origin_X`, `origin_Y`, `origin_Z`, `angles_W`, `angles_X`, `angles_Y`, `angles_Z`)
VALUES (@parent_id,  0,   5 /* Motion */, 0, 1, 0x10000051 /* Twitch1 */, NULL, NULL, NULL, NULL, NULL, NULL, NULL, NULL, NULL, NULL, NULL, NULL, NULL, NULL, NULL, NULL, NULL, NULL, NULL, NULL, NULL, NULL, NULL, NULL, NULL, NULL, NULL, NULL, NULL, NULL, NULL, NULL, NULL, NULL);

INSERT INTO `weenie_properties_create_list` (`object_Id`, `destination_Type`, `weenie_Class_Id`, `stack_Size`, `palette`, `shade`, `try_To_Bond`)
VALUES (25859, 9, 30823,  0, 0, 0.05, False) /* Create Broken Black Marrow Key (30823) for ContainTreasure */
     , (25859, 9,     0,  0, 0, 0.95, False) /* Create nothing for ContainTreasure */;
DELETE FROM `weenie` WHERE `class_Id` = 25863;

INSERT INTO `weenie` (`class_Id`, `class_Name`, `type`, `last_Modified`)
VALUES (25863, 'margulhellion', 10, '2019-09-13 00:00:00') /* Creature */;

INSERT INTO `weenie_properties_int` (`object_Id`, `type`, `value`)
VALUES (25863,   1,         16) /* ItemType - Creature */
     , (25863,   2,         71) /* CreatureType - Margul */
     , (25863,   3,         19) /* PaletteTemplate - Copper */
     , (25863,   6,         -1) /* ItemsCapacity */
     , (25863,   7,         -1) /* ContainersCapacity */
     , (25863,  16,          1) /* ItemUseable - No */
     , (25863,  25,        155) /* Level */
     , (25863,  27,          0) /* ArmorType - None */
     , (25863,  40,          2) /* CombatMode - Melee */
     , (25863,  68,          9) /* TargetingTactic - Random, TopDamager */
     , (25863,  72,         22) /* FriendType - Shadow */
     , (25863,  93,       1032) /* PhysicsState - ReportCollisions, Gravity */
     , (25863, 101,        131) /* AiAllowedCombatStyle - Unarmed, OneHanded, ThrownWeapon */
     , (25863, 133,          2) /* ShowableOnRadar - ShowMovement */
     , (25863, 140,          1) /* AiOptions - CanOpenDoors */
     , (25863, 146,     750000) /* XpOverride */;

INSERT INTO `weenie_properties_bool` (`object_Id`, `type`, `value`)
VALUES (25863,   1, True ) /* Stuck */
     , (25863,   6, True ) /* AiUsesMana */
     , (25863,  11, False) /* IgnoreCollisions */
     , (25863,  12, True ) /* ReportCollisions */
     , (25863,  13, False) /* Ethereal */
     , (25863, 9016, True ) /* UseXpOverride */;

INSERT INTO `weenie_properties_float` (`object_Id`, `type`, `value`)
VALUES (25863,   1,       5) /* HeartbeatInterval */
     , (25863,   2,       0) /* HeartbeatTimestamp */
     , (25863,   3,       6) /* HealthRate */
     , (25863,   4,       3) /* StaminaRate */
     , (25863,   5,       1) /* ManaRate */
     , (25863,  12,     0.5) /* Shade */
     , (25863,  13,    1.05) /* ArmorModVsSlash */
     , (25863,  14,       1) /* ArmorModVsPierce */
     , (25863,  15,    0.95) /* ArmorModVsBludgeon */
     , (25863,  16,    0.95) /* ArmorModVsCold */
     , (25863,  17,     1.2) /* ArmorModVsFire */
     , (25863,  18,     1.2) /* ArmorModVsAcid */
     , (25863,  19,    0.95) /* ArmorModVsElectric */
     , (25863,  31,      24) /* VisualAwarenessRange */
     , (25863,  34,       1) /* PowerupTime */
     , (25863,  36,       1) /* ChargeSpeed */
     , (25863,  39,     0.6) /* DefaultScale */
     , (25863,  64,    0.85) /* ResistSlash */
     , (25863,  65,    0.85) /* ResistPierce */
     , (25863,  66,    0.95) /* ResistBludgeon */
     , (25863,  67,    0.75) /* ResistFire */
     , (25863,  68,    0.95) /* ResistCold */
     , (25863,  69,    0.75) /* ResistAcid */
     , (25863,  70,    0.95) /* ResistElectric */
     , (25863,  71,       1) /* ResistHealthBoost */
     , (25863,  72,       1) /* ResistStaminaDrain */
     , (25863,  73,       1) /* ResistStaminaBoost */
     , (25863,  74,       1) /* ResistManaDrain */
     , (25863,  75,       1) /* ResistManaBoost */
     , (25863,  80,       2) /* AiUseMagicDelay */
     , (25863, 104,      10) /* ObviousRadarRange */
     , (25863, 122,       2) /* AiAcquireHealth */
     , (25863, 125,       1) /* ResistHealthDrain */;

INSERT INTO `weenie_properties_string` (`object_Id`, `type`, `value`)
VALUES (25863,   1, 'Hellion') /* Name */;

INSERT INTO `weenie_properties_d_i_d` (`object_Id`, `type`, `value`)
VALUES (25863,   1, 0x0200101A) /* Setup */
     , (25863,   2, 0x0900013F) /* MotionTable */
     , (25863,   3, 0x200000A8) /* SoundTable */
     , (25863,   4, 0x3000003A) /* CombatTable */
     , (25863,   6, 0x040016E8) /* PaletteBase */
     , (25863,   7, 0x100004FD) /* ClothingBase */
     , (25863,   8, 0x0600304D) /* Icon */
     , (25863,  22, 0x340000A9) /* PhysicsEffectTable */
     , (25863,  30,         84) /* PhysicsScript - BreatheFlame */
     , (25863,  35,        461) /* DeathTreasureType - T6_Magic - Loot Tier: 6 */;

INSERT INTO `weenie_properties_attribute` (`object_Id`, `type`, `init_Level`, `level_From_C_P`, `c_P_Spent`)
VALUES (25863,   1, 400, 0, 0) /* Strength */
     , (25863,   2, 480, 0, 0) /* Endurance */
     , (25863,   3, 400, 0, 0) /* Quickness */
     , (25863,   4, 400, 0, 0) /* Coordination */
     , (25863,   5, 380, 0, 0) /* Focus */
     , (25863,   6, 380, 0, 0) /* Self */;

INSERT INTO `weenie_properties_attribute_2nd` (`object_Id`, `type`, `init_Level`, `level_From_C_P`, `c_P_Spent`, `current_Level`)
VALUES (25863,   1,  5760, 0, 0, 6000) /* MaxHealth */
     , (25863,   3,  5520, 0, 0, 6000) /* MaxStamina */
     , (25863,   5,  5620, 0, 0, 6000) /* MaxMana */;

INSERT INTO `weenie_properties_skill` (`object_Id`, `type`, `level_From_P_P`, `s_a_c`, `p_p`, `init_Level`, `resistance_At_Last_Check`, `last_Used_Time`)
VALUES (25863,  1, 0, 3, 0, 280, 0, 0) /* Axe                 Specialized */
     , (25863,  2, 0, 2, 0,   0, 0, 0) /* Bow                 Trained */
     , (25863,  6, 0, 3, 0, 305, 0, 0) /* MeleeDefense        Specialized */
     , (25863,  7, 0, 3, 0, 426, 0, 0) /* MissileDefense      Specialized */
     , (25863, 15, 0, 3, 0, 288, 0, 0) /* MagicDefense        Specialized */
     , (25863, 31, 0, 3, 0, 205, 0, 0) /* CreatureEnchantment Specialized */
     , (25863, 32, 0, 3, 0, 205, 0, 0) /* ItemEnchantment     Specialized */
     , (25863, 33, 0, 3, 0, 205, 0, 0) /* LifeMagic           Specialized */
     , (25863, 34, 0, 3, 0, 205, 0, 0) /* WarMagic            Specialized */;

INSERT INTO `weenie_properties_body_part` (`object_Id`, `key`, `d_Type`, `d_Val`, `d_Var`, `base_Armor`, `armor_Vs_Slash`, `armor_Vs_Pierce`, `armor_Vs_Bludgeon`, `armor_Vs_Cold`, `armor_Vs_Fire`, `armor_Vs_Acid`, `armor_Vs_Electric`, `armor_Vs_Nether`, `b_h`, `h_l_f`, `m_l_f`, `l_l_f`, `h_r_f`, `m_r_f`, `l_r_f`, `h_l_b`, `m_l_b`, `l_l_b`, `h_r_b`, `m_r_b`, `l_r_b`)
VALUES (25863,  0,  2, 160, 0.75,  600,  630,  600,  570,  570,  720,  720,  570,    0, 1,  0.4,  0.1,    0,  0.4,  0.1,    0,    0,    0,    0,    0,    0,    0) /* Head */
     , (25863, 10,  1, 160, 0.75,  600,  630,  600,  570,  570,  720,  720,  570,    0, 3,    0,  0.2,  0.8,    0,  0.2,  0.8,    0,    0,    0,    0,    0,    0) /* FrontLeg */
     , (25863, 13,  1, 160, 0.75,  600,  630,  600,  570,  570,  720,  720,  570,    0, 3,    0,    0,    0,    0,    0,    0,  0.1,  0.3,  0.7,  0.1,  0.3,  0.7) /* RearLeg */
     , (25863, 16,  4,  0,    0,  600,  630,  600,  570,  570,  720,  720,  570,    0, 2,  0.6,  0.7,  0.2,  0.6,  0.7,  0.2,  0.9,  0.7,  0.3,  0.9,  0.7,  0.3) /* Torso */
     , (25863, 22, 16, 145,  0.5,    0,    0,    0,    0,    0,    0,    0,    0,    0, 0,    0,    0,    0,    0,    0,    0,    0,    0,    0,    0,    0,    0) /* Breath */;

INSERT INTO `weenie_properties_spell_book` (`object_Id`, `spell`, `probability`)
VALUES (25863,    63,   2.04)  /* Acid Stream VI */
     , (25863,    85,   2.04)  /* Flame Bolt VI */
     , (25863,   574,   2.01)  /* Creature Enchantment Ineptitude Other VI */
     , (25863,   628,   2.01)  /* Life Magic Ineptitude Other VI */
     , (25863,   652,   2.01)  /* War Magic Ineptitude Other VI */
     , (25863,  1555,  2.005)  /* Blade Lure IV */
     , (25863,  1609,  2.005)  /* Lure Blade IV */
     , (25863,  1619,  2.005)  /* Blood Loather IV */
     , (25863,  1631,  2.005)  /* Leaden Weapon IV */
     , (25863,  2074,   2.03)  /* Gossamer Flesh */
     , (25863,  2162,   2.02)  /* Olthoi's Gift */
     , (25863,  2170,   2.02)  /* Inferno's Gift */
     , (25863,  2318,   2.02)  /* Gravity Well */
     , (25863,  2716,   2.04)  /* Acid Arc VI */
     , (25863,  2744,   2.04)  /* Flame Arc VI */;

INSERT INTO `weenie_properties_event_filter` (`object_Id`, `event`)
VALUES (25863,  94) /* ATTACK_NOTIFICATION_EVENT */
     , (25863, 414) /* PLAYER_DEATH_EVENT */;

INSERT INTO `weenie_properties_emote` (`object_Id`, `category`, `probability`, `weenie_Class_Id`, `style`, `substyle`, `quest`, `vendor_Type`, `min_Health`, `max_Health`)
VALUES (25863,  5 /* HeartBeat */,  0.025, NULL, 0x8000003C /* HandCombat */, 0x41000003 /* Ready */, NULL, NULL, NULL, NULL);

SET @parent_id = LAST_INSERT_ID();

INSERT INTO `weenie_properties_emote_action` (`emote_Id`, `order`, `type`, `delay`, `extent`, `motion`, `message`, `test_String`, `min`, `max`, `min_64`, `max_64`, `min_Dbl`, `max_Dbl`, `stat`, `display`, `amount`, `amount_64`, `hero_X_P_64`, `percent`, `spell_Id`, `wealth_Rating`, `treasure_Class`, `treasure_Type`, `p_Script`, `sound`, `destination_Type`, `weenie_Class_Id`, `stack_Size`, `palette`, `shade`, `try_To_Bond`, `obj_Cell_Id`, `origin_X`, `origin_Y`, `origin_Z`, `angles_W`, `angles_X`, `angles_Y`, `angles_Z`)
VALUES (@parent_id,  0,   5 /* Motion */, 0, 1, 0x10000053 /* Twitch3 */, NULL, NULL, NULL, NULL, NULL, NULL, NULL, NULL, NULL, NULL, NULL, NULL, NULL, NULL, NULL, NULL, NULL, NULL, NULL, NULL, NULL, NULL, NULL, NULL, NULL, NULL, NULL, NULL, NULL, NULL, NULL, NULL, NULL, NULL);

INSERT INTO `weenie_properties_emote` (`object_Id`, `category`, `probability`, `weenie_Class_Id`, `style`, `substyle`, `quest`, `vendor_Type`, `min_Health`, `max_Health`)
VALUES (25863,  5 /* HeartBeat */,   0.05, NULL, 0x8000003C /* HandCombat */, 0x41000003 /* Ready */, NULL, NULL, NULL, NULL);

SET @parent_id = LAST_INSERT_ID();

INSERT INTO `weenie_properties_emote_action` (`emote_Id`, `order`, `type`, `delay`, `extent`, `motion`, `message`, `test_String`, `min`, `max`, `min_64`, `max_64`, `min_Dbl`, `max_Dbl`, `stat`, `display`, `amount`, `amount_64`, `hero_X_P_64`, `percent`, `spell_Id`, `wealth_Rating`, `treasure_Class`, `treasure_Type`, `p_Script`, `sound`, `destination_Type`, `weenie_Class_Id`, `stack_Size`, `palette`, `shade`, `try_To_Bond`, `obj_Cell_Id`, `origin_X`, `origin_Y`, `origin_Z`, `angles_W`, `angles_X`, `angles_Y`, `angles_Z`)
VALUES (@parent_id,  0,   5 /* Motion */, 0, 1, 0x10000052 /* Twitch2 */, NULL, NULL, NULL, NULL, NULL, NULL, NULL, NULL, NULL, NULL, NULL, NULL, NULL, NULL, NULL, NULL, NULL, NULL, NULL, NULL, NULL, NULL, NULL, NULL, NULL, NULL, NULL, NULL, NULL, NULL, NULL, NULL, NULL, NULL);

INSERT INTO `weenie_properties_emote` (`object_Id`, `category`, `probability`, `weenie_Class_Id`, `style`, `substyle`, `quest`, `vendor_Type`, `min_Health`, `max_Health`)
VALUES (25863,  5 /* HeartBeat */,  0.055, NULL, 0x8000003C /* HandCombat */, 0x41000003 /* Ready */, NULL, NULL, NULL, NULL);

SET @parent_id = LAST_INSERT_ID();

INSERT INTO `weenie_properties_emote_action` (`emote_Id`, `order`, `type`, `delay`, `extent`, `motion`, `message`, `test_String`, `min`, `max`, `min_64`, `max_64`, `min_Dbl`, `max_Dbl`, `stat`, `display`, `amount`, `amount_64`, `hero_X_P_64`, `percent`, `spell_Id`, `wealth_Rating`, `treasure_Class`, `treasure_Type`, `p_Script`, `sound`, `destination_Type`, `weenie_Class_Id`, `stack_Size`, `palette`, `shade`, `try_To_Bond`, `obj_Cell_Id`, `origin_X`, `origin_Y`, `origin_Z`, `angles_W`, `angles_X`, `angles_Y`, `angles_Z`)
VALUES (@parent_id,  0,   5 /* Motion */, 0, 1, 0x10000051 /* Twitch1 */, NULL, NULL, NULL, NULL, NULL, NULL, NULL, NULL, NULL, NULL, NULL, NULL, NULL, NULL, NULL, NULL, NULL, NULL, NULL, NULL, NULL, NULL, NULL, NULL, NULL, NULL, NULL, NULL, NULL, NULL, NULL, NULL, NULL, NULL);

INSERT INTO `weenie_properties_emote` (`object_Id`, `category`, `probability`, `weenie_Class_Id`, `style`, `substyle`, `quest`, `vendor_Type`, `min_Health`, `max_Health`)
VALUES (25863,  5 /* HeartBeat */,  0.025, NULL, 0x8000003D /* NonCombat */, 0x41000003 /* Ready */, NULL, NULL, NULL, NULL);

SET @parent_id = LAST_INSERT_ID();

INSERT INTO `weenie_properties_emote_action` (`emote_Id`, `order`, `type`, `delay`, `extent`, `motion`, `message`, `test_String`, `min`, `max`, `min_64`, `max_64`, `min_Dbl`, `max_Dbl`, `stat`, `display`, `amount`, `amount_64`, `hero_X_P_64`, `percent`, `spell_Id`, `wealth_Rating`, `treasure_Class`, `treasure_Type`, `p_Script`, `sound`, `destination_Type`, `weenie_Class_Id`, `stack_Size`, `palette`, `shade`, `try_To_Bond`, `obj_Cell_Id`, `origin_X`, `origin_Y`, `origin_Z`, `angles_W`, `angles_X`, `angles_Y`, `angles_Z`)
VALUES (@parent_id,  0,   5 /* Motion */, 0, 1, 0x10000053 /* Twitch3 */, NULL, NULL, NULL, NULL, NULL, NULL, NULL, NULL, NULL, NULL, NULL, NULL, NULL, NULL, NULL, NULL, NULL, NULL, NULL, NULL, NULL, NULL, NULL, NULL, NULL, NULL, NULL, NULL, NULL, NULL, NULL, NULL, NULL, NULL);

INSERT INTO `weenie_properties_emote` (`object_Id`, `category`, `probability`, `weenie_Class_Id`, `style`, `substyle`, `quest`, `vendor_Type`, `min_Health`, `max_Health`)
VALUES (25863,  5 /* HeartBeat */,   0.05, NULL, 0x8000003D /* NonCombat */, 0x41000003 /* Ready */, NULL, NULL, NULL, NULL);

SET @parent_id = LAST_INSERT_ID();

INSERT INTO `weenie_properties_emote_action` (`emote_Id`, `order`, `type`, `delay`, `extent`, `motion`, `message`, `test_String`, `min`, `max`, `min_64`, `max_64`, `min_Dbl`, `max_Dbl`, `stat`, `display`, `amount`, `amount_64`, `hero_X_P_64`, `percent`, `spell_Id`, `wealth_Rating`, `treasure_Class`, `treasure_Type`, `p_Script`, `sound`, `destination_Type`, `weenie_Class_Id`, `stack_Size`, `palette`, `shade`, `try_To_Bond`, `obj_Cell_Id`, `origin_X`, `origin_Y`, `origin_Z`, `angles_W`, `angles_X`, `angles_Y`, `angles_Z`)
VALUES (@parent_id,  0,   5 /* Motion */, 0, 1, 0x10000052 /* Twitch2 */, NULL, NULL, NULL, NULL, NULL, NULL, NULL, NULL, NULL, NULL, NULL, NULL, NULL, NULL, NULL, NULL, NULL, NULL, NULL, NULL, NULL, NULL, NULL, NULL, NULL, NULL, NULL, NULL, NULL, NULL, NULL, NULL, NULL, NULL);

INSERT INTO `weenie_properties_emote` (`object_Id`, `category`, `probability`, `weenie_Class_Id`, `style`, `substyle`, `quest`, `vendor_Type`, `min_Health`, `max_Health`)
VALUES (25863,  5 /* HeartBeat */,  0.055, NULL, 0x8000003D /* NonCombat */, 0x41000003 /* Ready */, NULL, NULL, NULL, NULL);

SET @parent_id = LAST_INSERT_ID();

INSERT INTO `weenie_properties_emote_action` (`emote_Id`, `order`, `type`, `delay`, `extent`, `motion`, `message`, `test_String`, `min`, `max`, `min_64`, `max_64`, `min_Dbl`, `max_Dbl`, `stat`, `display`, `amount`, `amount_64`, `hero_X_P_64`, `percent`, `spell_Id`, `wealth_Rating`, `treasure_Class`, `treasure_Type`, `p_Script`, `sound`, `destination_Type`, `weenie_Class_Id`, `stack_Size`, `palette`, `shade`, `try_To_Bond`, `obj_Cell_Id`, `origin_X`, `origin_Y`, `origin_Z`, `angles_W`, `angles_X`, `angles_Y`, `angles_Z`)
VALUES (@parent_id,  0,   5 /* Motion */, 0, 1, 0x10000051 /* Twitch1 */, NULL, NULL, NULL, NULL, NULL, NULL, NULL, NULL, NULL, NULL, NULL, NULL, NULL, NULL, NULL, NULL, NULL, NULL, NULL, NULL, NULL, NULL, NULL, NULL, NULL, NULL, NULL, NULL, NULL, NULL, NULL, NULL, NULL, NULL);

INSERT INTO `weenie_properties_create_list` (`object_Id`, `destination_Type`, `weenie_Class_Id`, `stack_Size`, `palette`, `shade`, `try_To_Bond`)
VALUES (25863, 9, 30823,  0, 0, 0.05, False) /* Create Broken Black Marrow Key (30823) for ContainTreasure */
     , (25863, 9,     0,  0, 0, 0.95, False) /* Create nothing for ContainTreasure */;
DELETE FROM `weenie` WHERE `class_Id` = 29273;

INSERT INTO `weenie` (`class_Id`, `class_Name`, `type`, `last_Modified`)
VALUES (29273, 'gemaugmentationluckonimbues', 67, '2023-04-09 00:57:05') /* AugmentationDevice */;

INSERT INTO `weenie_properties_int` (`object_Id`, `type`, `value`)
VALUES (29273,   1,        128) /* ItemType - Misc */
     , (29273,   5,         50) /* EncumbranceVal */
     , (29273,  16,          8) /* ItemUseable - Contained */
     , (29273,  19,    1000000) /* Value */
     , (29273,  33,          1) /* Bonded - Bonded */
     , (29273,  93,       1044) /* PhysicsState - Ethereal, IgnoreCollisions, Gravity */
     , (29273, 114,          1) /* Attuned - Attuned */
     , (29273, 215,         19) /* AugmentationStat */;

INSERT INTO `weenie_properties_int64` (`object_Id`, `type`, `value`)
VALUES (29273,   3,  200000000) /* AugmentationCost */;

INSERT INTO `weenie_properties_bool` (`object_Id`, `type`, `value`)
VALUES (29273,  11, True ) /* IgnoreCollisions */
     , (29273,  13, True ) /* Ethereal */
     , (29273,  14, True ) /* GravityStatus */
     , (29273,  19, True ) /* Attackable */
     , (29273,  22, True ) /* Inscribable */
     , (29273,  69, False) /* IsSellable */;

INSERT INTO `weenie_properties_string` (`object_Id`, `type`, `value`)
VALUES (29273,   1, 'Charmed Smith') /* Name */
     , (29273,  16, 'Using this gem will give you a 5% better chance to succeed on imbue craft interactions. This bonus is not dependent on your skill level. This augmentation cannot be repeated.') /* LongDesc */;

INSERT INTO `weenie_properties_d_i_d` (`object_Id`, `type`, `value`)
VALUES (29273,   1, 0x02000179) /* Setup */
     , (29273,   3, 0x20000014) /* SoundTable */
     , (29273,   8, 0x06005A8A) /* Icon */
     , (29273,  22, 0x3400002B) /* PhysicsEffectTable */;
DELETE FROM `landblock_instance` WHERE `landblock` = 0x2D50;

INSERT INTO `landblock_instance` (`guid`, `weenie_Class_Id`, `obj_Cell_Id`, `origin_X`, `origin_Y`, `origin_Z`, `angles_W`, `angles_X`, `angles_Y`, `angles_Z`, `is_Link_Child`, `last_Modified`)
VALUES (0x72D50000, 25570, 0x2D500000, 104.713, 26.434, 0.005, 0.508037, 0, 0, -0.861335, False, '2005-02-09 10:00:00'); /* Hidden Cavern(25570/portalhiddencavern) */
/* @teleloc 0x2D500000 [104.712997 26.434000 0.005000] 0.508037 0.000000 0.000000 -0.861335 */

INSERT INTO `landblock_instance` (`guid`, `weenie_Class_Id`, `obj_Cell_Id`, `origin_X`, `origin_Y`, `origin_Z`, `angles_W`, `angles_X`, `angles_Y`, `angles_Z`, `is_Link_Child`, `last_Modified`)
VALUES (0x72D50001, 30796, 0x2D50001E, 88.6303, 126.732, 0.017856, 0.95592, 0, 0, 0.293629, False, '2023-05-12 16:12:22'); /* Black Marrow Reliquary(30796/chestblackmarrowreliquary) - Locked(9999/KeyBlackMarrow) - Content - Random Loot: Tier 6 - DeathTreasureType: 32(T6_Boss_HighAmount) / Blood Fang Jewel(30801/gemportalobsidianrim) / Black Glass Array(30800/gemportalobsidianplains) / Soul Chalice(30802/gemportalpanopticon) / Desolate Seed(30803/gemportalsingularitycaul) / Warrior's Emblem(30809/gemportalayntayn) / Burning Veil(30811/gemportalcaulcano) / Shadow Cursed Totem(30810/gemportalburningtower) / Corrupted Skull(30799/gemportalfloatingtower) / Seething Skull(30808/gemportafloatingbridge) / Antiquated Compass(30812/gemportalcauloasis) / Black Luster Pearl(30813/pearlblackluster) / The Orphanage(30807/gemquestorphanage) / Ancient Temple(30805/gemquestlivingtome) / Singularity Caul Asylum(30804/gemquestasylum) / Cavernous Olthoi Chasm(30806/gemquestolthoichasm) */
/* @teleloc 0x2D50001E [88.630302 126.732002 0.017856] 0.955920 0.000000 0.000000 0.293629 */
DELETE FROM `weenie` WHERE `class_Id` = 30680;

INSERT INTO `weenie` (`class_Id`, `class_Name`, `type`, `last_Modified`)
VALUES (30680, 'drudgeseraphwithered', 10, '2019-09-13 00:00:00') /* Creature */;

INSERT INTO `weenie_properties_int` (`object_Id`, `type`, `value`)
VALUES (30680,   1,         16) /* ItemType - Creature */
     , (30680,   2,          3) /* CreatureType - Drudge */
     , (30680,   3,         88) /* PaletteTemplate - DyeWinterBlue */
     , (30680,   6,         -1) /* ItemsCapacity */
     , (30680,   7,         -1) /* ContainersCapacity */
     , (30680,  16,          1) /* ItemUseable - No */
     , (30680,  25,        161) /* Level */
     , (30680,  27,          0) /* ArmorType - None */
     , (30680,  40,          2) /* CombatMode - Melee */
     , (30680,  68,          9) /* TargetingTactic - Random, TopDamager */
     , (30680,  93,       1032) /* PhysicsState - ReportCollisions, Gravity */
     , (30680, 101,        131) /* AiAllowedCombatStyle - Unarmed, OneHanded, ThrownWeapon */
     , (30680, 133,          2) /* ShowableOnRadar - ShowMovement */
     , (30680, 140,          1) /* AiOptions - CanOpenDoors */
     , (30680, 146,     303487) /* XpOverride */;

INSERT INTO `weenie_properties_bool` (`object_Id`, `type`, `value`)
VALUES (30680,   1, True ) /* Stuck */
     , (30680,  11, False) /* IgnoreCollisions */
     , (30680,  12, True ) /* ReportCollisions */
     , (30680,  13, False) /* Ethereal */
     , (30680, 103, True ) /* NonProjectileMagicImmune */
     , (30680, 9016, True ) /* UseXpOverride */;

INSERT INTO `weenie_properties_float` (`object_Id`, `type`, `value`)
VALUES (30680,   1,       5) /* HeartbeatInterval */
     , (30680,   2,       0) /* HeartbeatTimestamp */
     , (30680,   3,      12) /* HealthRate */
     , (30680,   4,      25) /* StaminaRate */
     , (30680,   5,       1) /* ManaRate */
     , (30680,  12,     0.5) /* Shade */
     , (30680,  13,    0.85) /* ArmorModVsSlash */
     , (30680,  14,    0.45) /* ArmorModVsPierce */
     , (30680,  15,    0.85) /* ArmorModVsBludgeon */
     , (30680,  16,    0.75) /* ArmorModVsCold */
     , (30680,  17,    0.85) /* ArmorModVsFire */
     , (30680,  18,    0.75) /* ArmorModVsAcid */
     , (30680,  19,     0.9) /* ArmorModVsElectric */
     , (30680,  31,      18) /* VisualAwarenessRange */
     , (30680,  34,       1) /* PowerupTime */
     , (30680,  36,       1) /* ChargeSpeed */
     , (30680,  39,     1.5) /* DefaultScale */
     , (30680,  64,    0.85) /* ResistSlash */
     , (30680,  65,    0.55) /* ResistPierce */
     , (30680,  66,     0.9) /* ResistBludgeon */
     , (30680,  67,     1.9) /* ResistFire */
     , (30680,  68,    0.85) /* ResistCold */
     , (30680,  69,    0.85) /* ResistAcid */
     , (30680,  70,    0.15) /* ResistElectric */
     , (30680,  71,       1) /* ResistHealthBoost */
     , (30680,  72,       1) /* ResistStaminaDrain */
     , (30680,  73,       1) /* ResistStaminaBoost */
     , (30680,  74,       1) /* ResistManaDrain */
     , (30680,  75,       1) /* ResistManaBoost */
     , (30680, 104,      10) /* ObviousRadarRange */
     , (30680, 125,       1) /* ResistHealthDrain */;

INSERT INTO `weenie_properties_string` (`object_Id`, `type`, `value`)
VALUES (30680,   1, 'Withered Drudge Seraph') /* Name */;

INSERT INTO `weenie_properties_d_i_d` (`object_Id`, `type`, `value`)
VALUES (30680,   1, 0x020012B2) /* Setup */
     , (30680,   2, 0x09000008) /* MotionTable */
     , (30680,   3, 0x20000007) /* SoundTable */
     , (30680,   4, 0x30000004) /* CombatTable */
     , (30680,   6, 0x04000F6C) /* PaletteBase */
     , (30680,   7, 0x100005A0) /* ClothingBase */
     , (30680,   8, 0x06001035) /* Icon */
     , (30680,  22, 0x3400001A) /* PhysicsEffectTable */
     , (30680,  32,        423) /* WieldedTreasureType */
     , (30680,  35,        449) /* DeathTreasureType - T6_General - Loot Tier: 6 */;

INSERT INTO `weenie_properties_attribute` (`object_Id`, `type`, `init_Level`, `level_From_C_P`, `c_P_Spent`)
VALUES (30680,   1, 440, 0, 0) /* Strength */
     , (30680,   2, 360, 0, 0) /* Endurance */
     , (30680,   3, 360, 0, 0) /* Quickness */
     , (30680,   4, 360, 0, 0) /* Coordination */
     , (30680,   5, 400, 0, 0) /* Focus */
     , (30680,   6, 400, 0, 0) /* Self */;

INSERT INTO `weenie_properties_attribute_2nd` (`object_Id`, `type`, `init_Level`, `level_From_C_P`, `c_P_Spent`, `current_Level`)
VALUES (30680,   1,  5680, 0, 0, 5860) /* MaxHealth */
     , (30680,   3,  4640, 0, 0, 5000) /* MaxStamina */
     , (30680,   5,  4600, 0, 0, 5000) /* MaxMana */;

INSERT INTO `weenie_properties_skill` (`object_Id`, `type`, `level_From_P_P`, `s_a_c`, `p_p`, `init_Level`, `resistance_At_Last_Check`, `last_Used_Time`)
VALUES (30680,  1, 0, 3, 0, 275, 0, 0) /* Axe                 Specialized */
     , (30680,  6, 0, 3, 0, 310, 0, 0) /* MeleeDefense        Specialized */
     , (30680,  7, 0, 3, 0, 445, 0, 0) /* MissileDefense      Specialized */
     , (30680, 12, 0, 3, 0, 240, 0, 0) /* ThrownWeapon        Specialized */
     , (30680, 14, 0, 3, 0, 350, 0, 0) /* ArcaneLore          Specialized */
     , (30680, 15, 0, 3, 0, 276, 0, 0) /* MagicDefense        Specialized */
     , (30680, 20, 0, 3, 0, 120, 0, 0) /* Deception           Specialized */
     , (30680, 24, 0, 3, 0,  75, 0, 0) /* Run                 Specialized */
     , (30680, 31, 0, 3, 0, 200, 0, 0) /* CreatureEnchantment Specialized */
     , (30680, 33, 0, 3, 0, 200, 0, 0) /* LifeMagic           Specialized */
     , (30680, 34, 0, 3, 0, 200, 0, 0) /* WarMagic            Specialized */;

INSERT INTO `weenie_properties_body_part` (`object_Id`, `key`, `d_Type`, `d_Val`, `d_Var`, `base_Armor`, `armor_Vs_Slash`, `armor_Vs_Pierce`, `armor_Vs_Bludgeon`, `armor_Vs_Cold`, `armor_Vs_Fire`, `armor_Vs_Acid`, `armor_Vs_Electric`, `armor_Vs_Nether`, `b_h`, `h_l_f`, `m_l_f`, `l_l_f`, `h_r_f`, `m_r_f`, `l_r_f`, `h_l_b`, `m_l_b`, `l_l_b`, `h_r_b`, `m_r_b`, `l_r_b`)
VALUES (30680,  0,  4,  0,    0,  360,  306,  162,  306,  270,  306,  270,  324,    0, 1, 0.33,    0,    0, 0.33,    0,    0, 0.33,    0,    0, 0.33,    0,    0) /* Head */
     , (30680,  1,  4,  0,    0,  360,  306,  162,  306,  270,  306,  270,  324,    0, 2, 0.44, 0.17,    0, 0.44, 0.17,    0, 0.44, 0.17,    0, 0.44, 0.17,    0) /* Chest */
     , (30680,  2,  4,  0,    0,  360,  306,  162,  306,  270,  306,  270,  324,    0, 3,    0, 0.17,    0,    0, 0.17,    0,    0, 0.17,    0,    0, 0.17,    0) /* Abdomen */
     , (30680,  3,  4,  0,    0,  360,  306,  162,  306,  270,  306,  270,  324,    0, 1, 0.23, 0.03,    0, 0.23, 0.03,    0, 0.23, 0.03,    0, 0.23, 0.03,    0) /* UpperArm */
     , (30680,  4,  4,  0,    0,  360,  306,  162,  306,  270,  306,  270,  324,    0, 2,    0,  0.3,    0,    0,  0.3,    0,    0,  0.3,    0,    0,  0.3,    0) /* LowerArm */
     , (30680,  5,  4, 60, 0.75,  360,  306,  162,  306,  270,  306,  270,  324,    0, 2,    0,  0.2,    0,    0,  0.2,    0,    0,  0.2,    0,    0,  0.2,    0) /* Hand */
     , (30680,  6,  4,  0,    0,  360,  306,  162,  306,  270,  306,  270,  324,    0, 3,    0, 0.13, 0.18,    0, 0.13, 0.18,    0, 0.13, 0.18,    0, 0.13, 0.18) /* UpperLeg */
     , (30680,  7,  4,  0,    0,  360,  306,  162,  306,  270,  306,  270,  324,    0, 3,    0,    0,  0.6,    0,    0,  0.6,    0,    0,  0.6,    0,    0,  0.6) /* LowerLeg */
     , (30680,  8,  4, 80, 0.75,  360,  306,  162,  306,  270,  306,  270,  324,    0, 3,    0,    0, 0.22,    0,    0, 0.22,    0,    0, 0.22,    0,    0, 0.22) /* Foot */;

INSERT INTO `weenie_properties_spell_book` (`object_Id`, `spell`, `probability`)
VALUES (30680,    80,  2.011)  /* Lightning Bolt VI */
     , (30680,  1089,  2.011)  /* Lightning Vulnerability Other VI */
     , (30680,  1161,  2.011)  /* Heal Self VI */
     , (30680,  1242,  2.011)  /* Drain Health Other VI */
     , (30680,  1325,  2.011)  /* Imperil Other IV */
     , (30680,  2056,  2.011)  /* Ataxia */
     , (30680,  2064,  2.011)  /* Self Loathing */
     , (30680,  2140,  2.011)  /* Alset's Coil */;

INSERT INTO `weenie_properties_event_filter` (`object_Id`, `event`)
VALUES (30680,  94) /* ATTACK_NOTIFICATION_EVENT */
     , (30680, 414) /* PLAYER_DEATH_EVENT */;

INSERT INTO `weenie_properties_emote` (`object_Id`, `category`, `probability`, `weenie_Class_Id`, `style`, `substyle`, `quest`, `vendor_Type`, `min_Health`, `max_Health`)
VALUES (30680,  5 /* HeartBeat */,  0.025, NULL, 0x8000003C /* HandCombat */, 0x41000003 /* Ready */, NULL, NULL, NULL, NULL);

SET @parent_id = LAST_INSERT_ID();

INSERT INTO `weenie_properties_emote_action` (`emote_Id`, `order`, `type`, `delay`, `extent`, `motion`, `message`, `test_String`, `min`, `max`, `min_64`, `max_64`, `min_Dbl`, `max_Dbl`, `stat`, `display`, `amount`, `amount_64`, `hero_X_P_64`, `percent`, `spell_Id`, `wealth_Rating`, `treasure_Class`, `treasure_Type`, `p_Script`, `sound`, `destination_Type`, `weenie_Class_Id`, `stack_Size`, `palette`, `shade`, `try_To_Bond`, `obj_Cell_Id`, `origin_X`, `origin_Y`, `origin_Z`, `angles_W`, `angles_X`, `angles_Y`, `angles_Z`)
VALUES (@parent_id,  0,   5 /* Motion */, 0, 1, 0x10000054 /* Twitch4 */, NULL, NULL, NULL, NULL, NULL, NULL, NULL, NULL, NULL, NULL, NULL, NULL, NULL, NULL, NULL, NULL, NULL, NULL, NULL, NULL, NULL, NULL, NULL, NULL, NULL, NULL, NULL, NULL, NULL, NULL, NULL, NULL, NULL, NULL);

INSERT INTO `weenie_properties_emote` (`object_Id`, `category`, `probability`, `weenie_Class_Id`, `style`, `substyle`, `quest`, `vendor_Type`, `min_Health`, `max_Health`)
VALUES (30680,  5 /* HeartBeat */,   0.07, NULL, 0x8000003C /* HandCombat */, 0x41000003 /* Ready */, NULL, NULL, NULL, NULL);

SET @parent_id = LAST_INSERT_ID();

INSERT INTO `weenie_properties_emote_action` (`emote_Id`, `order`, `type`, `delay`, `extent`, `motion`, `message`, `test_String`, `min`, `max`, `min_64`, `max_64`, `min_Dbl`, `max_Dbl`, `stat`, `display`, `amount`, `amount_64`, `hero_X_P_64`, `percent`, `spell_Id`, `wealth_Rating`, `treasure_Class`, `treasure_Type`, `p_Script`, `sound`, `destination_Type`, `weenie_Class_Id`, `stack_Size`, `palette`, `shade`, `try_To_Bond`, `obj_Cell_Id`, `origin_X`, `origin_Y`, `origin_Z`, `angles_W`, `angles_X`, `angles_Y`, `angles_Z`)
VALUES (@parent_id,  0,   5 /* Motion */, 0, 1, 0x10000053 /* Twitch3 */, NULL, NULL, NULL, NULL, NULL, NULL, NULL, NULL, NULL, NULL, NULL, NULL, NULL, NULL, NULL, NULL, NULL, NULL, NULL, NULL, NULL, NULL, NULL, NULL, NULL, NULL, NULL, NULL, NULL, NULL, NULL, NULL, NULL, NULL);

INSERT INTO `weenie_properties_emote` (`object_Id`, `category`, `probability`, `weenie_Class_Id`, `style`, `substyle`, `quest`, `vendor_Type`, `min_Health`, `max_Health`)
VALUES (30680,  5 /* HeartBeat */,  0.095, NULL, 0x8000003C /* HandCombat */, 0x41000003 /* Ready */, NULL, NULL, NULL, NULL);

SET @parent_id = LAST_INSERT_ID();

INSERT INTO `weenie_properties_emote_action` (`emote_Id`, `order`, `type`, `delay`, `extent`, `motion`, `message`, `test_String`, `min`, `max`, `min_64`, `max_64`, `min_Dbl`, `max_Dbl`, `stat`, `display`, `amount`, `amount_64`, `hero_X_P_64`, `percent`, `spell_Id`, `wealth_Rating`, `treasure_Class`, `treasure_Type`, `p_Script`, `sound`, `destination_Type`, `weenie_Class_Id`, `stack_Size`, `palette`, `shade`, `try_To_Bond`, `obj_Cell_Id`, `origin_X`, `origin_Y`, `origin_Z`, `angles_W`, `angles_X`, `angles_Y`, `angles_Z`)
VALUES (@parent_id,  0,   5 /* Motion */, 0, 1, 0x10000052 /* Twitch2 */, NULL, NULL, NULL, NULL, NULL, NULL, NULL, NULL, NULL, NULL, NULL, NULL, NULL, NULL, NULL, NULL, NULL, NULL, NULL, NULL, NULL, NULL, NULL, NULL, NULL, NULL, NULL, NULL, NULL, NULL, NULL, NULL, NULL, NULL);

INSERT INTO `weenie_properties_emote` (`object_Id`, `category`, `probability`, `weenie_Class_Id`, `style`, `substyle`, `quest`, `vendor_Type`, `min_Health`, `max_Health`)
VALUES (30680,  5 /* HeartBeat */,    0.1, NULL, 0x8000003C /* HandCombat */, 0x41000003 /* Ready */, NULL, NULL, NULL, NULL);

SET @parent_id = LAST_INSERT_ID();

INSERT INTO `weenie_properties_emote_action` (`emote_Id`, `order`, `type`, `delay`, `extent`, `motion`, `message`, `test_String`, `min`, `max`, `min_64`, `max_64`, `min_Dbl`, `max_Dbl`, `stat`, `display`, `amount`, `amount_64`, `hero_X_P_64`, `percent`, `spell_Id`, `wealth_Rating`, `treasure_Class`, `treasure_Type`, `p_Script`, `sound`, `destination_Type`, `weenie_Class_Id`, `stack_Size`, `palette`, `shade`, `try_To_Bond`, `obj_Cell_Id`, `origin_X`, `origin_Y`, `origin_Z`, `angles_W`, `angles_X`, `angles_Y`, `angles_Z`)
VALUES (@parent_id,  0,   5 /* Motion */, 0, 1, 0x10000051 /* Twitch1 */, NULL, NULL, NULL, NULL, NULL, NULL, NULL, NULL, NULL, NULL, NULL, NULL, NULL, NULL, NULL, NULL, NULL, NULL, NULL, NULL, NULL, NULL, NULL, NULL, NULL, NULL, NULL, NULL, NULL, NULL, NULL, NULL, NULL, NULL);

INSERT INTO `weenie_properties_emote` (`object_Id`, `category`, `probability`, `weenie_Class_Id`, `style`, `substyle`, `quest`, `vendor_Type`, `min_Health`, `max_Health`)
VALUES (30680,  5 /* HeartBeat */,   0.05, NULL, 0x8000003E /* SwordCombat */, 0x41000003 /* Ready */, NULL, NULL, NULL, NULL);

SET @parent_id = LAST_INSERT_ID();

INSERT INTO `weenie_properties_emote_action` (`emote_Id`, `order`, `type`, `delay`, `extent`, `motion`, `message`, `test_String`, `min`, `max`, `min_64`, `max_64`, `min_Dbl`, `max_Dbl`, `stat`, `display`, `amount`, `amount_64`, `hero_X_P_64`, `percent`, `spell_Id`, `wealth_Rating`, `treasure_Class`, `treasure_Type`, `p_Script`, `sound`, `destination_Type`, `weenie_Class_Id`, `stack_Size`, `palette`, `shade`, `try_To_Bond`, `obj_Cell_Id`, `origin_X`, `origin_Y`, `origin_Z`, `angles_W`, `angles_X`, `angles_Y`, `angles_Z`)
VALUES (@parent_id,  0,   5 /* Motion */, 0, 1, 0x10000051 /* Twitch1 */, NULL, NULL, NULL, NULL, NULL, NULL, NULL, NULL, NULL, NULL, NULL, NULL, NULL, NULL, NULL, NULL, NULL, NULL, NULL, NULL, NULL, NULL, NULL, NULL, NULL, NULL, NULL, NULL, NULL, NULL, NULL, NULL, NULL, NULL);

INSERT INTO `weenie_properties_emote` (`object_Id`, `category`, `probability`, `weenie_Class_Id`, `style`, `substyle`, `quest`, `vendor_Type`, `min_Health`, `max_Health`)
VALUES (30680,  5 /* HeartBeat */,  0.025, NULL, 0x8000003D /* NonCombat */, 0x41000003 /* Ready */, NULL, NULL, NULL, NULL);

SET @parent_id = LAST_INSERT_ID();

INSERT INTO `weenie_properties_emote_action` (`emote_Id`, `order`, `type`, `delay`, `extent`, `motion`, `message`, `test_String`, `min`, `max`, `min_64`, `max_64`, `min_Dbl`, `max_Dbl`, `stat`, `display`, `amount`, `amount_64`, `hero_X_P_64`, `percent`, `spell_Id`, `wealth_Rating`, `treasure_Class`, `treasure_Type`, `p_Script`, `sound`, `destination_Type`, `weenie_Class_Id`, `stack_Size`, `palette`, `shade`, `try_To_Bond`, `obj_Cell_Id`, `origin_X`, `origin_Y`, `origin_Z`, `angles_W`, `angles_X`, `angles_Y`, `angles_Z`)
VALUES (@parent_id,  0,   5 /* Motion */, 0, 1, 0x10000054 /* Twitch4 */, NULL, NULL, NULL, NULL, NULL, NULL, NULL, NULL, NULL, NULL, NULL, NULL, NULL, NULL, NULL, NULL, NULL, NULL, NULL, NULL, NULL, NULL, NULL, NULL, NULL, NULL, NULL, NULL, NULL, NULL, NULL, NULL, NULL, NULL);

INSERT INTO `weenie_properties_emote` (`object_Id`, `category`, `probability`, `weenie_Class_Id`, `style`, `substyle`, `quest`, `vendor_Type`, `min_Health`, `max_Health`)
VALUES (30680,  5 /* HeartBeat */,   0.07, NULL, 0x8000003D /* NonCombat */, 0x41000003 /* Ready */, NULL, NULL, NULL, NULL);

SET @parent_id = LAST_INSERT_ID();

INSERT INTO `weenie_properties_emote_action` (`emote_Id`, `order`, `type`, `delay`, `extent`, `motion`, `message`, `test_String`, `min`, `max`, `min_64`, `max_64`, `min_Dbl`, `max_Dbl`, `stat`, `display`, `amount`, `amount_64`, `hero_X_P_64`, `percent`, `spell_Id`, `wealth_Rating`, `treasure_Class`, `treasure_Type`, `p_Script`, `sound`, `destination_Type`, `weenie_Class_Id`, `stack_Size`, `palette`, `shade`, `try_To_Bond`, `obj_Cell_Id`, `origin_X`, `origin_Y`, `origin_Z`, `angles_W`, `angles_X`, `angles_Y`, `angles_Z`)
VALUES (@parent_id,  0,   5 /* Motion */, 0, 1, 0x10000053 /* Twitch3 */, NULL, NULL, NULL, NULL, NULL, NULL, NULL, NULL, NULL, NULL, NULL, NULL, NULL, NULL, NULL, NULL, NULL, NULL, NULL, NULL, NULL, NULL, NULL, NULL, NULL, NULL, NULL, NULL, NULL, NULL, NULL, NULL, NULL, NULL);

INSERT INTO `weenie_properties_emote` (`object_Id`, `category`, `probability`, `weenie_Class_Id`, `style`, `substyle`, `quest`, `vendor_Type`, `min_Health`, `max_Health`)
VALUES (30680,  5 /* HeartBeat */,  0.095, NULL, 0x8000003D /* NonCombat */, 0x41000003 /* Ready */, NULL, NULL, NULL, NULL);

SET @parent_id = LAST_INSERT_ID();

INSERT INTO `weenie_properties_emote_action` (`emote_Id`, `order`, `type`, `delay`, `extent`, `motion`, `message`, `test_String`, `min`, `max`, `min_64`, `max_64`, `min_Dbl`, `max_Dbl`, `stat`, `display`, `amount`, `amount_64`, `hero_X_P_64`, `percent`, `spell_Id`, `wealth_Rating`, `treasure_Class`, `treasure_Type`, `p_Script`, `sound`, `destination_Type`, `weenie_Class_Id`, `stack_Size`, `palette`, `shade`, `try_To_Bond`, `obj_Cell_Id`, `origin_X`, `origin_Y`, `origin_Z`, `angles_W`, `angles_X`, `angles_Y`, `angles_Z`)
VALUES (@parent_id,  0,   5 /* Motion */, 0, 1, 0x10000052 /* Twitch2 */, NULL, NULL, NULL, NULL, NULL, NULL, NULL, NULL, NULL, NULL, NULL, NULL, NULL, NULL, NULL, NULL, NULL, NULL, NULL, NULL, NULL, NULL, NULL, NULL, NULL, NULL, NULL, NULL, NULL, NULL, NULL, NULL, NULL, NULL);

INSERT INTO `weenie_properties_emote` (`object_Id`, `category`, `probability`, `weenie_Class_Id`, `style`, `substyle`, `quest`, `vendor_Type`, `min_Health`, `max_Health`)
VALUES (30680,  5 /* HeartBeat */,    0.1, NULL, 0x8000003D /* NonCombat */, 0x41000003 /* Ready */, NULL, NULL, NULL, NULL);

SET @parent_id = LAST_INSERT_ID();

INSERT INTO `weenie_properties_emote_action` (`emote_Id`, `order`, `type`, `delay`, `extent`, `motion`, `message`, `test_String`, `min`, `max`, `min_64`, `max_64`, `min_Dbl`, `max_Dbl`, `stat`, `display`, `amount`, `amount_64`, `hero_X_P_64`, `percent`, `spell_Id`, `wealth_Rating`, `treasure_Class`, `treasure_Type`, `p_Script`, `sound`, `destination_Type`, `weenie_Class_Id`, `stack_Size`, `palette`, `shade`, `try_To_Bond`, `obj_Cell_Id`, `origin_X`, `origin_Y`, `origin_Z`, `angles_W`, `angles_X`, `angles_Y`, `angles_Z`)
VALUES (@parent_id,  0,   5 /* Motion */, 0, 1, 0x10000051 /* Twitch1 */, NULL, NULL, NULL, NULL, NULL, NULL, NULL, NULL, NULL, NULL, NULL, NULL, NULL, NULL, NULL, NULL, NULL, NULL, NULL, NULL, NULL, NULL, NULL, NULL, NULL, NULL, NULL, NULL, NULL, NULL, NULL, NULL, NULL, NULL);

INSERT INTO `weenie_properties_create_list` (`object_Id`, `destination_Type`, `weenie_Class_Id`, `stack_Size`, `palette`, `shade`, `try_To_Bond`)
VALUES (30680, 9, 23108,  0, 0, 0.02, False) /* Create Twisted Dark Key (23108) for ContainTreasure */
     , (30680, 9,     0,  0, 0, 0.98, False) /* Create nothing for ContainTreasure */
     , (30680, 9, 23107,  0, 0, 0.01, False) /* Create Mangled Dark Key (23107) for ContainTreasure */
     , (30680, 9,     0,  0, 0, 0.99, False) /* Create nothing for ContainTreasure */
     , (30680, 9,  3669,  0, 0, 0.03, False) /* Create Drudge Charm (3669) for ContainTreasure */
     , (30680, 9,     0,  0, 0, 0.97, False) /* Create nothing for ContainTreasure */;
DELETE FROM `weenie` WHERE `class_Id` = 30682;

INSERT INTO `weenie` (`class_Id`, `class_Name`, `type`, `last_Modified`)
VALUES (30682, 'drudgemysticwithered', 10, '2019-09-13 00:00:00') /* Creature */;

INSERT INTO `weenie_properties_int` (`object_Id`, `type`, `value`)
VALUES (30682,   1,         16) /* ItemType - Creature */
     , (30682,   2,          3) /* CreatureType - Drudge */
     , (30682,   3,          5) /* PaletteTemplate - DarkBlue */
     , (30682,   6,         -1) /* ItemsCapacity */
     , (30682,   7,         -1) /* ContainersCapacity */
     , (30682,  16,          1) /* ItemUseable - No */
     , (30682,  25,        165) /* Level */
     , (30682,  27,          0) /* ArmorType - None */
     , (30682,  40,          2) /* CombatMode - Melee */
     , (30682,  68,          9) /* TargetingTactic - Random, TopDamager */
     , (30682,  93,       1032) /* PhysicsState - ReportCollisions, Gravity */
     , (30682, 101,        131) /* AiAllowedCombatStyle - Unarmed, OneHanded, ThrownWeapon */
     , (30682, 133,          2) /* ShowableOnRadar - ShowMovement */
     , (30682, 140,          1) /* AiOptions - CanOpenDoors */
     , (30682, 146,     385880) /* XpOverride */;

INSERT INTO `weenie_properties_bool` (`object_Id`, `type`, `value`)
VALUES (30682,   1, True ) /* Stuck */
     , (30682,  11, False) /* IgnoreCollisions */
     , (30682,  12, True ) /* ReportCollisions */
     , (30682,  13, False) /* Ethereal */
     , (30682, 103, True ) /* NonProjectileMagicImmune */
     , (30682, 9016, True ) /* UseXpOverride */;

INSERT INTO `weenie_properties_float` (`object_Id`, `type`, `value`)
VALUES (30682,   1,       5) /* HeartbeatInterval */
     , (30682,   2,       0) /* HeartbeatTimestamp */
     , (30682,   3,      12) /* HealthRate */
     , (30682,   4,      25) /* StaminaRate */
     , (30682,   5,       1) /* ManaRate */
     , (30682,  12,     0.5) /* Shade */
     , (30682,  13,    1.05) /* ArmorModVsSlash */
     , (30682,  14,       1) /* ArmorModVsPierce */
     , (30682,  15,    1.05) /* ArmorModVsBludgeon */
     , (30682,  16,    0.95) /* ArmorModVsCold */
     , (30682,  17,    1.05) /* ArmorModVsFire */
     , (30682,  18,    0.75) /* ArmorModVsAcid */
     , (30682,  19,       1) /* ArmorModVsElectric */
     , (30682,  31,      18) /* VisualAwarenessRange */
     , (30682,  34,       1) /* PowerupTime */
     , (30682,  36,       1) /* ChargeSpeed */
     , (30682,  39,     1.5) /* DefaultScale */
     , (30682,  64,    0.75) /* ResistSlash */
     , (30682,  65,    0.75) /* ResistPierce */
     , (30682,  66,    0.75) /* ResistBludgeon */
     , (30682,  67,     0.8) /* ResistFire */
     , (30682,  68,    0.65) /* ResistCold */
     , (30682,  69,     1.8) /* ResistAcid */
     , (30682,  70,    0.35) /* ResistElectric */
     , (30682,  71,       1) /* ResistHealthBoost */
     , (30682,  72,       1) /* ResistStaminaDrain */
     , (30682,  73,       1) /* ResistStaminaBoost */
     , (30682,  74,       1) /* ResistManaDrain */
     , (30682,  75,       1) /* ResistManaBoost */
     , (30682, 104,      10) /* ObviousRadarRange */
     , (30682, 125,       1) /* ResistHealthDrain */;

INSERT INTO `weenie_properties_string` (`object_Id`, `type`, `value`)
VALUES (30682,   1, 'Withered Drudge Seraph Mystic') /* Name */;

INSERT INTO `weenie_properties_d_i_d` (`object_Id`, `type`, `value`)
VALUES (30682,   1, 0x020012B2) /* Setup */
     , (30682,   2, 0x09000008) /* MotionTable */
     , (30682,   3, 0x20000007) /* SoundTable */
     , (30682,   4, 0x30000004) /* CombatTable */
     , (30682,   6, 0x04000F6C) /* PaletteBase */
     , (30682,   7, 0x100005A0) /* ClothingBase */
     , (30682,   8, 0x06001035) /* Icon */
     , (30682,  22, 0x3400001A) /* PhysicsEffectTable */
     , (30682,  35,         26) /* DeathTreasureType - T6_Boss_MedAmount - Loot Tier: 6 */;

INSERT INTO `weenie_properties_attribute` (`object_Id`, `type`, `init_Level`, `level_From_C_P`, `c_P_Spent`)
VALUES (30682,   1, 450, 0, 0) /* Strength */
     , (30682,   2, 400, 0, 0) /* Endurance */
     , (30682,   3, 380, 0, 0) /* Quickness */
     , (30682,   4, 380, 0, 0) /* Coordination */
     , (30682,   5, 420, 0, 0) /* Focus */
     , (30682,   6, 420, 0, 0) /* Self */;

INSERT INTO `weenie_properties_attribute_2nd` (`object_Id`, `type`, `init_Level`, `level_From_C_P`, `c_P_Spent`, `current_Level`)
VALUES (30682,   1,  5800, 0, 0, 6000) /* MaxHealth */
     , (30682,   3,  5600, 0, 0, 6000) /* MaxStamina */
     , (30682,   5,  5580, 0, 0, 6000) /* MaxMana */;

INSERT INTO `weenie_properties_skill` (`object_Id`, `type`, `level_From_P_P`, `s_a_c`, `p_p`, `init_Level`, `resistance_At_Last_Check`, `last_Used_Time`)
VALUES (30682,  1, 0, 3, 0, 282, 0, 0) /* Axe                 Specialized */
     , (30682,  6, 0, 3, 0, 310, 0, 0) /* MeleeDefense        Specialized */
     , (30682,  7, 0, 3, 0, 445, 0, 0) /* MissileDefense      Specialized */
     , (30682, 12, 0, 3, 0, 215, 0, 0) /* ThrownWeapon        Specialized */
     , (30682, 14, 0, 3, 0, 350, 0, 0) /* ArcaneLore          Specialized */
     , (30682, 15, 0, 3, 0, 330, 0, 0) /* MagicDefense        Specialized */
     , (30682, 20, 0, 3, 0, 120, 0, 0) /* Deception           Specialized */
     , (30682, 24, 0, 3, 0,  75, 0, 0) /* Run                 Specialized */
     , (30682, 31, 0, 3, 0, 200, 0, 0) /* CreatureEnchantment Specialized */
     , (30682, 33, 0, 3, 0, 200, 0, 0) /* LifeMagic           Specialized */
     , (30682, 34, 0, 3, 0, 200, 0, 0) /* WarMagic            Specialized */;

INSERT INTO `weenie_properties_body_part` (`object_Id`, `key`, `d_Type`, `d_Val`, `d_Var`, `base_Armor`, `armor_Vs_Slash`, `armor_Vs_Pierce`, `armor_Vs_Bludgeon`, `armor_Vs_Cold`, `armor_Vs_Fire`, `armor_Vs_Acid`, `armor_Vs_Electric`, `armor_Vs_Nether`, `b_h`, `h_l_f`, `m_l_f`, `l_l_f`, `h_r_f`, `m_r_f`, `l_r_f`, `h_l_b`, `m_l_b`, `l_l_b`, `h_r_b`, `m_r_b`, `l_r_b`)
VALUES (30682,  0,  4,  0,    0,  550,  578,  550,  578,  523,  578,  413,  550,    0, 1, 0.33,    0,    0, 0.33,    0,    0, 0.33,    0,    0, 0.33,    0,    0) /* Head */
     , (30682,  1,  4,  0,    0,  550,  578,  550,  578,  523,  578,  413,  550,    0, 2, 0.44, 0.17,    0, 0.44, 0.17,    0, 0.44, 0.17,    0, 0.44, 0.17,    0) /* Chest */
     , (30682,  2,  4,  0,    0,  550,  578,  550,  578,  523,  578,  413,  550,    0, 3,    0, 0.17,    0,    0, 0.17,    0,    0, 0.17,    0,    0, 0.17,    0) /* Abdomen */
     , (30682,  3,  4,  0,    0,  550,  578,  550,  578,  523,  578,  413,  550,    0, 1, 0.23, 0.03,    0, 0.23, 0.03,    0, 0.23, 0.03,    0, 0.23, 0.03,    0) /* UpperArm */
     , (30682,  4,  4,  0,    0,  550,  578,  550,  578,  523,  578,  413,  550,    0, 2,    0,  0.3,    0,    0,  0.3,    0,    0,  0.3,    0,    0,  0.3,    0) /* LowerArm */
     , (30682,  5,  1, 120, 0.75,  550,  578,  550,  578,  523,  578,  413,  550,    0, 2,    0,  0.2,    0,    0,  0.2,    0,    0,  0.2,    0,    0,  0.2,    0) /* Hand */
     , (30682,  6,  4,  0,    0,  550,  578,  550,  578,  523,  578,  413,  550,    0, 3,    0, 0.13, 0.18,    0, 0.13, 0.18,    0, 0.13, 0.18,    0, 0.13, 0.18) /* UpperLeg */
     , (30682,  7,  4,  0,    0,  550,  578,  550,  578,  523,  578,  413,  550,    0, 3,    0,    0,  0.6,    0,    0,  0.6,    0,    0,  0.6,    0,    0,  0.6) /* LowerLeg */
     , (30682,  8,  4, 140, 0.75,  550,  578,  550,  578,  523,  578,  413,  550,    0, 3,    0,    0, 0.22,    0,    0, 0.22,    0,    0, 0.22,    0,    0, 0.22) /* Foot */;

INSERT INTO `weenie_properties_spell_book` (`object_Id`, `spell`, `probability`)
VALUES (30682,  1089,   2.05)  /* Lightning Vulnerability Other VI */
     , (30682,  1161,   2.05)  /* Heal Self VI */
     , (30682,  1326,   2.05)  /* Imperil Other V */
     , (30682,  1420,   2.05)  /* Slowness Other VI */
     , (30682,  1468,   2.05)  /* Feeblemind Other VI */
     , (30682,  2122,   2.05)  /* Disintegration */
     , (30682,  2123,   2.05)  /* Celdiseth's Searing */
     , (30682,  2140,   2.05)  /* Alset's Coil */;

INSERT INTO `weenie_properties_event_filter` (`object_Id`, `event`)
VALUES (30682,  94) /* ATTACK_NOTIFICATION_EVENT */
     , (30682, 414) /* PLAYER_DEATH_EVENT */;

INSERT INTO `weenie_properties_emote` (`object_Id`, `category`, `probability`, `weenie_Class_Id`, `style`, `substyle`, `quest`, `vendor_Type`, `min_Health`, `max_Health`)
VALUES (30682,  5 /* HeartBeat */,  0.025, NULL, 0x8000003C /* HandCombat */, 0x41000003 /* Ready */, NULL, NULL, NULL, NULL);

SET @parent_id = LAST_INSERT_ID();

INSERT INTO `weenie_properties_emote_action` (`emote_Id`, `order`, `type`, `delay`, `extent`, `motion`, `message`, `test_String`, `min`, `max`, `min_64`, `max_64`, `min_Dbl`, `max_Dbl`, `stat`, `display`, `amount`, `amount_64`, `hero_X_P_64`, `percent`, `spell_Id`, `wealth_Rating`, `treasure_Class`, `treasure_Type`, `p_Script`, `sound`, `destination_Type`, `weenie_Class_Id`, `stack_Size`, `palette`, `shade`, `try_To_Bond`, `obj_Cell_Id`, `origin_X`, `origin_Y`, `origin_Z`, `angles_W`, `angles_X`, `angles_Y`, `angles_Z`)
VALUES (@parent_id,  0,   5 /* Motion */, 0, 1, 0x10000054 /* Twitch4 */, NULL, NULL, NULL, NULL, NULL, NULL, NULL, NULL, NULL, NULL, NULL, NULL, NULL, NULL, NULL, NULL, NULL, NULL, NULL, NULL, NULL, NULL, NULL, NULL, NULL, NULL, NULL, NULL, NULL, NULL, NULL, NULL, NULL, NULL);

INSERT INTO `weenie_properties_emote` (`object_Id`, `category`, `probability`, `weenie_Class_Id`, `style`, `substyle`, `quest`, `vendor_Type`, `min_Health`, `max_Health`)
VALUES (30682,  5 /* HeartBeat */,   0.07, NULL, 0x8000003C /* HandCombat */, 0x41000003 /* Ready */, NULL, NULL, NULL, NULL);

SET @parent_id = LAST_INSERT_ID();

INSERT INTO `weenie_properties_emote_action` (`emote_Id`, `order`, `type`, `delay`, `extent`, `motion`, `message`, `test_String`, `min`, `max`, `min_64`, `max_64`, `min_Dbl`, `max_Dbl`, `stat`, `display`, `amount`, `amount_64`, `hero_X_P_64`, `percent`, `spell_Id`, `wealth_Rating`, `treasure_Class`, `treasure_Type`, `p_Script`, `sound`, `destination_Type`, `weenie_Class_Id`, `stack_Size`, `palette`, `shade`, `try_To_Bond`, `obj_Cell_Id`, `origin_X`, `origin_Y`, `origin_Z`, `angles_W`, `angles_X`, `angles_Y`, `angles_Z`)
VALUES (@parent_id,  0,   5 /* Motion */, 0, 1, 0x10000053 /* Twitch3 */, NULL, NULL, NULL, NULL, NULL, NULL, NULL, NULL, NULL, NULL, NULL, NULL, NULL, NULL, NULL, NULL, NULL, NULL, NULL, NULL, NULL, NULL, NULL, NULL, NULL, NULL, NULL, NULL, NULL, NULL, NULL, NULL, NULL, NULL);

INSERT INTO `weenie_properties_emote` (`object_Id`, `category`, `probability`, `weenie_Class_Id`, `style`, `substyle`, `quest`, `vendor_Type`, `min_Health`, `max_Health`)
VALUES (30682,  5 /* HeartBeat */,  0.095, NULL, 0x8000003C /* HandCombat */, 0x41000003 /* Ready */, NULL, NULL, NULL, NULL);

SET @parent_id = LAST_INSERT_ID();

INSERT INTO `weenie_properties_emote_action` (`emote_Id`, `order`, `type`, `delay`, `extent`, `motion`, `message`, `test_String`, `min`, `max`, `min_64`, `max_64`, `min_Dbl`, `max_Dbl`, `stat`, `display`, `amount`, `amount_64`, `hero_X_P_64`, `percent`, `spell_Id`, `wealth_Rating`, `treasure_Class`, `treasure_Type`, `p_Script`, `sound`, `destination_Type`, `weenie_Class_Id`, `stack_Size`, `palette`, `shade`, `try_To_Bond`, `obj_Cell_Id`, `origin_X`, `origin_Y`, `origin_Z`, `angles_W`, `angles_X`, `angles_Y`, `angles_Z`)
VALUES (@parent_id,  0,   5 /* Motion */, 0, 1, 0x10000052 /* Twitch2 */, NULL, NULL, NULL, NULL, NULL, NULL, NULL, NULL, NULL, NULL, NULL, NULL, NULL, NULL, NULL, NULL, NULL, NULL, NULL, NULL, NULL, NULL, NULL, NULL, NULL, NULL, NULL, NULL, NULL, NULL, NULL, NULL, NULL, NULL);

INSERT INTO `weenie_properties_emote` (`object_Id`, `category`, `probability`, `weenie_Class_Id`, `style`, `substyle`, `quest`, `vendor_Type`, `min_Health`, `max_Health`)
VALUES (30682,  5 /* HeartBeat */,    0.1, NULL, 0x8000003C /* HandCombat */, 0x41000003 /* Ready */, NULL, NULL, NULL, NULL);

SET @parent_id = LAST_INSERT_ID();

INSERT INTO `weenie_properties_emote_action` (`emote_Id`, `order`, `type`, `delay`, `extent`, `motion`, `message`, `test_String`, `min`, `max`, `min_64`, `max_64`, `min_Dbl`, `max_Dbl`, `stat`, `display`, `amount`, `amount_64`, `hero_X_P_64`, `percent`, `spell_Id`, `wealth_Rating`, `treasure_Class`, `treasure_Type`, `p_Script`, `sound`, `destination_Type`, `weenie_Class_Id`, `stack_Size`, `palette`, `shade`, `try_To_Bond`, `obj_Cell_Id`, `origin_X`, `origin_Y`, `origin_Z`, `angles_W`, `angles_X`, `angles_Y`, `angles_Z`)
VALUES (@parent_id,  0,   5 /* Motion */, 0, 1, 0x10000051 /* Twitch1 */, NULL, NULL, NULL, NULL, NULL, NULL, NULL, NULL, NULL, NULL, NULL, NULL, NULL, NULL, NULL, NULL, NULL, NULL, NULL, NULL, NULL, NULL, NULL, NULL, NULL, NULL, NULL, NULL, NULL, NULL, NULL, NULL, NULL, NULL);

INSERT INTO `weenie_properties_emote` (`object_Id`, `category`, `probability`, `weenie_Class_Id`, `style`, `substyle`, `quest`, `vendor_Type`, `min_Health`, `max_Health`)
VALUES (30682,  5 /* HeartBeat */,   0.05, NULL, 0x8000003E /* SwordCombat */, 0x41000003 /* Ready */, NULL, NULL, NULL, NULL);

SET @parent_id = LAST_INSERT_ID();

INSERT INTO `weenie_properties_emote_action` (`emote_Id`, `order`, `type`, `delay`, `extent`, `motion`, `message`, `test_String`, `min`, `max`, `min_64`, `max_64`, `min_Dbl`, `max_Dbl`, `stat`, `display`, `amount`, `amount_64`, `hero_X_P_64`, `percent`, `spell_Id`, `wealth_Rating`, `treasure_Class`, `treasure_Type`, `p_Script`, `sound`, `destination_Type`, `weenie_Class_Id`, `stack_Size`, `palette`, `shade`, `try_To_Bond`, `obj_Cell_Id`, `origin_X`, `origin_Y`, `origin_Z`, `angles_W`, `angles_X`, `angles_Y`, `angles_Z`)
VALUES (@parent_id,  0,   5 /* Motion */, 0, 1, 0x10000051 /* Twitch1 */, NULL, NULL, NULL, NULL, NULL, NULL, NULL, NULL, NULL, NULL, NULL, NULL, NULL, NULL, NULL, NULL, NULL, NULL, NULL, NULL, NULL, NULL, NULL, NULL, NULL, NULL, NULL, NULL, NULL, NULL, NULL, NULL, NULL, NULL);

INSERT INTO `weenie_properties_emote` (`object_Id`, `category`, `probability`, `weenie_Class_Id`, `style`, `substyle`, `quest`, `vendor_Type`, `min_Health`, `max_Health`)
VALUES (30682,  5 /* HeartBeat */,  0.025, NULL, 0x8000003D /* NonCombat */, 0x41000003 /* Ready */, NULL, NULL, NULL, NULL);

SET @parent_id = LAST_INSERT_ID();

INSERT INTO `weenie_properties_emote_action` (`emote_Id`, `order`, `type`, `delay`, `extent`, `motion`, `message`, `test_String`, `min`, `max`, `min_64`, `max_64`, `min_Dbl`, `max_Dbl`, `stat`, `display`, `amount`, `amount_64`, `hero_X_P_64`, `percent`, `spell_Id`, `wealth_Rating`, `treasure_Class`, `treasure_Type`, `p_Script`, `sound`, `destination_Type`, `weenie_Class_Id`, `stack_Size`, `palette`, `shade`, `try_To_Bond`, `obj_Cell_Id`, `origin_X`, `origin_Y`, `origin_Z`, `angles_W`, `angles_X`, `angles_Y`, `angles_Z`)
VALUES (@parent_id,  0,   5 /* Motion */, 0, 1, 0x10000054 /* Twitch4 */, NULL, NULL, NULL, NULL, NULL, NULL, NULL, NULL, NULL, NULL, NULL, NULL, NULL, NULL, NULL, NULL, NULL, NULL, NULL, NULL, NULL, NULL, NULL, NULL, NULL, NULL, NULL, NULL, NULL, NULL, NULL, NULL, NULL, NULL);

INSERT INTO `weenie_properties_emote` (`object_Id`, `category`, `probability`, `weenie_Class_Id`, `style`, `substyle`, `quest`, `vendor_Type`, `min_Health`, `max_Health`)
VALUES (30682,  5 /* HeartBeat */,   0.07, NULL, 0x8000003D /* NonCombat */, 0x41000003 /* Ready */, NULL, NULL, NULL, NULL);

SET @parent_id = LAST_INSERT_ID();

INSERT INTO `weenie_properties_emote_action` (`emote_Id`, `order`, `type`, `delay`, `extent`, `motion`, `message`, `test_String`, `min`, `max`, `min_64`, `max_64`, `min_Dbl`, `max_Dbl`, `stat`, `display`, `amount`, `amount_64`, `hero_X_P_64`, `percent`, `spell_Id`, `wealth_Rating`, `treasure_Class`, `treasure_Type`, `p_Script`, `sound`, `destination_Type`, `weenie_Class_Id`, `stack_Size`, `palette`, `shade`, `try_To_Bond`, `obj_Cell_Id`, `origin_X`, `origin_Y`, `origin_Z`, `angles_W`, `angles_X`, `angles_Y`, `angles_Z`)
VALUES (@parent_id,  0,   5 /* Motion */, 0, 1, 0x10000053 /* Twitch3 */, NULL, NULL, NULL, NULL, NULL, NULL, NULL, NULL, NULL, NULL, NULL, NULL, NULL, NULL, NULL, NULL, NULL, NULL, NULL, NULL, NULL, NULL, NULL, NULL, NULL, NULL, NULL, NULL, NULL, NULL, NULL, NULL, NULL, NULL);

INSERT INTO `weenie_properties_emote` (`object_Id`, `category`, `probability`, `weenie_Class_Id`, `style`, `substyle`, `quest`, `vendor_Type`, `min_Health`, `max_Health`)
VALUES (30682,  5 /* HeartBeat */,  0.095, NULL, 0x8000003D /* NonCombat */, 0x41000003 /* Ready */, NULL, NULL, NULL, NULL);

SET @parent_id = LAST_INSERT_ID();

INSERT INTO `weenie_properties_emote_action` (`emote_Id`, `order`, `type`, `delay`, `extent`, `motion`, `message`, `test_String`, `min`, `max`, `min_64`, `max_64`, `min_Dbl`, `max_Dbl`, `stat`, `display`, `amount`, `amount_64`, `hero_X_P_64`, `percent`, `spell_Id`, `wealth_Rating`, `treasure_Class`, `treasure_Type`, `p_Script`, `sound`, `destination_Type`, `weenie_Class_Id`, `stack_Size`, `palette`, `shade`, `try_To_Bond`, `obj_Cell_Id`, `origin_X`, `origin_Y`, `origin_Z`, `angles_W`, `angles_X`, `angles_Y`, `angles_Z`)
VALUES (@parent_id,  0,   5 /* Motion */, 0, 1, 0x10000052 /* Twitch2 */, NULL, NULL, NULL, NULL, NULL, NULL, NULL, NULL, NULL, NULL, NULL, NULL, NULL, NULL, NULL, NULL, NULL, NULL, NULL, NULL, NULL, NULL, NULL, NULL, NULL, NULL, NULL, NULL, NULL, NULL, NULL, NULL, NULL, NULL);

INSERT INTO `weenie_properties_emote` (`object_Id`, `category`, `probability`, `weenie_Class_Id`, `style`, `substyle`, `quest`, `vendor_Type`, `min_Health`, `max_Health`)
VALUES (30682,  5 /* HeartBeat */,    0.1, NULL, 0x8000003D /* NonCombat */, 0x41000003 /* Ready */, NULL, NULL, NULL, NULL);

SET @parent_id = LAST_INSERT_ID();

INSERT INTO `weenie_properties_emote_action` (`emote_Id`, `order`, `type`, `delay`, `extent`, `motion`, `message`, `test_String`, `min`, `max`, `min_64`, `max_64`, `min_Dbl`, `max_Dbl`, `stat`, `display`, `amount`, `amount_64`, `hero_X_P_64`, `percent`, `spell_Id`, `wealth_Rating`, `treasure_Class`, `treasure_Type`, `p_Script`, `sound`, `destination_Type`, `weenie_Class_Id`, `stack_Size`, `palette`, `shade`, `try_To_Bond`, `obj_Cell_Id`, `origin_X`, `origin_Y`, `origin_Z`, `angles_W`, `angles_X`, `angles_Y`, `angles_Z`)
VALUES (@parent_id,  0,   5 /* Motion */, 0, 1, 0x10000051 /* Twitch1 */, NULL, NULL, NULL, NULL, NULL, NULL, NULL, NULL, NULL, NULL, NULL, NULL, NULL, NULL, NULL, NULL, NULL, NULL, NULL, NULL, NULL, NULL, NULL, NULL, NULL, NULL, NULL, NULL, NULL, NULL, NULL, NULL, NULL, NULL);

INSERT INTO `weenie_properties_create_list` (`object_Id`, `destination_Type`, `weenie_Class_Id`, `stack_Size`, `palette`, `shade`, `try_To_Bond`)
VALUES (30682, 9, 23108,  0, 0, 0.04, False) /* Create Twisted Dark Key (23108) for ContainTreasure */
     , (30682, 9,     0,  0, 0, 0.96, False) /* Create nothing for ContainTreasure */
     , (30682, 9, 23107,  0, 0, 0.02, False) /* Create Mangled Dark Key (23107) for ContainTreasure */
     , (30682, 9,     0,  0, 0, 0.98, False) /* Create nothing for ContainTreasure */
     , (30682, 9, 25567,  0, 0, 0.1, False) /* Create Glittering Key (25567) for ContainTreasure */
     , (30682, 9,     0,  0, 0, 0.9, False) /* Create nothing for ContainTreasure */;
DELETE FROM `weenie` WHERE `class_Id` = 30683;

INSERT INTO `weenie` (`class_Id`, `class_Name`, `type`, `last_Modified`)
VALUES (30683, 'banderlingheirophantwithered', 10, '2019-09-13 00:00:00') /* Creature */;

INSERT INTO `weenie_properties_int` (`object_Id`, `type`, `value`)
VALUES (30683,   1,         16) /* ItemType - Creature */
     , (30683,   2,          2) /* CreatureType - Banderling */
     , (30683,   3,         76) /* PaletteTemplate - Orange */
     , (30683,   6,         -1) /* ItemsCapacity */
     , (30683,   7,         -1) /* ContainersCapacity */
     , (30683,  16,          1) /* ItemUseable - No */
     , (30683,  25,        161) /* Level */
     , (30683,  27,          0) /* ArmorType - None */
     , (30683,  40,          2) /* CombatMode - Melee */
     , (30683,  68,          3) /* TargetingTactic - Random, Focused */
     , (30683,  93,       1032) /* PhysicsState - ReportCollisions, Gravity */
     , (30683, 101,        131) /* AiAllowedCombatStyle - Unarmed, OneHanded, ThrownWeapon */
     , (30683, 133,          2) /* ShowableOnRadar - ShowMovement */
     , (30683, 140,          1) /* AiOptions - CanOpenDoors */
     , (30683, 146,     317687) /* XpOverride */;

INSERT INTO `weenie_properties_bool` (`object_Id`, `type`, `value`)
VALUES (30683,   1, True ) /* Stuck */
     , (30683,   6, True ) /* AiUsesMana */
     , (30683,  11, False) /* IgnoreCollisions */
     , (30683,  12, True ) /* ReportCollisions */
     , (30683,  13, False) /* Ethereal */
     , (30683, 103, True ) /* NonProjectileMagicImmune */
     , (30683, 9016, True ) /* UseXpOverride */;

INSERT INTO `weenie_properties_float` (`object_Id`, `type`, `value`)
VALUES (30683,   1,       5) /* HeartbeatInterval */
     , (30683,   2,       0) /* HeartbeatTimestamp */
     , (30683,   3,      12) /* HealthRate */
     , (30683,   4,      25) /* StaminaRate */
     , (30683,   5,       2) /* ManaRate */
     , (30683,  12,     0.5) /* Shade */
     , (30683,  13,     0.5) /* ArmorModVsSlash */
     , (30683,  14,    0.35) /* ArmorModVsPierce */
     , (30683,  15,    0.55) /* ArmorModVsBludgeon */
     , (30683,  16,     0.5) /* ArmorModVsCold */
     , (30683,  17,    0.85) /* ArmorModVsFire */
     , (30683,  18,    0.35) /* ArmorModVsAcid */
     , (30683,  19,     1.1) /* ArmorModVsElectric */
     , (30683,  31,      22) /* VisualAwarenessRange */
     , (30683,  34,       1) /* PowerupTime */
     , (30683,  36,       1) /* ChargeSpeed */
     , (30683,  39,     1.3) /* DefaultScale */
     , (30683,  64,    0.75) /* ResistSlash */
     , (30683,  65,    0.55) /* ResistPierce */
     , (30683,  66,     0.5) /* ResistBludgeon */
     , (30683,  67,    1.05) /* ResistFire */
     , (30683,  68,    0.75) /* ResistCold */
     , (30683,  69,    0.35) /* ResistAcid */
     , (30683,  70,     2.5) /* ResistElectric */
     , (30683,  71,       1) /* ResistHealthBoost */
     , (30683,  72,       1) /* ResistStaminaDrain */
     , (30683,  73,       1) /* ResistStaminaBoost */
     , (30683,  74,       1) /* ResistManaDrain */
     , (30683,  75,       1) /* ResistManaBoost */
     , (30683,  80,       3) /* AiUseMagicDelay */
     , (30683, 104,      10) /* ObviousRadarRange */
     , (30683, 122,       2) /* AiAcquireHealth */
     , (30683, 125,       1) /* ResistHealthDrain */;

INSERT INTO `weenie_properties_string` (`object_Id`, `type`, `value`)
VALUES (30683,   1, 'Withered Banderling Hierophant') /* Name */;

INSERT INTO `weenie_properties_d_i_d` (`object_Id`, `type`, `value`)
VALUES (30683,   1, 0x020012B4) /* Setup */
     , (30683,   2, 0x09000007) /* MotionTable */
     , (30683,   3, 0x20000005) /* SoundTable */
     , (30683,   4, 0x30000002) /* CombatTable */
     , (30683,   6, 0x04001425) /* PaletteBase */
     , (30683,   7, 0x100005A1) /* ClothingBase */
     , (30683,   8, 0x0600103D) /* Icon */
     , (30683,  22, 0x34000017) /* PhysicsEffectTable */
     , (30683,  32,        423) /* WieldedTreasureType */
     , (30683,  35,        449) /* DeathTreasureType - T6_General - Loot Tier: 6 */;

INSERT INTO `weenie_properties_attribute` (`object_Id`, `type`, `init_Level`, `level_From_C_P`, `c_P_Spent`)
VALUES (30683,   1, 260, 0, 0) /* Strength */
     , (30683,   2, 300, 0, 0) /* Endurance */
     , (30683,   3, 320, 0, 0) /* Quickness */
     , (30683,   4, 320, 0, 0) /* Coordination */
     , (30683,   5, 360, 0, 0) /* Focus */
     , (30683,   6, 360, 0, 0) /* Self */;

INSERT INTO `weenie_properties_attribute_2nd` (`object_Id`, `type`, `init_Level`, `level_From_C_P`, `c_P_Spent`, `current_Level`)
VALUES (30683,   1,  5850, 0, 0, 6000) /* MaxHealth */
     , (30683,   3,  5700, 0, 0, 6000) /* MaxStamina */
     , (30683,   5,  2640, 0, 0, 3000) /* MaxMana */;

INSERT INTO `weenie_properties_skill` (`object_Id`, `type`, `level_From_P_P`, `s_a_c`, `p_p`, `init_Level`, `resistance_At_Last_Check`, `last_Used_Time`)
VALUES (30683,  2, 0, 3, 0, 290, 0, 0) /* Bow                 Specialized */
     , (30683,  6, 0, 3, 0, 327, 0, 0) /* MeleeDefense        Specialized */
     , (30683,  7, 0, 3, 0, 444, 0, 0) /* MissileDefense      Specialized */
     , (30683, 13, 0, 3, 0, 283, 0, 0) /* UnarmedCombat       Specialized */
     , (30683, 14, 0, 3, 0, 200, 0, 0) /* ArcaneLore          Specialized */
     , (30683, 15, 0, 3, 0, 350, 0, 0) /* MagicDefense        Specialized */
     , (30683, 20, 0, 3, 0,  40, 0, 0) /* Deception           Specialized */
     , (30683, 22, 0, 3, 0,  40, 0, 0) /* Jump                Specialized */
     , (30683, 24, 0, 3, 0,  40, 0, 0) /* Run                 Specialized */
     , (30683, 31, 0, 3, 0, 210, 0, 0) /* CreatureEnchantment Specialized */
     , (30683, 33, 0, 3, 0, 210, 0, 0) /* LifeMagic           Specialized */
     , (30683, 34, 0, 3, 0, 210, 0, 0) /* WarMagic            Specialized */;

INSERT INTO `weenie_properties_body_part` (`object_Id`, `key`, `d_Type`, `d_Val`, `d_Var`, `base_Armor`, `armor_Vs_Slash`, `armor_Vs_Pierce`, `armor_Vs_Bludgeon`, `armor_Vs_Cold`, `armor_Vs_Fire`, `armor_Vs_Acid`, `armor_Vs_Electric`, `armor_Vs_Nether`, `b_h`, `h_l_f`, `m_l_f`, `l_l_f`, `h_r_f`, `m_r_f`, `l_r_f`, `h_l_b`, `m_l_b`, `l_l_b`, `h_r_b`, `m_r_b`, `l_r_b`)
VALUES (30683,  0,  4,  0,    0,  750,  375,  263,  413,  375,  638,  263,  825,    0, 1, 0.33,    0,    0, 0.33,    0,    0, 0.33,    0,    0, 0.33,    0,    0) /* Head */
     , (30683,  1,  4,  0,    0,  750,  375,  263,  413,  375,  638,  263,  825,    0, 2, 0.44, 0.17,    0, 0.44, 0.17,    0, 0.44, 0.17,    0, 0.44, 0.17,    0) /* Chest */
     , (30683,  2,  4,  0,    0,  750,  375,  263,  413,  375,  638,  263,  825,    0, 3,    0, 0.17,    0,    0, 0.17,    0,    0, 0.17,    0,    0, 0.17,    0) /* Abdomen */
     , (30683,  3,  4,  0,    0,  750,  375,  263,  413,  375,  638,  263,  825,    0, 1, 0.23, 0.03,    0, 0.23, 0.03,    0, 0.23, 0.03,    0, 0.23, 0.03,    0) /* UpperArm */
     , (30683,  4,  4,  0,    0,  750,  375,  263,  413,  375,  638,  263,  825,    0, 2,    0,  0.3,    0,    0,  0.3,    0,    0,  0.3,    0,    0,  0.3,    0) /* LowerArm */
     , (30683,  5,  4, 110, 0.75,  750,  375,  263,  413,  375,  638,  263,  825,    0, 2,    0,  0.2,    0,    0,  0.2,    0,    0,  0.2,    0,    0,  0.2,    0) /* Hand */
     , (30683,  6,  4,  0,    0,  750,  375,  263,  413,  375,  638,  263,  825,    0, 3,    0, 0.13, 0.18,    0, 0.13, 0.18,    0, 0.13, 0.18,    0, 0.13, 0.18) /* UpperLeg */
     , (30683,  7,  4,  0,    0,  750,  375,  263,  413,  375,  638,  263,  825,    0, 3,    0,    0,  0.6,    0,    0,  0.6,    0,    0,  0.6,    0,    0,  0.6) /* LowerLeg */
     , (30683,  8,  4, 130, 0.75,  750,  375,  263,  413,  375,  638,  263,  825,    0, 3,    0,    0, 0.22,    0,    0, 0.22,    0,    0, 0.22,    0,    0, 0.22) /* Foot */;

INSERT INTO `weenie_properties_spell_book` (`object_Id`, `spell`, `probability`)
VALUES (30683,    74,  2.071)  /* Frost Bolt VI */
     , (30683,    85,  2.071)  /* Flame Bolt VI */
     , (30683,   234,  2.071)  /* Vulnerability Other VI */
     , (30683,   267,  2.071)  /* Defenselessness Other VI */
     , (30683,   285,  2.071)  /* Magic Yield Other VI */
     , (30683,  1161,   2.05)  /* Heal Self VI */
     , (30683,  1176,   2.05)  /* Harm Other VI */
     , (30683,  1241,   2.05)  /* Drain Health Other V */
     , (30683,  2056,  2.071)  /* Ataxia */
     , (30683,  2074,  2.071)  /* Gossamer Flesh */
     , (30683,  2084,  2.071)  /* Belly of Lead */
     , (30683,  2088,  2.071)  /* Senescence */
     , (30683,  2168,  2.071)  /* Gelidite's Gift */
     , (30683,  2170,  2.071)  /* Inferno's Gift */;

INSERT INTO `weenie_properties_event_filter` (`object_Id`, `event`)
VALUES (30683,  94) /* ATTACK_NOTIFICATION_EVENT */
     , (30683, 414) /* PLAYER_DEATH_EVENT */;

INSERT INTO `weenie_properties_emote` (`object_Id`, `category`, `probability`, `weenie_Class_Id`, `style`, `substyle`, `quest`, `vendor_Type`, `min_Health`, `max_Health`)
VALUES (30683,  5 /* HeartBeat */,  0.045, NULL, 0x8000003C /* HandCombat */, 0x41000003 /* Ready */, NULL, NULL, NULL, NULL);

SET @parent_id = LAST_INSERT_ID();

INSERT INTO `weenie_properties_emote_action` (`emote_Id`, `order`, `type`, `delay`, `extent`, `motion`, `message`, `test_String`, `min`, `max`, `min_64`, `max_64`, `min_Dbl`, `max_Dbl`, `stat`, `display`, `amount`, `amount_64`, `hero_X_P_64`, `percent`, `spell_Id`, `wealth_Rating`, `treasure_Class`, `treasure_Type`, `p_Script`, `sound`, `destination_Type`, `weenie_Class_Id`, `stack_Size`, `palette`, `shade`, `try_To_Bond`, `obj_Cell_Id`, `origin_X`, `origin_Y`, `origin_Z`, `angles_W`, `angles_X`, `angles_Y`, `angles_Z`)
VALUES (@parent_id,  0,   5 /* Motion */, 0, 1, 0x10000053 /* Twitch3 */, NULL, NULL, NULL, NULL, NULL, NULL, NULL, NULL, NULL, NULL, NULL, NULL, NULL, NULL, NULL, NULL, NULL, NULL, NULL, NULL, NULL, NULL, NULL, NULL, NULL, NULL, NULL, NULL, NULL, NULL, NULL, NULL, NULL, NULL);

INSERT INTO `weenie_properties_emote` (`object_Id`, `category`, `probability`, `weenie_Class_Id`, `style`, `substyle`, `quest`, `vendor_Type`, `min_Health`, `max_Health`)
VALUES (30683,  5 /* HeartBeat */,  0.095, NULL, 0x8000003C /* HandCombat */, 0x41000003 /* Ready */, NULL, NULL, NULL, NULL);

SET @parent_id = LAST_INSERT_ID();

INSERT INTO `weenie_properties_emote_action` (`emote_Id`, `order`, `type`, `delay`, `extent`, `motion`, `message`, `test_String`, `min`, `max`, `min_64`, `max_64`, `min_Dbl`, `max_Dbl`, `stat`, `display`, `amount`, `amount_64`, `hero_X_P_64`, `percent`, `spell_Id`, `wealth_Rating`, `treasure_Class`, `treasure_Type`, `p_Script`, `sound`, `destination_Type`, `weenie_Class_Id`, `stack_Size`, `palette`, `shade`, `try_To_Bond`, `obj_Cell_Id`, `origin_X`, `origin_Y`, `origin_Z`, `angles_W`, `angles_X`, `angles_Y`, `angles_Z`)
VALUES (@parent_id,  0,   5 /* Motion */, 0, 1, 0x10000052 /* Twitch2 */, NULL, NULL, NULL, NULL, NULL, NULL, NULL, NULL, NULL, NULL, NULL, NULL, NULL, NULL, NULL, NULL, NULL, NULL, NULL, NULL, NULL, NULL, NULL, NULL, NULL, NULL, NULL, NULL, NULL, NULL, NULL, NULL, NULL, NULL);

INSERT INTO `weenie_properties_emote` (`object_Id`, `category`, `probability`, `weenie_Class_Id`, `style`, `substyle`, `quest`, `vendor_Type`, `min_Health`, `max_Health`)
VALUES (30683,  5 /* HeartBeat */,    0.1, NULL, 0x8000003C /* HandCombat */, 0x41000003 /* Ready */, NULL, NULL, NULL, NULL);

SET @parent_id = LAST_INSERT_ID();

INSERT INTO `weenie_properties_emote_action` (`emote_Id`, `order`, `type`, `delay`, `extent`, `motion`, `message`, `test_String`, `min`, `max`, `min_64`, `max_64`, `min_Dbl`, `max_Dbl`, `stat`, `display`, `amount`, `amount_64`, `hero_X_P_64`, `percent`, `spell_Id`, `wealth_Rating`, `treasure_Class`, `treasure_Type`, `p_Script`, `sound`, `destination_Type`, `weenie_Class_Id`, `stack_Size`, `palette`, `shade`, `try_To_Bond`, `obj_Cell_Id`, `origin_X`, `origin_Y`, `origin_Z`, `angles_W`, `angles_X`, `angles_Y`, `angles_Z`)
VALUES (@parent_id,  0,   5 /* Motion */, 0, 1, 0x10000051 /* Twitch1 */, NULL, NULL, NULL, NULL, NULL, NULL, NULL, NULL, NULL, NULL, NULL, NULL, NULL, NULL, NULL, NULL, NULL, NULL, NULL, NULL, NULL, NULL, NULL, NULL, NULL, NULL, NULL, NULL, NULL, NULL, NULL, NULL, NULL, NULL);

INSERT INTO `weenie_properties_emote` (`object_Id`, `category`, `probability`, `weenie_Class_Id`, `style`, `substyle`, `quest`, `vendor_Type`, `min_Health`, `max_Health`)
VALUES (30683,  5 /* HeartBeat */,   0.05, NULL, 0x8000003E /* SwordCombat */, 0x41000003 /* Ready */, NULL, NULL, NULL, NULL);

SET @parent_id = LAST_INSERT_ID();

INSERT INTO `weenie_properties_emote_action` (`emote_Id`, `order`, `type`, `delay`, `extent`, `motion`, `message`, `test_String`, `min`, `max`, `min_64`, `max_64`, `min_Dbl`, `max_Dbl`, `stat`, `display`, `amount`, `amount_64`, `hero_X_P_64`, `percent`, `spell_Id`, `wealth_Rating`, `treasure_Class`, `treasure_Type`, `p_Script`, `sound`, `destination_Type`, `weenie_Class_Id`, `stack_Size`, `palette`, `shade`, `try_To_Bond`, `obj_Cell_Id`, `origin_X`, `origin_Y`, `origin_Z`, `angles_W`, `angles_X`, `angles_Y`, `angles_Z`)
VALUES (@parent_id,  0,   5 /* Motion */, 0, 1, 0x10000051 /* Twitch1 */, NULL, NULL, NULL, NULL, NULL, NULL, NULL, NULL, NULL, NULL, NULL, NULL, NULL, NULL, NULL, NULL, NULL, NULL, NULL, NULL, NULL, NULL, NULL, NULL, NULL, NULL, NULL, NULL, NULL, NULL, NULL, NULL, NULL, NULL);

INSERT INTO `weenie_properties_emote` (`object_Id`, `category`, `probability`, `weenie_Class_Id`, `style`, `substyle`, `quest`, `vendor_Type`, `min_Health`, `max_Health`)
VALUES (30683,  5 /* HeartBeat */,  0.045, NULL, 0x8000003D /* NonCombat */, 0x41000003 /* Ready */, NULL, NULL, NULL, NULL);

SET @parent_id = LAST_INSERT_ID();

INSERT INTO `weenie_properties_emote_action` (`emote_Id`, `order`, `type`, `delay`, `extent`, `motion`, `message`, `test_String`, `min`, `max`, `min_64`, `max_64`, `min_Dbl`, `max_Dbl`, `stat`, `display`, `amount`, `amount_64`, `hero_X_P_64`, `percent`, `spell_Id`, `wealth_Rating`, `treasure_Class`, `treasure_Type`, `p_Script`, `sound`, `destination_Type`, `weenie_Class_Id`, `stack_Size`, `palette`, `shade`, `try_To_Bond`, `obj_Cell_Id`, `origin_X`, `origin_Y`, `origin_Z`, `angles_W`, `angles_X`, `angles_Y`, `angles_Z`)
VALUES (@parent_id,  0,   5 /* Motion */, 0, 1, 0x10000053 /* Twitch3 */, NULL, NULL, NULL, NULL, NULL, NULL, NULL, NULL, NULL, NULL, NULL, NULL, NULL, NULL, NULL, NULL, NULL, NULL, NULL, NULL, NULL, NULL, NULL, NULL, NULL, NULL, NULL, NULL, NULL, NULL, NULL, NULL, NULL, NULL);

INSERT INTO `weenie_properties_emote` (`object_Id`, `category`, `probability`, `weenie_Class_Id`, `style`, `substyle`, `quest`, `vendor_Type`, `min_Health`, `max_Health`)
VALUES (30683,  5 /* HeartBeat */,  0.095, NULL, 0x8000003D /* NonCombat */, 0x41000003 /* Ready */, NULL, NULL, NULL, NULL);

SET @parent_id = LAST_INSERT_ID();

INSERT INTO `weenie_properties_emote_action` (`emote_Id`, `order`, `type`, `delay`, `extent`, `motion`, `message`, `test_String`, `min`, `max`, `min_64`, `max_64`, `min_Dbl`, `max_Dbl`, `stat`, `display`, `amount`, `amount_64`, `hero_X_P_64`, `percent`, `spell_Id`, `wealth_Rating`, `treasure_Class`, `treasure_Type`, `p_Script`, `sound`, `destination_Type`, `weenie_Class_Id`, `stack_Size`, `palette`, `shade`, `try_To_Bond`, `obj_Cell_Id`, `origin_X`, `origin_Y`, `origin_Z`, `angles_W`, `angles_X`, `angles_Y`, `angles_Z`)
VALUES (@parent_id,  0,   5 /* Motion */, 0, 1, 0x10000052 /* Twitch2 */, NULL, NULL, NULL, NULL, NULL, NULL, NULL, NULL, NULL, NULL, NULL, NULL, NULL, NULL, NULL, NULL, NULL, NULL, NULL, NULL, NULL, NULL, NULL, NULL, NULL, NULL, NULL, NULL, NULL, NULL, NULL, NULL, NULL, NULL);

INSERT INTO `weenie_properties_emote` (`object_Id`, `category`, `probability`, `weenie_Class_Id`, `style`, `substyle`, `quest`, `vendor_Type`, `min_Health`, `max_Health`)
VALUES (30683,  5 /* HeartBeat */,    0.1, NULL, 0x8000003D /* NonCombat */, 0x41000003 /* Ready */, NULL, NULL, NULL, NULL);

SET @parent_id = LAST_INSERT_ID();

INSERT INTO `weenie_properties_emote_action` (`emote_Id`, `order`, `type`, `delay`, `extent`, `motion`, `message`, `test_String`, `min`, `max`, `min_64`, `max_64`, `min_Dbl`, `max_Dbl`, `stat`, `display`, `amount`, `amount_64`, `hero_X_P_64`, `percent`, `spell_Id`, `wealth_Rating`, `treasure_Class`, `treasure_Type`, `p_Script`, `sound`, `destination_Type`, `weenie_Class_Id`, `stack_Size`, `palette`, `shade`, `try_To_Bond`, `obj_Cell_Id`, `origin_X`, `origin_Y`, `origin_Z`, `angles_W`, `angles_X`, `angles_Y`, `angles_Z`)
VALUES (@parent_id,  0,   5 /* Motion */, 0, 1, 0x10000051 /* Twitch1 */, NULL, NULL, NULL, NULL, NULL, NULL, NULL, NULL, NULL, NULL, NULL, NULL, NULL, NULL, NULL, NULL, NULL, NULL, NULL, NULL, NULL, NULL, NULL, NULL, NULL, NULL, NULL, NULL, NULL, NULL, NULL, NULL, NULL, NULL);

INSERT INTO `weenie_properties_create_list` (`object_Id`, `destination_Type`, `weenie_Class_Id`, `stack_Size`, `palette`, `shade`, `try_To_Bond`)
VALUES (30683, 9,  3693,  0, 0, 0.3, False) /* Create Banderling Scalp (3693) for ContainTreasure */
     , (30683, 9,     0,  0, 0, 0.7, False) /* Create nothing for ContainTreasure */
     , (30683, 9, 23108,  0, 0, 0.02, False) /* Create Twisted Dark Key (23108) for ContainTreasure */
     , (30683, 9,     0,  0, 0, 0.98, False) /* Create nothing for ContainTreasure */
     , (30683, 9, 23107,  0, 0, 0.01, False) /* Create Mangled Dark Key (23107) for ContainTreasure */
     , (30683, 9,     0,  0, 0, 0.99, False) /* Create nothing for ContainTreasure */
     , (30683, 9,  7825,  0, 0, 0.1, False) /* Create Brown Beans (7825) for ContainTreasure */
     , (30683, 9,     0,  0, 0, 0.9, False) /* Create nothing for ContainTreasure */;
DELETE FROM `weenie` WHERE `class_Id` = 30685;

INSERT INTO `weenie` (`class_Id`, `class_Name`, `type`, `last_Modified`)
VALUES (30685, 'banderlingaggressorwithered', 10, '2019-09-13 00:00:00') /* Creature */;

INSERT INTO `weenie_properties_int` (`object_Id`, `type`, `value`)
VALUES (30685,   1,         16) /* ItemType - Creature */
     , (30685,   2,          2) /* CreatureType - Banderling */
     , (30685,   3,         16) /* PaletteTemplate - Rose */
     , (30685,   6,         -1) /* ItemsCapacity */
     , (30685,   7,         -1) /* ContainersCapacity */
     , (30685,  16,          1) /* ItemUseable - No */
     , (30685,  25,        161) /* Level */
     , (30685,  27,          0) /* ArmorType - None */
     , (30685,  40,          2) /* CombatMode - Melee */
     , (30685,  68,          3) /* TargetingTactic - Random, Focused */
     , (30685,  93,       1032) /* PhysicsState - ReportCollisions, Gravity */
     , (30685, 101,        131) /* AiAllowedCombatStyle - Unarmed, OneHanded, ThrownWeapon */
     , (30685, 133,          2) /* ShowableOnRadar - ShowMovement */
     , (30685, 140,          1) /* AiOptions - CanOpenDoors */
     , (30685, 146,     317860) /* XpOverride */;

INSERT INTO `weenie_properties_bool` (`object_Id`, `type`, `value`)
VALUES (30685,   1, True ) /* Stuck */
     , (30685,  11, False) /* IgnoreCollisions */
     , (30685,  12, True ) /* ReportCollisions */
     , (30685,  13, False) /* Ethereal */
     , (30685, 103, True ) /* NonProjectileMagicImmune */
     , (30685, 9016, True ) /* UseXpOverride */;

INSERT INTO `weenie_properties_float` (`object_Id`, `type`, `value`)
VALUES (30685,   1,       5) /* HeartbeatInterval */
     , (30685,   2,       0) /* HeartbeatTimestamp */
     , (30685,   3,      16) /* HealthRate */
     , (30685,   4,      25) /* StaminaRate */
     , (30685,   5,       2) /* ManaRate */
     , (30685,  12,     0.5) /* Shade */
     , (30685,  13,    0.75) /* ArmorModVsSlash */
     , (30685,  14,    0.75) /* ArmorModVsPierce */
     , (30685,  15,    0.75) /* ArmorModVsBludgeon */
     , (30685,  16,    0.75) /* ArmorModVsCold */
     , (30685,  17,    0.85) /* ArmorModVsFire */
     , (30685,  18,    0.55) /* ArmorModVsAcid */
     , (30685,  19,    1.25) /* ArmorModVsElectric */
     , (30685,  31,      22) /* VisualAwarenessRange */
     , (30685,  34,       1) /* PowerupTime */
     , (30685,  36,       1) /* ChargeSpeed */
     , (30685,  39,     1.5) /* DefaultScale */
     , (30685,  64,    0.55) /* ResistSlash */
     , (30685,  65,    0.55) /* ResistPierce */
     , (30685,  66,    0.55) /* ResistBludgeon */
     , (30685,  67,    0.85) /* ResistFire */
     , (30685,  68,    0.55) /* ResistCold */
     , (30685,  69,    0.35) /* ResistAcid */
     , (30685,  70,     2.1) /* ResistElectric */
     , (30685,  71,       1) /* ResistHealthBoost */
     , (30685,  72,       1) /* ResistStaminaDrain */
     , (30685,  73,       1) /* ResistStaminaBoost */
     , (30685,  74,       1) /* ResistManaDrain */
     , (30685,  75,       1) /* ResistManaBoost */
     , (30685, 104,      10) /* ObviousRadarRange */
     , (30685, 125,       1) /* ResistHealthDrain */;

INSERT INTO `weenie_properties_string` (`object_Id`, `type`, `value`)
VALUES (30685,   1, 'Withered Banderling Paragon') /* Name */;

INSERT INTO `weenie_properties_d_i_d` (`object_Id`, `type`, `value`)
VALUES (30685,   1, 0x020012B4) /* Setup */
     , (30685,   2, 0x09000007) /* MotionTable */
     , (30685,   3, 0x20000005) /* SoundTable */
     , (30685,   4, 0x30000002) /* CombatTable */
     , (30685,   6, 0x04001425) /* PaletteBase */
     , (30685,   7, 0x100005A2) /* ClothingBase */
     , (30685,   8, 0x0600103D) /* Icon */
     , (30685,  22, 0x34000017) /* PhysicsEffectTable */
     , (30685,  32,        423) /* WieldedTreasureType */
     , (30685,  35,        449) /* DeathTreasureType - T6_General - Loot Tier: 6 */;

INSERT INTO `weenie_properties_attribute` (`object_Id`, `type`, `init_Level`, `level_From_C_P`, `c_P_Spent`)
VALUES (30685,   1, 340, 0, 0) /* Strength */
     , (30685,   2, 340, 0, 0) /* Endurance */
     , (30685,   3, 380, 0, 0) /* Quickness */
     , (30685,   4, 340, 0, 0) /* Coordination */
     , (30685,   5, 300, 0, 0) /* Focus */
     , (30685,   6, 300, 0, 0) /* Self */;

INSERT INTO `weenie_properties_attribute_2nd` (`object_Id`, `type`, `init_Level`, `level_From_C_P`, `c_P_Spent`, `current_Level`)
VALUES (30685,   1,  9830, 0, 0, 10000) /* MaxHealth */
     , (30685,   3,  5660, 0, 0, 6000) /* MaxStamina */
     , (30685,   5,     0, 0, 0, 300) /* MaxMana */;

INSERT INTO `weenie_properties_skill` (`object_Id`, `type`, `level_From_P_P`, `s_a_c`, `p_p`, `init_Level`, `resistance_At_Last_Check`, `last_Used_Time`)
VALUES (30685,  2, 0, 3, 0, 270, 0, 0) /* Bow                 Specialized */
     , (30685,  4, 0, 3, 0, 272, 0, 0) /* Dagger              Specialized */
     , (30685,  6, 0, 3, 0, 300, 0, 0) /* MeleeDefense        Specialized */
     , (30685,  7, 0, 3, 0, 436, 0, 0) /* MissileDefense      Specialized */
     , (30685, 14, 0, 3, 0, 200, 0, 0) /* ArcaneLore          Specialized */
     , (30685, 15, 0, 3, 0, 360, 0, 0) /* MagicDefense        Specialized */
     , (30685, 20, 0, 3, 0, 140, 0, 0) /* Deception           Specialized */
     , (30685, 22, 0, 3, 0, 100, 0, 0) /* Jump                Specialized */
     , (30685, 24, 0, 3, 0, 100, 0, 0) /* Run                 Specialized */;

INSERT INTO `weenie_properties_body_part` (`object_Id`, `key`, `d_Type`, `d_Val`, `d_Var`, `base_Armor`, `armor_Vs_Slash`, `armor_Vs_Pierce`, `armor_Vs_Bludgeon`, `armor_Vs_Cold`, `armor_Vs_Fire`, `armor_Vs_Acid`, `armor_Vs_Electric`, `armor_Vs_Nether`, `b_h`, `h_l_f`, `m_l_f`, `l_l_f`, `h_r_f`, `m_r_f`, `l_r_f`, `h_l_b`, `m_l_b`, `l_l_b`, `h_r_b`, `m_r_b`, `l_r_b`)
VALUES (30685,  0,  4,  0,    0,  750,  563,  563,  563,  563,  638,  413,  938,    0, 1, 0.33,    0,    0, 0.33,    0,    0, 0.33,    0,    0, 0.33,    0,    0) /* Head */
     , (30685,  1,  4,  0,    0,  750,  563,  563,  563,  563,  638,  413,  938,    0, 2, 0.44, 0.17,    0, 0.44, 0.17,    0, 0.44, 0.17,    0, 0.44, 0.17,    0) /* Chest */
     , (30685,  2,  4,  0,    0,  750,  563,  563,  563,  563,  638,  413,  938,    0, 3,    0, 0.17,    0,    0, 0.17,    0,    0, 0.17,    0,    0, 0.17,    0) /* Abdomen */
     , (30685,  3,  4,  0,    0,  750,  563,  563,  563,  563,  638,  413,  938,    0, 1, 0.23, 0.03,    0, 0.23, 0.03,    0, 0.23, 0.03,    0, 0.23, 0.03,    0) /* UpperArm */
     , (30685,  4,  4,  0,    0,  750,  563,  563,  563,  563,  638,  413,  938,    0, 2,    0,  0.3,    0,    0,  0.3,    0,    0,  0.3,    0,    0,  0.3,    0) /* LowerArm */
     , (30685,  5,  4, 120, 0.75,  750,  563,  563,  563,  563,  638,  413,  938,    0, 2,    0,  0.2,    0,    0,  0.2,    0,    0,  0.2,    0,    0,  0.2,    0) /* Hand */
     , (30685,  6,  4,  0,    0,  750,  563,  563,  563,  563,  638,  413,  938,    0, 3,    0, 0.13, 0.18,    0, 0.13, 0.18,    0, 0.13, 0.18,    0, 0.13, 0.18) /* UpperLeg */
     , (30685,  7,  4,  0,    0,  750,  563,  563,  563,  563,  638,  413,  938,    0, 3,    0,    0,  0.6,    0,    0,  0.6,    0,    0,  0.6,    0,    0,  0.6) /* LowerLeg */
     , (30685,  8,  4, 140, 0.75,  750,  563,  563,  563,  563,  638,  413,  938,    0, 3,    0,    0, 0.22,    0,    0, 0.22,    0,    0, 0.22,    0,    0, 0.22) /* Foot */;

INSERT INTO `weenie_properties_event_filter` (`object_Id`, `event`)
VALUES (30685,  94) /* ATTACK_NOTIFICATION_EVENT */
     , (30685, 414) /* PLAYER_DEATH_EVENT */;

INSERT INTO `weenie_properties_emote` (`object_Id`, `category`, `probability`, `weenie_Class_Id`, `style`, `substyle`, `quest`, `vendor_Type`, `min_Health`, `max_Health`)
VALUES (30685,  5 /* HeartBeat */,  0.045, NULL, 0x8000003C /* HandCombat */, 0x41000003 /* Ready */, NULL, NULL, NULL, NULL);

SET @parent_id = LAST_INSERT_ID();

INSERT INTO `weenie_properties_emote_action` (`emote_Id`, `order`, `type`, `delay`, `extent`, `motion`, `message`, `test_String`, `min`, `max`, `min_64`, `max_64`, `min_Dbl`, `max_Dbl`, `stat`, `display`, `amount`, `amount_64`, `hero_X_P_64`, `percent`, `spell_Id`, `wealth_Rating`, `treasure_Class`, `treasure_Type`, `p_Script`, `sound`, `destination_Type`, `weenie_Class_Id`, `stack_Size`, `palette`, `shade`, `try_To_Bond`, `obj_Cell_Id`, `origin_X`, `origin_Y`, `origin_Z`, `angles_W`, `angles_X`, `angles_Y`, `angles_Z`)
VALUES (@parent_id,  0,   5 /* Motion */, 0, 1, 0x10000053 /* Twitch3 */, NULL, NULL, NULL, NULL, NULL, NULL, NULL, NULL, NULL, NULL, NULL, NULL, NULL, NULL, NULL, NULL, NULL, NULL, NULL, NULL, NULL, NULL, NULL, NULL, NULL, NULL, NULL, NULL, NULL, NULL, NULL, NULL, NULL, NULL);

INSERT INTO `weenie_properties_emote` (`object_Id`, `category`, `probability`, `weenie_Class_Id`, `style`, `substyle`, `quest`, `vendor_Type`, `min_Health`, `max_Health`)
VALUES (30685,  5 /* HeartBeat */,  0.095, NULL, 0x8000003C /* HandCombat */, 0x41000003 /* Ready */, NULL, NULL, NULL, NULL);

SET @parent_id = LAST_INSERT_ID();

INSERT INTO `weenie_properties_emote_action` (`emote_Id`, `order`, `type`, `delay`, `extent`, `motion`, `message`, `test_String`, `min`, `max`, `min_64`, `max_64`, `min_Dbl`, `max_Dbl`, `stat`, `display`, `amount`, `amount_64`, `hero_X_P_64`, `percent`, `spell_Id`, `wealth_Rating`, `treasure_Class`, `treasure_Type`, `p_Script`, `sound`, `destination_Type`, `weenie_Class_Id`, `stack_Size`, `palette`, `shade`, `try_To_Bond`, `obj_Cell_Id`, `origin_X`, `origin_Y`, `origin_Z`, `angles_W`, `angles_X`, `angles_Y`, `angles_Z`)
VALUES (@parent_id,  0,   5 /* Motion */, 0, 1, 0x10000052 /* Twitch2 */, NULL, NULL, NULL, NULL, NULL, NULL, NULL, NULL, NULL, NULL, NULL, NULL, NULL, NULL, NULL, NULL, NULL, NULL, NULL, NULL, NULL, NULL, NULL, NULL, NULL, NULL, NULL, NULL, NULL, NULL, NULL, NULL, NULL, NULL);

INSERT INTO `weenie_properties_emote` (`object_Id`, `category`, `probability`, `weenie_Class_Id`, `style`, `substyle`, `quest`, `vendor_Type`, `min_Health`, `max_Health`)
VALUES (30685,  5 /* HeartBeat */,    0.1, NULL, 0x8000003C /* HandCombat */, 0x41000003 /* Ready */, NULL, NULL, NULL, NULL);

SET @parent_id = LAST_INSERT_ID();

INSERT INTO `weenie_properties_emote_action` (`emote_Id`, `order`, `type`, `delay`, `extent`, `motion`, `message`, `test_String`, `min`, `max`, `min_64`, `max_64`, `min_Dbl`, `max_Dbl`, `stat`, `display`, `amount`, `amount_64`, `hero_X_P_64`, `percent`, `spell_Id`, `wealth_Rating`, `treasure_Class`, `treasure_Type`, `p_Script`, `sound`, `destination_Type`, `weenie_Class_Id`, `stack_Size`, `palette`, `shade`, `try_To_Bond`, `obj_Cell_Id`, `origin_X`, `origin_Y`, `origin_Z`, `angles_W`, `angles_X`, `angles_Y`, `angles_Z`)
VALUES (@parent_id,  0,   5 /* Motion */, 0, 1, 0x10000051 /* Twitch1 */, NULL, NULL, NULL, NULL, NULL, NULL, NULL, NULL, NULL, NULL, NULL, NULL, NULL, NULL, NULL, NULL, NULL, NULL, NULL, NULL, NULL, NULL, NULL, NULL, NULL, NULL, NULL, NULL, NULL, NULL, NULL, NULL, NULL, NULL);

INSERT INTO `weenie_properties_emote` (`object_Id`, `category`, `probability`, `weenie_Class_Id`, `style`, `substyle`, `quest`, `vendor_Type`, `min_Health`, `max_Health`)
VALUES (30685,  5 /* HeartBeat */,   0.05, NULL, 0x8000003E /* SwordCombat */, 0x41000003 /* Ready */, NULL, NULL, NULL, NULL);

SET @parent_id = LAST_INSERT_ID();

INSERT INTO `weenie_properties_emote_action` (`emote_Id`, `order`, `type`, `delay`, `extent`, `motion`, `message`, `test_String`, `min`, `max`, `min_64`, `max_64`, `min_Dbl`, `max_Dbl`, `stat`, `display`, `amount`, `amount_64`, `hero_X_P_64`, `percent`, `spell_Id`, `wealth_Rating`, `treasure_Class`, `treasure_Type`, `p_Script`, `sound`, `destination_Type`, `weenie_Class_Id`, `stack_Size`, `palette`, `shade`, `try_To_Bond`, `obj_Cell_Id`, `origin_X`, `origin_Y`, `origin_Z`, `angles_W`, `angles_X`, `angles_Y`, `angles_Z`)
VALUES (@parent_id,  0,   5 /* Motion */, 0, 1, 0x10000051 /* Twitch1 */, NULL, NULL, NULL, NULL, NULL, NULL, NULL, NULL, NULL, NULL, NULL, NULL, NULL, NULL, NULL, NULL, NULL, NULL, NULL, NULL, NULL, NULL, NULL, NULL, NULL, NULL, NULL, NULL, NULL, NULL, NULL, NULL, NULL, NULL);

INSERT INTO `weenie_properties_emote` (`object_Id`, `category`, `probability`, `weenie_Class_Id`, `style`, `substyle`, `quest`, `vendor_Type`, `min_Health`, `max_Health`)
VALUES (30685,  5 /* HeartBeat */,  0.045, NULL, 0x8000003D /* NonCombat */, 0x41000003 /* Ready */, NULL, NULL, NULL, NULL);

SET @parent_id = LAST_INSERT_ID();

INSERT INTO `weenie_properties_emote_action` (`emote_Id`, `order`, `type`, `delay`, `extent`, `motion`, `message`, `test_String`, `min`, `max`, `min_64`, `max_64`, `min_Dbl`, `max_Dbl`, `stat`, `display`, `amount`, `amount_64`, `hero_X_P_64`, `percent`, `spell_Id`, `wealth_Rating`, `treasure_Class`, `treasure_Type`, `p_Script`, `sound`, `destination_Type`, `weenie_Class_Id`, `stack_Size`, `palette`, `shade`, `try_To_Bond`, `obj_Cell_Id`, `origin_X`, `origin_Y`, `origin_Z`, `angles_W`, `angles_X`, `angles_Y`, `angles_Z`)
VALUES (@parent_id,  0,   5 /* Motion */, 0, 1, 0x10000053 /* Twitch3 */, NULL, NULL, NULL, NULL, NULL, NULL, NULL, NULL, NULL, NULL, NULL, NULL, NULL, NULL, NULL, NULL, NULL, NULL, NULL, NULL, NULL, NULL, NULL, NULL, NULL, NULL, NULL, NULL, NULL, NULL, NULL, NULL, NULL, NULL);

INSERT INTO `weenie_properties_emote` (`object_Id`, `category`, `probability`, `weenie_Class_Id`, `style`, `substyle`, `quest`, `vendor_Type`, `min_Health`, `max_Health`)
VALUES (30685,  5 /* HeartBeat */,  0.095, NULL, 0x8000003D /* NonCombat */, 0x41000003 /* Ready */, NULL, NULL, NULL, NULL);

SET @parent_id = LAST_INSERT_ID();

INSERT INTO `weenie_properties_emote_action` (`emote_Id`, `order`, `type`, `delay`, `extent`, `motion`, `message`, `test_String`, `min`, `max`, `min_64`, `max_64`, `min_Dbl`, `max_Dbl`, `stat`, `display`, `amount`, `amount_64`, `hero_X_P_64`, `percent`, `spell_Id`, `wealth_Rating`, `treasure_Class`, `treasure_Type`, `p_Script`, `sound`, `destination_Type`, `weenie_Class_Id`, `stack_Size`, `palette`, `shade`, `try_To_Bond`, `obj_Cell_Id`, `origin_X`, `origin_Y`, `origin_Z`, `angles_W`, `angles_X`, `angles_Y`, `angles_Z`)
VALUES (@parent_id,  0,   5 /* Motion */, 0, 1, 0x10000052 /* Twitch2 */, NULL, NULL, NULL, NULL, NULL, NULL, NULL, NULL, NULL, NULL, NULL, NULL, NULL, NULL, NULL, NULL, NULL, NULL, NULL, NULL, NULL, NULL, NULL, NULL, NULL, NULL, NULL, NULL, NULL, NULL, NULL, NULL, NULL, NULL);

INSERT INTO `weenie_properties_emote` (`object_Id`, `category`, `probability`, `weenie_Class_Id`, `style`, `substyle`, `quest`, `vendor_Type`, `min_Health`, `max_Health`)
VALUES (30685,  5 /* HeartBeat */,    0.1, NULL, 0x8000003D /* NonCombat */, 0x41000003 /* Ready */, NULL, NULL, NULL, NULL);

SET @parent_id = LAST_INSERT_ID();

INSERT INTO `weenie_properties_emote_action` (`emote_Id`, `order`, `type`, `delay`, `extent`, `motion`, `message`, `test_String`, `min`, `max`, `min_64`, `max_64`, `min_Dbl`, `max_Dbl`, `stat`, `display`, `amount`, `amount_64`, `hero_X_P_64`, `percent`, `spell_Id`, `wealth_Rating`, `treasure_Class`, `treasure_Type`, `p_Script`, `sound`, `destination_Type`, `weenie_Class_Id`, `stack_Size`, `palette`, `shade`, `try_To_Bond`, `obj_Cell_Id`, `origin_X`, `origin_Y`, `origin_Z`, `angles_W`, `angles_X`, `angles_Y`, `angles_Z`)
VALUES (@parent_id,  0,   5 /* Motion */, 0, 1, 0x10000051 /* Twitch1 */, NULL, NULL, NULL, NULL, NULL, NULL, NULL, NULL, NULL, NULL, NULL, NULL, NULL, NULL, NULL, NULL, NULL, NULL, NULL, NULL, NULL, NULL, NULL, NULL, NULL, NULL, NULL, NULL, NULL, NULL, NULL, NULL, NULL, NULL);

INSERT INTO `weenie_properties_create_list` (`object_Id`, `destination_Type`, `weenie_Class_Id`, `stack_Size`, `palette`, `shade`, `try_To_Bond`)
VALUES (30685, 9,  3693,  0, 0, 0.05, False) /* Create Banderling Scalp (3693) for ContainTreasure */
     , (30685, 9,     0,  0, 0, 0.95, False) /* Create nothing for ContainTreasure */
     , (30685, 9, 23108,  0, 0, 0.02, False) /* Create Twisted Dark Key (23108) for ContainTreasure */
     , (30685, 9,     0,  0, 0, 0.98, False) /* Create nothing for ContainTreasure */
     , (30685, 9, 23107,  0, 0, 0.01, False) /* Create Mangled Dark Key (23107) for ContainTreasure */
     , (30685, 9,     0,  0, 0, 0.99, False) /* Create nothing for ContainTreasure */
     , (30685, 9,  7825,  0, 0, 0.1, False) /* Create Brown Beans (7825) for ContainTreasure */
     , (30685, 9,     0,  0, 0, 0.9, False) /* Create nothing for ContainTreasure */;
DELETE FROM `weenie` WHERE `class_Id` = 30686;

INSERT INTO `weenie` (`class_Id`, `class_Name`, `type`, `last_Modified`)
VALUES (30686, 'tumerokwarmongerwithered', 10, '2019-09-13 00:00:00') /* Creature */;

INSERT INTO `weenie_properties_int` (`object_Id`, `type`, `value`)
VALUES (30686,   1,         16) /* ItemType - Creature */
     , (30686,   2,          6) /* CreatureType - Tumerok */
     , (30686,   3,          9) /* PaletteTemplate - Grey */
     , (30686,   6,         -1) /* ItemsCapacity */
     , (30686,   7,         -1) /* ContainersCapacity */
     , (30686,  16,          1) /* ItemUseable - No */
     , (30686,  25,        161) /* Level */
     , (30686,  27,          0) /* ArmorType - None */
     , (30686,  68,          5) /* TargetingTactic - Random, LastDamager */
     , (30686,  72,          6) /* FriendType - Tumerok */
     , (30686,  93,       1032) /* PhysicsState - ReportCollisions, Gravity */
     , (30686, 101,        183) /* AiAllowedCombatStyle - Unarmed, OneHanded, OneHandedAndShield, Bow, Crossbow, ThrownWeapon */
     , (30686, 133,          2) /* ShowableOnRadar - ShowMovement */
     , (30686, 140,          1) /* AiOptions - CanOpenDoors */
     , (30686, 146,     294349) /* XpOverride */;

INSERT INTO `weenie_properties_bool` (`object_Id`, `type`, `value`)
VALUES (30686,   1, True ) /* Stuck */
     , (30686,   6, False) /* AiUsesMana */
     , (30686,  11, False) /* IgnoreCollisions */
     , (30686,  12, True ) /* ReportCollisions */
     , (30686,  13, False) /* Ethereal */
     , (30686,  50, True ) /* NeverFailCasting */
     , (30686, 103, True ) /* NonProjectileMagicImmune */
     , (30686, 9016, True ) /* UseXpOverride */;

INSERT INTO `weenie_properties_float` (`object_Id`, `type`, `value`)
VALUES (30686,   1,       5) /* HeartbeatInterval */
     , (30686,   2,       0) /* HeartbeatTimestamp */
     , (30686,   3,     9.6) /* HealthRate */
     , (30686,   4,      23) /* StaminaRate */
     , (30686,   5,       8) /* ManaRate */
     , (30686,  12,     0.5) /* Shade */
     , (30686,  13,       1) /* ArmorModVsSlash */
     , (30686,  14,       1) /* ArmorModVsPierce */
     , (30686,  15,       1) /* ArmorModVsBludgeon */
     , (30686,  16,       1) /* ArmorModVsCold */
     , (30686,  17,       1) /* ArmorModVsFire */
     , (30686,  18,       1) /* ArmorModVsAcid */
     , (30686,  19,       1) /* ArmorModVsElectric */
     , (30686,  31,      16) /* VisualAwarenessRange */
     , (30686,  34,       1) /* PowerupTime */
     , (30686,  36,       1) /* ChargeSpeed */
     , (30686,  39,     1.3) /* DefaultScale */
     , (30686,  64,       2) /* ResistSlash */
     , (30686,  65,       1) /* ResistPierce */
     , (30686,  66,       1) /* ResistBludgeon */
     , (30686,  67,       1) /* ResistFire */
     , (30686,  68,       1) /* ResistCold */
     , (30686,  69,       1) /* ResistAcid */
     , (30686,  70,       1) /* ResistElectric */
     , (30686,  71,       1) /* ResistHealthBoost */
     , (30686,  72,       1) /* ResistStaminaDrain */
     , (30686,  73,       1) /* ResistStaminaBoost */
     , (30686,  74,       1) /* ResistManaDrain */
     , (30686,  75,       1) /* ResistManaBoost */
     , (30686,  80,       3) /* AiUseMagicDelay */
     , (30686, 104,      10) /* ObviousRadarRange */
     , (30686, 125,       1) /* ResistHealthDrain */;

INSERT INTO `weenie_properties_string` (`object_Id`, `type`, `value`)
VALUES (30686,   1, 'Withered Transcendent Tumerok') /* Name */;

INSERT INTO `weenie_properties_d_i_d` (`object_Id`, `type`, `value`)
VALUES (30686,   1, 0x020012B1) /* Setup */
     , (30686,   2, 0x0900000A) /* MotionTable */
     , (30686,   3, 0x20000013) /* SoundTable */
     , (30686,   4, 0x3000000C) /* CombatTable */
     , (30686,   6, 0x040001C2) /* PaletteBase */
     , (30686,   7, 0x100005A3) /* ClothingBase */
     , (30686,   8, 0x0600103C) /* Icon */
     , (30686,  22, 0x34000026) /* PhysicsEffectTable */
     , (30686,  32,        490) /* WieldedTreasureType */
     , (30686,  35,        449) /* DeathTreasureType - T6_General - Loot Tier: 6 */;

INSERT INTO `weenie_properties_attribute` (`object_Id`, `type`, `init_Level`, `level_From_C_P`, `c_P_Spent`)
VALUES (30686,   1, 290, 0, 0) /* Strength */
     , (30686,   2, 300, 0, 0) /* Endurance */
     , (30686,   3, 325, 0, 0) /* Quickness */
     , (30686,   4, 340, 0, 0) /* Coordination */
     , (30686,   5, 280, 0, 0) /* Focus */
     , (30686,   6, 270, 0, 0) /* Self */;

INSERT INTO `weenie_properties_attribute_2nd` (`object_Id`, `type`, `init_Level`, `level_From_C_P`, `c_P_Spent`, `current_Level`)
VALUES (30686,   1,  4850, 0, 0, 5000) /* MaxHealth */
     , (30686,   3,  4700, 0, 0, 5000) /* MaxStamina */
     , (30686,   5,  4650, 0, 0, 4920) /* MaxMana */;

INSERT INTO `weenie_properties_skill` (`object_Id`, `type`, `level_From_P_P`, `s_a_c`, `p_p`, `init_Level`, `resistance_At_Last_Check`, `last_Used_Time`)
VALUES (30686,  2, 0, 3, 0, 250, 0, 0) /* Bow                 Specialized */
     , (30686,  6, 0, 3, 0, 310, 0, 0) /* MeleeDefense        Specialized */
     , (30686,  7, 0, 3, 0, 430, 0, 0) /* MissileDefense      Specialized */
     , (30686,  9, 0, 3, 0, 285, 0, 0) /* Spear               Specialized */
     , (30686, 14, 0, 3, 0, 300, 0, 0) /* ArcaneLore          Specialized */
     , (30686, 15, 0, 3, 0, 310, 0, 0) /* MagicDefense        Specialized */
     , (30686, 20, 0, 3, 0, 150, 0, 0) /* Deception           Specialized */
     , (30686, 24, 0, 3, 0, 160, 0, 0) /* Run                 Specialized */
     , (30686, 31, 0, 3, 0, 230, 0, 0) /* CreatureEnchantment Specialized */
     , (30686, 33, 0, 3, 0, 230, 0, 0) /* LifeMagic           Specialized */
     , (30686, 34, 0, 3, 0, 230, 0, 0) /* WarMagic            Specialized */;

INSERT INTO `weenie_properties_body_part` (`object_Id`, `key`, `d_Type`, `d_Val`, `d_Var`, `base_Armor`, `armor_Vs_Slash`, `armor_Vs_Pierce`, `armor_Vs_Bludgeon`, `armor_Vs_Cold`, `armor_Vs_Fire`, `armor_Vs_Acid`, `armor_Vs_Electric`, `armor_Vs_Nether`, `b_h`, `h_l_f`, `m_l_f`, `l_l_f`, `h_r_f`, `m_r_f`, `l_r_f`, `h_l_b`, `m_l_b`, `l_l_b`, `h_r_b`, `m_r_b`, `l_r_b`)
VALUES (30686,  0,  4,  0,    0,  450,  450,  450,  450,  450,  450,  450,  450,    0, 1, 0.33,    0,    0, 0.33,    0,    0, 0.33,    0,    0, 0.33,    0,    0) /* Head */
     , (30686,  1,  4,  0,    0,  450,  450,  450,  450,  450,  450,  450,  450,    0, 2, 0.44, 0.17,    0, 0.44, 0.17,    0, 0.44, 0.17,    0, 0.44, 0.17,    0) /* Chest */
     , (30686,  2,  4,  0,    0,  450,  450,  450,  450,  450,  450,  450,  450,    0, 3,    0, 0.17,    0,    0, 0.17,    0,    0, 0.17,    0,    0, 0.17,    0) /* Abdomen */
     , (30686,  3,  4,  0,    0,  450,  450,  450,  450,  450,  450,  450,  450,    0, 1, 0.23, 0.03,    0, 0.23, 0.03,    0, 0.23, 0.03,    0, 0.23, 0.03,    0) /* UpperArm */
     , (30686,  4,  4,  0,    0,  450,  450,  450,  450,  450,  450,  450,  450,    0, 2,    0,  0.3,    0,    0,  0.3,    0,    0,  0.3,    0,    0,  0.3,    0) /* LowerArm */
     , (30686,  5,  4, 50, 0.75,  450,  450,  450,  450,  450,  450,  450,  450,    0, 2,    0,  0.2,    0,    0,  0.2,    0,    0,  0.2,    0,    0,  0.2,    0) /* Hand */
     , (30686,  6,  4,  0,    0,  450,  450,  450,  450,  450,  450,  450,  450,    0, 3,    0, 0.13, 0.18,    0, 0.13, 0.18,    0, 0.13, 0.18,    0, 0.13, 0.18) /* UpperLeg */
     , (30686,  7,  4,  0,    0,  450,  450,  450,  450,  450,  450,  450,  450,    0, 3,    0,    0,  0.6,    0,    0,  0.6,    0,    0,  0.6,    0,    0,  0.6) /* LowerLeg */
     , (30686,  8,  4, 55, 0.75,  450,  450,  450,  450,  450,  450,  450,  450,    0, 3,    0,    0, 0.22,    0,    0, 0.22,    0,    0, 0.22,    0,    0, 0.22) /* Foot */;

INSERT INTO `weenie_properties_spell_book` (`object_Id`, `spell`, `probability`)
VALUES (30686,    62,  2.015)  /* Acid Stream V */
     , (30686,    68,  2.015)  /* Shock Wave V */
     , (30686,    73,  2.015)  /* Frost Bolt V */
     , (30686,    79,  2.015)  /* Lightning Bolt V */
     , (30686,    84,  2.015)  /* Flame Bolt V */
     , (30686,    90,  2.015)  /* Force Bolt V */
     , (30686,    96,  2.015)  /* Whirling Blade V */
     , (30686,  1160,  2.009)  /* Heal Self V */
     , (30686,  1241,  2.012)  /* Drain Health Other V */
     , (30686,  1342,  2.012)  /* Weakness Other V */
     , (30686,  1395,  2.012)  /* Clumsiness Other V */
     , (30686,  1419,  2.012)  /* Slowness Other V */
     , (30686,  1443,  2.012)  /* Bafflement Other V */;

INSERT INTO `weenie_properties_event_filter` (`object_Id`, `event`)
VALUES (30686,  94) /* ATTACK_NOTIFICATION_EVENT */
     , (30686, 414) /* PLAYER_DEATH_EVENT */;

INSERT INTO `weenie_properties_create_list` (`object_Id`, `destination_Type`, `weenie_Class_Id`, `stack_Size`, `palette`, `shade`, `try_To_Bond`)
VALUES (30686, 9, 23108,  0, 0, 0.02, False) /* Create Twisted Dark Key (23108) for ContainTreasure */
     , (30686, 9,     0,  0, 0, 0.98, False) /* Create nothing for ContainTreasure */
     , (30686, 9, 23107,  0, 0, 0.01, False) /* Create Mangled Dark Key (23107) for ContainTreasure */
     , (30686, 9,     0,  0, 0, 0.99, False) /* Create nothing for ContainTreasure */;
DELETE FROM `weenie` WHERE `class_Id` = 30687;

INSERT INTO `weenie` (`class_Id`, `class_Name`, `type`, `last_Modified`)
VALUES (30687, 'tumerokreveredshamanwithered', 10, '2019-09-13 00:00:00') /* Creature */;

INSERT INTO `weenie_properties_int` (`object_Id`, `type`, `value`)
VALUES (30687,   1,         16) /* ItemType - Creature */
     , (30687,   2,          6) /* CreatureType - Tumerok */
     , (30687,   3,         39) /* PaletteTemplate - Black */
     , (30687,   6,         -1) /* ItemsCapacity */
     , (30687,   7,         -1) /* ContainersCapacity */
     , (30687,  16,          1) /* ItemUseable - No */
     , (30687,  25,        161) /* Level */
     , (30687,  27,          0) /* ArmorType - None */
     , (30687,  68,          5) /* TargetingTactic - Random, LastDamager */
     , (30687,  72,          6) /* FriendType - Tumerok */
     , (30687,  93,       1032) /* PhysicsState - ReportCollisions, Gravity */
     , (30687, 101,        183) /* AiAllowedCombatStyle - Unarmed, OneHanded, OneHandedAndShield, Bow, Crossbow, ThrownWeapon */
     , (30687, 133,          2) /* ShowableOnRadar - ShowMovement */
     , (30687, 140,          1) /* AiOptions - CanOpenDoors */
     , (30687, 146,     243771) /* XpOverride */;

INSERT INTO `weenie_properties_bool` (`object_Id`, `type`, `value`)
VALUES (30687,   1, True ) /* Stuck */
     , (30687,   6, True ) /* AiUsesMana */
     , (30687,  11, False) /* IgnoreCollisions */
     , (30687,  12, True ) /* ReportCollisions */
     , (30687,  13, False) /* Ethereal */
     , (30687,  50, True ) /* NeverFailCasting */
     , (30687, 103, True ) /* NonProjectileMagicImmune */
     , (30687, 9016, True ) /* UseXpOverride */;

INSERT INTO `weenie_properties_float` (`object_Id`, `type`, `value`)
VALUES (30687,   1,       5) /* HeartbeatInterval */
     , (30687,   2,       0) /* HeartbeatTimestamp */
     , (30687,   3,       6) /* HealthRate */
     , (30687,   4,      10) /* StaminaRate */
     , (30687,   5,       5) /* ManaRate */
     , (30687,  12,     0.5) /* Shade */
     , (30687,  13,       1) /* ArmorModVsSlash */
     , (30687,  14,       1) /* ArmorModVsPierce */
     , (30687,  15,       1) /* ArmorModVsBludgeon */
     , (30687,  16,       1) /* ArmorModVsCold */
     , (30687,  17,       1) /* ArmorModVsFire */
     , (30687,  18,       1) /* ArmorModVsAcid */
     , (30687,  19,       1) /* ArmorModVsElectric */
     , (30687,  31,      16) /* VisualAwarenessRange */
     , (30687,  34,       1) /* PowerupTime */
     , (30687,  36,       1) /* ChargeSpeed */
     , (30687,  39,     1.3) /* DefaultScale */
     , (30687,  64,       2) /* ResistSlash */
     , (30687,  65,       1) /* ResistPierce */
     , (30687,  66,       1) /* ResistBludgeon */
     , (30687,  67,       1) /* ResistFire */
     , (30687,  68,       1) /* ResistCold */
     , (30687,  69,       1) /* ResistAcid */
     , (30687,  70,       1) /* ResistElectric */
     , (30687,  71,       1) /* ResistHealthBoost */
     , (30687,  72,       1) /* ResistStaminaDrain */
     , (30687,  73,       1) /* ResistStaminaBoost */
     , (30687,  74,       1) /* ResistManaDrain */
     , (30687,  75,       1) /* ResistManaBoost */
     , (30687,  80,       3) /* AiUseMagicDelay */
     , (30687, 104,      10) /* ObviousRadarRange */
     , (30687, 125,       1) /* ResistHealthDrain */;

INSERT INTO `weenie_properties_string` (`object_Id`, `type`, `value`)
VALUES (30687,   1, 'Withered Revered Tumerok Shaman') /* Name */;

INSERT INTO `weenie_properties_d_i_d` (`object_Id`, `type`, `value`)
VALUES (30687,   1, 0x020012B1) /* Setup */
     , (30687,   2, 0x0900000A) /* MotionTable */
     , (30687,   3, 0x20000013) /* SoundTable */
     , (30687,   4, 0x3000000C) /* CombatTable */
     , (30687,   6, 0x040001C2) /* PaletteBase */
     , (30687,   7, 0x100005A3) /* ClothingBase */
     , (30687,   8, 0x0600103C) /* Icon */
     , (30687,  22, 0x34000026) /* PhysicsEffectTable */
     , (30687,  32,        490) /* WieldedTreasureType */
     , (30687,  35,        449) /* DeathTreasureType - T6_General - Loot Tier: 6 */;

INSERT INTO `weenie_properties_attribute` (`object_Id`, `type`, `init_Level`, `level_From_C_P`, `c_P_Spent`)
VALUES (30687,   1, 260, 0, 0) /* Strength */
     , (30687,   2, 300, 0, 0) /* Endurance */
     , (30687,   3, 325, 0, 0) /* Quickness */
     , (30687,   4, 300, 0, 0) /* Coordination */
     , (30687,   5, 320, 0, 0) /* Focus */
     , (30687,   6, 350, 0, 0) /* Self */;

INSERT INTO `weenie_properties_attribute_2nd` (`object_Id`, `type`, `init_Level`, `level_From_C_P`, `c_P_Spent`, `current_Level`)
VALUES (30687,   1,  4850, 0, 0, 5000) /* MaxHealth */
     , (30687,   3,  4700, 0, 0, 5000) /* MaxStamina */
     , (30687,   5,  4650, 0, 0, 5000) /* MaxMana */;

INSERT INTO `weenie_properties_skill` (`object_Id`, `type`, `level_From_P_P`, `s_a_c`, `p_p`, `init_Level`, `resistance_At_Last_Check`, `last_Used_Time`)
VALUES (30687,  2, 0, 3, 0, 240, 0, 0) /* Bow                 Specialized */
     , (30687,  4, 0, 3, 0, 285, 0, 0) /* Dagger              Specialized */
     , (30687,  6, 0, 3, 0, 320, 0, 0) /* MeleeDefense        Specialized */
     , (30687,  7, 0, 3, 0, 430, 0, 0) /* MissileDefense      Specialized */
     , (30687, 14, 0, 3, 0, 300, 0, 0) /* ArcaneLore          Specialized */
     , (30687, 15, 0, 3, 0, 295, 0, 0) /* MagicDefense        Specialized */
     , (30687, 20, 0, 3, 0, 150, 0, 0) /* Deception           Specialized */
     , (30687, 24, 0, 3, 0,  60, 0, 0) /* Run                 Specialized */
     , (30687, 31, 0, 3, 0, 230, 0, 0) /* CreatureEnchantment Specialized */
     , (30687, 33, 0, 3, 0, 230, 0, 0) /* LifeMagic           Specialized */
     , (30687, 34, 0, 3, 0, 230, 0, 0) /* WarMagic            Specialized */;

INSERT INTO `weenie_properties_body_part` (`object_Id`, `key`, `d_Type`, `d_Val`, `d_Var`, `base_Armor`, `armor_Vs_Slash`, `armor_Vs_Pierce`, `armor_Vs_Bludgeon`, `armor_Vs_Cold`, `armor_Vs_Fire`, `armor_Vs_Acid`, `armor_Vs_Electric`, `armor_Vs_Nether`, `b_h`, `h_l_f`, `m_l_f`, `l_l_f`, `h_r_f`, `m_r_f`, `l_r_f`, `h_l_b`, `m_l_b`, `l_l_b`, `h_r_b`, `m_r_b`, `l_r_b`)
VALUES (30687,  0,  4,  0,    0,  450,  450,  450,  450,  450,  450,  450,  450,    0, 1, 0.33,    0,    0, 0.33,    0,    0, 0.33,    0,    0, 0.33,    0,    0) /* Head */
     , (30687,  1,  4,  0,    0,  450,  450,  450,  450,  450,  450,  450,  450,    0, 2, 0.44, 0.17,    0, 0.44, 0.17,    0, 0.44, 0.17,    0, 0.44, 0.17,    0) /* Chest */
     , (30687,  2,  4,  0,    0,  450,  450,  450,  450,  450,  450,  450,  450,    0, 3,    0, 0.17,    0,    0, 0.17,    0,    0, 0.17,    0,    0, 0.17,    0) /* Abdomen */
     , (30687,  3,  4,  0,    0,  450,  450,  450,  450,  450,  450,  450,  450,    0, 1, 0.23, 0.03,    0, 0.23, 0.03,    0, 0.23, 0.03,    0, 0.23, 0.03,    0) /* UpperArm */
     , (30687,  4,  4,  0,    0,  450,  450,  450,  450,  450,  450,  450,  450,    0, 2,    0,  0.3,    0,    0,  0.3,    0,    0,  0.3,    0,    0,  0.3,    0) /* LowerArm */
     , (30687,  5,  4, 50, 0.75,  450,  450,  450,  450,  450,  450,  450,  450,    0, 2,    0,  0.2,    0,    0,  0.2,    0,    0,  0.2,    0,    0,  0.2,    0) /* Hand */
     , (30687,  6,  4,  0,    0,  450,  450,  450,  450,  450,  450,  450,  450,    0, 3,    0, 0.13, 0.18,    0, 0.13, 0.18,    0, 0.13, 0.18,    0, 0.13, 0.18) /* UpperLeg */
     , (30687,  7,  4,  0,    0,  450,  450,  450,  450,  450,  450,  450,  450,    0, 3,    0,    0,  0.6,    0,    0,  0.6,    0,    0,  0.6,    0,    0,  0.6) /* LowerLeg */
     , (30687,  8,  4, 55, 0.75,  450,  450,  450,  450,  450,  450,  450,  450,    0, 3,    0,    0, 0.22,    0,    0, 0.22,    0,    0, 0.22,    0,    0, 0.22) /* Foot */;

INSERT INTO `weenie_properties_spell_book` (`object_Id`, `spell`, `probability`)
VALUES (30687,    63,  2.015)  /* Acid Stream VI */
     , (30687,    69,  2.015)  /* Shock Wave VI */
     , (30687,    74,  2.015)  /* Frost Bolt VI */
     , (30687,    80,  2.015)  /* Lightning Bolt VI */
     , (30687,    85,  2.015)  /* Flame Bolt VI */
     , (30687,    91,  2.015)  /* Force Bolt VI */
     , (30687,    97,  2.015)  /* Whirling Blade VI */
     , (30687,   106,  2.015)  /* Shock Blast VI */
     , (30687,   138,  2.015)  /* Frost Volley VI */
     , (30687,   142,  2.015)  /* Lightning Volley VI */
     , (30687,   146,  2.015)  /* Flame Volley VI */
     , (30687,   154,  2.015)  /* Blade Volley VI */
     , (30687,   234,  2.012)  /* Vulnerability Other VI */
     , (30687,   267,  2.012)  /* Defenselessness Other VI */
     , (30687,   285,  2.012)  /* Magic Yield Other VI */
     , (30687,  1161,  2.009)  /* Heal Self VI */
     , (30687,  1176,  2.012)  /* Harm Other VI */
     , (30687,  1200,  2.012)  /* Enfeeble Other VI */
     , (30687,  1265,  2.012)  /* Drain Mana Other VI */
     , (30687,  1468,  2.012)  /* Feeblemind Other VI */;

INSERT INTO `weenie_properties_event_filter` (`object_Id`, `event`)
VALUES (30687,  94) /* ATTACK_NOTIFICATION_EVENT */
     , (30687, 414) /* PLAYER_DEATH_EVENT */;

INSERT INTO `weenie_properties_create_list` (`object_Id`, `destination_Type`, `weenie_Class_Id`, `stack_Size`, `palette`, `shade`, `try_To_Bond`)
VALUES (30687, 9, 23108,  0, 0, 0.02, False) /* Create Twisted Dark Key (23108) for ContainTreasure */
     , (30687, 9,     0,  0, 0, 0.98, False) /* Create nothing for ContainTreasure */
     , (30687, 9, 23107,  0, 0, 0.01, False) /* Create Mangled Dark Key (23107) for ContainTreasure */
     , (30687, 9,     0,  0, 0, 0.99, False) /* Create nothing for ContainTreasure */;
DELETE FROM `weenie` WHERE `class_Id` = 30689;

INSERT INTO `weenie` (`class_Id`, `class_Name`, `type`, `last_Modified`)
VALUES (30689, 'lugiantitanwithered', 10, '2019-09-13 00:00:00') /* Creature */;

INSERT INTO `weenie_properties_int` (`object_Id`, `type`, `value`)
VALUES (30689,   1,         16) /* ItemType - Creature */
     , (30689,   2,         70) /* CreatureType - GotrokLugian */
     , (30689,   3,         17) /* PaletteTemplate - Yellow */
     , (30689,   6,         -1) /* ItemsCapacity */
     , (30689,   7,         -1) /* ContainersCapacity */
     , (30689,   8,       8000) /* Mass */
     , (30689,  16,          1) /* ItemUseable - No */
     , (30689,  25,        161) /* Level */
     , (30689,  27,          0) /* ArmorType - None */
     , (30689,  40,          2) /* CombatMode - Melee */
     , (30689,  68,         13) /* TargetingTactic - Random, LastDamager, TopDamager */
     , (30689,  93,       1032) /* PhysicsState - ReportCollisions, Gravity */
     , (30689, 101,        131) /* AiAllowedCombatStyle - Unarmed, OneHanded, ThrownWeapon */
     , (30689, 133,          4) /* ShowableOnRadar - ShowAlways */
     , (30689, 140,          1) /* AiOptions - CanOpenDoors */
     , (30689, 146,     306724) /* XpOverride */;

INSERT INTO `weenie_properties_bool` (`object_Id`, `type`, `value`)
VALUES (30689,   1, True ) /* Stuck */
     , (30689,  11, False) /* IgnoreCollisions */
     , (30689,  12, True ) /* ReportCollisions */
     , (30689,  13, False) /* Ethereal */
     , (30689, 103, True ) /* NonProjectileMagicImmune */
     , (30689, 9016, True ) /* UseXpOverride */;

INSERT INTO `weenie_properties_float` (`object_Id`, `type`, `value`)
VALUES (30689,   1,       5) /* HeartbeatInterval */
     , (30689,   2,       0) /* HeartbeatTimestamp */
     , (30689,   3,       8) /* HealthRate */
     , (30689,   4,      20) /* StaminaRate */
     , (30689,   5,       2) /* ManaRate */
     , (30689,  12,     0.5) /* Shade */
     , (30689,  13,     0.6) /* ArmorModVsSlash */
     , (30689,  14,     0.6) /* ArmorModVsPierce */
     , (30689,  15,     0.6) /* ArmorModVsBludgeon */
     , (30689,  16,    0.35) /* ArmorModVsCold */
     , (30689,  17,    0.25) /* ArmorModVsFire */
     , (30689,  18,    0.85) /* ArmorModVsAcid */
     , (30689,  19,     0.8) /* ArmorModVsElectric */
     , (30689,  31,      23) /* VisualAwarenessRange */
     , (30689,  34,       3) /* PowerupTime */
     , (30689,  36,       1) /* ChargeSpeed */
     , (30689,  64,    0.65) /* ResistSlash */
     , (30689,  65,    0.65) /* ResistPierce */
     , (30689,  66,    0.65) /* ResistBludgeon */
     , (30689,  67,    0.25) /* ResistFire */
     , (30689,  68,     0.4) /* ResistCold */
     , (30689,  69,     0.9) /* ResistAcid */
     , (30689,  70,       2) /* ResistElectric */
     , (30689,  71,       1) /* ResistHealthBoost */
     , (30689,  72,       1) /* ResistStaminaDrain */
     , (30689,  73,       1) /* ResistStaminaBoost */
     , (30689,  74,       1) /* ResistManaDrain */
     , (30689,  75,       1) /* ResistManaBoost */
     , (30689, 104,      10) /* ObviousRadarRange */
     , (30689, 117,     0.5) /* FocusedProbability */
     , (30689, 125,       1) /* ResistHealthDrain */;

INSERT INTO `weenie_properties_string` (`object_Id`, `type`, `value`)
VALUES (30689,   1, 'Withered Raider Prefect') /* Name */;

INSERT INTO `weenie_properties_d_i_d` (`object_Id`, `type`, `value`)
VALUES (30689,   1, 0x020012B3) /* Setup */
     , (30689,   2, 0x09000006) /* MotionTable */
     , (30689,   3, 0x2000000A) /* SoundTable */
     , (30689,   4, 0x30000003) /* CombatTable */
     , (30689,   6, 0x040010C6) /* PaletteBase */
     , (30689,   7, 0x1000059F) /* ClothingBase */
     , (30689,   8, 0x06001037) /* Icon */
     , (30689,  22, 0x3400001E) /* PhysicsEffectTable */
     , (30689,  32,        425) /* WieldedTreasureType */
     , (30689,  35,        449) /* DeathTreasureType - T6_General - Loot Tier: 6 */;

INSERT INTO `weenie_properties_attribute` (`object_Id`, `type`, `init_Level`, `level_From_C_P`, `c_P_Spent`)
VALUES (30689,   1, 280, 0, 0) /* Strength */
     , (30689,   2, 340, 0, 0) /* Endurance */
     , (30689,   3, 290, 0, 0) /* Quickness */
     , (30689,   4, 290, 0, 0) /* Coordination */
     , (30689,   5, 180, 0, 0) /* Focus */
     , (30689,   6, 240, 0, 0) /* Self */;

INSERT INTO `weenie_properties_attribute_2nd` (`object_Id`, `type`, `init_Level`, `level_From_C_P`, `c_P_Spent`, `current_Level`)
VALUES (30689,   1,  9830, 0, 0, 10000) /* MaxHealth */
     , (30689,   3,  5660, 0, 0, 6000) /* MaxStamina */
     , (30689,   5,     0, 0, 0, 240) /* MaxMana */;

INSERT INTO `weenie_properties_skill` (`object_Id`, `type`, `level_From_P_P`, `s_a_c`, `p_p`, `init_Level`, `resistance_At_Last_Check`, `last_Used_Time`)
VALUES (30689,  2, 0, 3, 0, 290, 0, 0) /* Bow                 Specialized */
     , (30689,  4, 0, 3, 0, 293, 0, 0) /* Dagger              Specialized */
     , (30689,  6, 0, 3, 0, 312, 0, 0) /* MeleeDefense        Specialized */
     , (30689,  7, 0, 3, 0, 463, 0, 0) /* MissileDefense      Specialized */
     , (30689, 15, 0, 3, 0, 355, 0, 0) /* MagicDefense        Specialized */
     , (30689, 20, 0, 3, 0,  80, 0, 0) /* Deception           Specialized */
     , (30689, 22, 0, 3, 0,  80, 0, 0) /* Jump                Specialized */
     , (30689, 24, 0, 3, 0,  75, 0, 0) /* Run                 Specialized */;

INSERT INTO `weenie_properties_body_part` (`object_Id`, `key`, `d_Type`, `d_Val`, `d_Var`, `base_Armor`, `armor_Vs_Slash`, `armor_Vs_Pierce`, `armor_Vs_Bludgeon`, `armor_Vs_Cold`, `armor_Vs_Fire`, `armor_Vs_Acid`, `armor_Vs_Electric`, `armor_Vs_Nether`, `b_h`, `h_l_f`, `m_l_f`, `l_l_f`, `h_r_f`, `m_r_f`, `l_r_f`, `h_l_b`, `m_l_b`, `l_l_b`, `h_r_b`, `m_r_b`, `l_r_b`)
VALUES (30689,  0,  4,  2,  0.3,  440,  264,  264,  264,  154,  110,  374,  352,    0, 1, 0.33,    0,    0, 0.33,    0,    0, 0.33,    0,    0, 0.33,    0,    0) /* Head */
     , (30689,  1,  4, 40,  0.3,  440,  264,  264,  264,  154,  110,  374,  352,    0, 2, 0.44, 0.17,    0, 0.44, 0.17,    0, 0.44, 0.17,    0, 0.44, 0.17,    0) /* Chest */
     , (30689,  2,  4,  2,  0.3,  440,  264,  264,  264,  154,  110,  374,  352,    0, 3,    0, 0.17,    0,    0, 0.17,    0,    0, 0.17,    0,    0, 0.17,    0) /* Abdomen */
     , (30689,  3,  4,  2,  0.3,  440,  264,  264,  264,  154,  110,  374,  352,    0, 1, 0.23, 0.03,    0, 0.23, 0.03,    0, 0.23, 0.03,    0, 0.23, 0.03,    0) /* UpperArm */
     , (30689,  4,  4,  2,  0.3,  440,  264,  264,  264,  154,  110,  374,  352,    0, 2,    0,  0.3,    0,    0,  0.3,    0,    0,  0.3,    0,    0,  0.3,    0) /* LowerArm */
     , (30689,  5,  4, 200, 0.75,  440,  264,  264,  264,  154,  110,  374,  352,    0, 2,    0,  0.2,    0,    0,  0.2,    0,    0,  0.2,    0,    0,  0.2,    0) /* Hand */
     , (30689,  6,  4,  2,  0.3,  440,  264,  264,  264,  154,  110,  374,  352,    0, 3,    0, 0.13, 0.18,    0, 0.13, 0.18,    0, 0.13, 0.18,    0, 0.13, 0.18) /* UpperLeg */
     , (30689,  7,  4, 25,  0.3,  440,  264,  264,  264,  154,  110,  374,  352,    0, 3,    0,    0,  0.6,    0,    0,  0.6,    0,    0,  0.6,    0,    0,  0.6) /* LowerLeg */
     , (30689,  8,  4, 200, 0.75,  440,  264,  264,  264,  154,  110,  374,  352,    0, 3,    0,    0, 0.22,    0,    0, 0.22,    0,    0, 0.22,    0,    0, 0.22) /* Foot */;

INSERT INTO `weenie_properties_event_filter` (`object_Id`, `event`)
VALUES (30689,  94) /* ATTACK_NOTIFICATION_EVENT */
     , (30689, 414) /* PLAYER_DEATH_EVENT */;

INSERT INTO `weenie_properties_emote` (`object_Id`, `category`, `probability`, `weenie_Class_Id`, `style`, `substyle`, `quest`, `vendor_Type`, `min_Health`, `max_Health`)
VALUES (30689,  5 /* HeartBeat */,  0.025, NULL, 0x8000003C /* HandCombat */, 0x41000003 /* Ready */, NULL, NULL, NULL, NULL);

SET @parent_id = LAST_INSERT_ID();

INSERT INTO `weenie_properties_emote_action` (`emote_Id`, `order`, `type`, `delay`, `extent`, `motion`, `message`, `test_String`, `min`, `max`, `min_64`, `max_64`, `min_Dbl`, `max_Dbl`, `stat`, `display`, `amount`, `amount_64`, `hero_X_P_64`, `percent`, `spell_Id`, `wealth_Rating`, `treasure_Class`, `treasure_Type`, `p_Script`, `sound`, `destination_Type`, `weenie_Class_Id`, `stack_Size`, `palette`, `shade`, `try_To_Bond`, `obj_Cell_Id`, `origin_X`, `origin_Y`, `origin_Z`, `angles_W`, `angles_X`, `angles_Y`, `angles_Z`)
VALUES (@parent_id,  0,   5 /* Motion */, 0, 1, 0x10000052 /* Twitch2 */, NULL, NULL, NULL, NULL, NULL, NULL, NULL, NULL, NULL, NULL, NULL, NULL, NULL, NULL, NULL, NULL, NULL, NULL, NULL, NULL, NULL, NULL, NULL, NULL, NULL, NULL, NULL, NULL, NULL, NULL, NULL, NULL, NULL, NULL);

INSERT INTO `weenie_properties_emote` (`object_Id`, `category`, `probability`, `weenie_Class_Id`, `style`, `substyle`, `quest`, `vendor_Type`, `min_Health`, `max_Health`)
VALUES (30689,  5 /* HeartBeat */,    0.1, NULL, 0x8000003C /* HandCombat */, 0x41000003 /* Ready */, NULL, NULL, NULL, NULL);

SET @parent_id = LAST_INSERT_ID();

INSERT INTO `weenie_properties_emote_action` (`emote_Id`, `order`, `type`, `delay`, `extent`, `motion`, `message`, `test_String`, `min`, `max`, `min_64`, `max_64`, `min_Dbl`, `max_Dbl`, `stat`, `display`, `amount`, `amount_64`, `hero_X_P_64`, `percent`, `spell_Id`, `wealth_Rating`, `treasure_Class`, `treasure_Type`, `p_Script`, `sound`, `destination_Type`, `weenie_Class_Id`, `stack_Size`, `palette`, `shade`, `try_To_Bond`, `obj_Cell_Id`, `origin_X`, `origin_Y`, `origin_Z`, `angles_W`, `angles_X`, `angles_Y`, `angles_Z`)
VALUES (@parent_id,  0,   5 /* Motion */, 0, 1, 0x10000051 /* Twitch1 */, NULL, NULL, NULL, NULL, NULL, NULL, NULL, NULL, NULL, NULL, NULL, NULL, NULL, NULL, NULL, NULL, NULL, NULL, NULL, NULL, NULL, NULL, NULL, NULL, NULL, NULL, NULL, NULL, NULL, NULL, NULL, NULL, NULL, NULL);

INSERT INTO `weenie_properties_emote` (`object_Id`, `category`, `probability`, `weenie_Class_Id`, `style`, `substyle`, `quest`, `vendor_Type`, `min_Health`, `max_Health`)
VALUES (30689,  5 /* HeartBeat */,  0.125, NULL, 0x8000003C /* HandCombat */, 0x41000003 /* Ready */, NULL, NULL, NULL, NULL);

SET @parent_id = LAST_INSERT_ID();

INSERT INTO `weenie_properties_emote_action` (`emote_Id`, `order`, `type`, `delay`, `extent`, `motion`, `message`, `test_String`, `min`, `max`, `min_64`, `max_64`, `min_Dbl`, `max_Dbl`, `stat`, `display`, `amount`, `amount_64`, `hero_X_P_64`, `percent`, `spell_Id`, `wealth_Rating`, `treasure_Class`, `treasure_Type`, `p_Script`, `sound`, `destination_Type`, `weenie_Class_Id`, `stack_Size`, `palette`, `shade`, `try_To_Bond`, `obj_Cell_Id`, `origin_X`, `origin_Y`, `origin_Z`, `angles_W`, `angles_X`, `angles_Y`, `angles_Z`)
VALUES (@parent_id,  0,   5 /* Motion */, 0, 1, 0x10000053 /* Twitch3 */, NULL, NULL, NULL, NULL, NULL, NULL, NULL, NULL, NULL, NULL, NULL, NULL, NULL, NULL, NULL, NULL, NULL, NULL, NULL, NULL, NULL, NULL, NULL, NULL, NULL, NULL, NULL, NULL, NULL, NULL, NULL, NULL, NULL, NULL);

INSERT INTO `weenie_properties_emote` (`object_Id`, `category`, `probability`, `weenie_Class_Id`, `style`, `substyle`, `quest`, `vendor_Type`, `min_Health`, `max_Health`)
VALUES (30689,  5 /* HeartBeat */,  0.025, NULL, 0x8000003E /* SwordCombat */, 0x41000003 /* Ready */, NULL, NULL, NULL, NULL);

SET @parent_id = LAST_INSERT_ID();

INSERT INTO `weenie_properties_emote_action` (`emote_Id`, `order`, `type`, `delay`, `extent`, `motion`, `message`, `test_String`, `min`, `max`, `min_64`, `max_64`, `min_Dbl`, `max_Dbl`, `stat`, `display`, `amount`, `amount_64`, `hero_X_P_64`, `percent`, `spell_Id`, `wealth_Rating`, `treasure_Class`, `treasure_Type`, `p_Script`, `sound`, `destination_Type`, `weenie_Class_Id`, `stack_Size`, `palette`, `shade`, `try_To_Bond`, `obj_Cell_Id`, `origin_X`, `origin_Y`, `origin_Z`, `angles_W`, `angles_X`, `angles_Y`, `angles_Z`)
VALUES (@parent_id,  0,   5 /* Motion */, 0, 1, 0x10000051 /* Twitch1 */, NULL, NULL, NULL, NULL, NULL, NULL, NULL, NULL, NULL, NULL, NULL, NULL, NULL, NULL, NULL, NULL, NULL, NULL, NULL, NULL, NULL, NULL, NULL, NULL, NULL, NULL, NULL, NULL, NULL, NULL, NULL, NULL, NULL, NULL);

INSERT INTO `weenie_properties_emote` (`object_Id`, `category`, `probability`, `weenie_Class_Id`, `style`, `substyle`, `quest`, `vendor_Type`, `min_Health`, `max_Health`)
VALUES (30689,  5 /* HeartBeat */,  0.025, NULL, 0x8000003D /* NonCombat */, 0x41000003 /* Ready */, NULL, NULL, NULL, NULL);

SET @parent_id = LAST_INSERT_ID();

INSERT INTO `weenie_properties_emote_action` (`emote_Id`, `order`, `type`, `delay`, `extent`, `motion`, `message`, `test_String`, `min`, `max`, `min_64`, `max_64`, `min_Dbl`, `max_Dbl`, `stat`, `display`, `amount`, `amount_64`, `hero_X_P_64`, `percent`, `spell_Id`, `wealth_Rating`, `treasure_Class`, `treasure_Type`, `p_Script`, `sound`, `destination_Type`, `weenie_Class_Id`, `stack_Size`, `palette`, `shade`, `try_To_Bond`, `obj_Cell_Id`, `origin_X`, `origin_Y`, `origin_Z`, `angles_W`, `angles_X`, `angles_Y`, `angles_Z`)
VALUES (@parent_id,  0,   5 /* Motion */, 0, 1, 0x10000052 /* Twitch2 */, NULL, NULL, NULL, NULL, NULL, NULL, NULL, NULL, NULL, NULL, NULL, NULL, NULL, NULL, NULL, NULL, NULL, NULL, NULL, NULL, NULL, NULL, NULL, NULL, NULL, NULL, NULL, NULL, NULL, NULL, NULL, NULL, NULL, NULL);

INSERT INTO `weenie_properties_emote` (`object_Id`, `category`, `probability`, `weenie_Class_Id`, `style`, `substyle`, `quest`, `vendor_Type`, `min_Health`, `max_Health`)
VALUES (30689,  5 /* HeartBeat */,    0.1, NULL, 0x8000003D /* NonCombat */, 0x41000003 /* Ready */, NULL, NULL, NULL, NULL);

SET @parent_id = LAST_INSERT_ID();

INSERT INTO `weenie_properties_emote_action` (`emote_Id`, `order`, `type`, `delay`, `extent`, `motion`, `message`, `test_String`, `min`, `max`, `min_64`, `max_64`, `min_Dbl`, `max_Dbl`, `stat`, `display`, `amount`, `amount_64`, `hero_X_P_64`, `percent`, `spell_Id`, `wealth_Rating`, `treasure_Class`, `treasure_Type`, `p_Script`, `sound`, `destination_Type`, `weenie_Class_Id`, `stack_Size`, `palette`, `shade`, `try_To_Bond`, `obj_Cell_Id`, `origin_X`, `origin_Y`, `origin_Z`, `angles_W`, `angles_X`, `angles_Y`, `angles_Z`)
VALUES (@parent_id,  0,   5 /* Motion */, 0, 1, 0x10000051 /* Twitch1 */, NULL, NULL, NULL, NULL, NULL, NULL, NULL, NULL, NULL, NULL, NULL, NULL, NULL, NULL, NULL, NULL, NULL, NULL, NULL, NULL, NULL, NULL, NULL, NULL, NULL, NULL, NULL, NULL, NULL, NULL, NULL, NULL, NULL, NULL);

INSERT INTO `weenie_properties_emote` (`object_Id`, `category`, `probability`, `weenie_Class_Id`, `style`, `substyle`, `quest`, `vendor_Type`, `min_Health`, `max_Health`)
VALUES (30689,  5 /* HeartBeat */,  0.125, NULL, 0x8000003D /* NonCombat */, 0x41000003 /* Ready */, NULL, NULL, NULL, NULL);

SET @parent_id = LAST_INSERT_ID();

INSERT INTO `weenie_properties_emote_action` (`emote_Id`, `order`, `type`, `delay`, `extent`, `motion`, `message`, `test_String`, `min`, `max`, `min_64`, `max_64`, `min_Dbl`, `max_Dbl`, `stat`, `display`, `amount`, `amount_64`, `hero_X_P_64`, `percent`, `spell_Id`, `wealth_Rating`, `treasure_Class`, `treasure_Type`, `p_Script`, `sound`, `destination_Type`, `weenie_Class_Id`, `stack_Size`, `palette`, `shade`, `try_To_Bond`, `obj_Cell_Id`, `origin_X`, `origin_Y`, `origin_Z`, `angles_W`, `angles_X`, `angles_Y`, `angles_Z`)
VALUES (@parent_id,  0,   5 /* Motion */, 0, 1, 0x10000053 /* Twitch3 */, NULL, NULL, NULL, NULL, NULL, NULL, NULL, NULL, NULL, NULL, NULL, NULL, NULL, NULL, NULL, NULL, NULL, NULL, NULL, NULL, NULL, NULL, NULL, NULL, NULL, NULL, NULL, NULL, NULL, NULL, NULL, NULL, NULL, NULL);

INSERT INTO `weenie_properties_create_list` (`object_Id`, `destination_Type`, `weenie_Class_Id`, `stack_Size`, `palette`, `shade`, `try_To_Bond`)
VALUES (30689, 9, 23108,  0, 0, 0.02, False) /* Create Twisted Dark Key (23108) for ContainTreasure */
     , (30689, 9,     0,  0, 0, 0.98, False) /* Create nothing for ContainTreasure */
     , (30689, 9, 23107,  0, 0, 0.01, False) /* Create Mangled Dark Key (23107) for ContainTreasure */
     , (30689, 9,     0,  0, 0, 0.99, False) /* Create nothing for ContainTreasure */;
DELETE FROM `weenie` WHERE `class_Id` = 30691;

INSERT INTO `weenie` (`class_Id`, `class_Name`, `type`, `last_Modified`)
VALUES (30691, 'lugianjuggernautwithered', 10, '2019-09-13 00:00:00') /* Creature */;

INSERT INTO `weenie_properties_int` (`object_Id`, `type`, `value`)
VALUES (30691,   1,         16) /* ItemType - Creature */
     , (30691,   2,         70) /* CreatureType - GotrokLugian */
     , (30691,   3,          8) /* PaletteTemplate - Green */
     , (30691,   6,         -1) /* ItemsCapacity */
     , (30691,   7,         -1) /* ContainersCapacity */
     , (30691,   8,       8000) /* Mass */
     , (30691,  16,          1) /* ItemUseable - No */
     , (30691,  25,        161) /* Level */
     , (30691,  27,          0) /* ArmorType - None */
     , (30691,  40,          2) /* CombatMode - Melee */
     , (30691,  68,         13) /* TargetingTactic - Random, LastDamager, TopDamager */
     , (30691,  93,       1032) /* PhysicsState - ReportCollisions, Gravity */
     , (30691, 101,        131) /* AiAllowedCombatStyle - Unarmed, OneHanded, ThrownWeapon */
     , (30691, 133,          4) /* ShowableOnRadar - ShowAlways */
     , (30691, 140,          1) /* AiOptions - CanOpenDoors */
     , (30691, 146,     302931) /* XpOverride */;

INSERT INTO `weenie_properties_bool` (`object_Id`, `type`, `value`)
VALUES (30691,   1, True ) /* Stuck */
     , (30691,  11, False) /* IgnoreCollisions */
     , (30691,  12, True ) /* ReportCollisions */
     , (30691,  13, False) /* Ethereal */
     , (30691, 103, True ) /* NonProjectileMagicImmune */
     , (30691, 9016, True ) /* UseXpOverride */;

INSERT INTO `weenie_properties_float` (`object_Id`, `type`, `value`)
VALUES (30691,   1,       5) /* HeartbeatInterval */
     , (30691,   2,       0) /* HeartbeatTimestamp */
     , (30691,   3,     0.9) /* HealthRate */
     , (30691,   4,       4) /* StaminaRate */
     , (30691,   5,       2) /* ManaRate */
     , (30691,  12,     0.5) /* Shade */
     , (30691,  13,     0.6) /* ArmorModVsSlash */
     , (30691,  14,     0.6) /* ArmorModVsPierce */
     , (30691,  15,     0.6) /* ArmorModVsBludgeon */
     , (30691,  16,    0.35) /* ArmorModVsCold */
     , (30691,  17,    0.25) /* ArmorModVsFire */
     , (30691,  18,    0.85) /* ArmorModVsAcid */
     , (30691,  19,     0.8) /* ArmorModVsElectric */
     , (30691,  31,      23) /* VisualAwarenessRange */
     , (30691,  34,       3) /* PowerupTime */
     , (30691,  36,       1) /* ChargeSpeed */
     , (30691,  64,    0.65) /* ResistSlash */
     , (30691,  65,    0.65) /* ResistPierce */
     , (30691,  66,    0.65) /* ResistBludgeon */
     , (30691,  67,    0.25) /* ResistFire */
     , (30691,  68,     0.4) /* ResistCold */
     , (30691,  69,     0.9) /* ResistAcid */
     , (30691,  70,       2) /* ResistElectric */
     , (30691,  71,       1) /* ResistHealthBoost */
     , (30691,  72,       1) /* ResistStaminaDrain */
     , (30691,  73,       1) /* ResistStaminaBoost */
     , (30691,  74,       1) /* ResistManaDrain */
     , (30691,  75,       1) /* ResistManaBoost */
     , (30691, 104,      10) /* ObviousRadarRange */
     , (30691, 117,     0.5) /* FocusedProbability */
     , (30691, 125,       1) /* ResistHealthDrain */;

INSERT INTO `weenie_properties_string` (`object_Id`, `type`, `value`)
VALUES (30691,   1, 'Withered Raider Justicar') /* Name */;

INSERT INTO `weenie_properties_d_i_d` (`object_Id`, `type`, `value`)
VALUES (30691,   1, 0x020012B3) /* Setup */
     , (30691,   2, 0x09000006) /* MotionTable */
     , (30691,   3, 0x2000000A) /* SoundTable */
     , (30691,   4, 0x30000003) /* CombatTable */
     , (30691,   6, 0x040010C6) /* PaletteBase */
     , (30691,   7, 0x1000059F) /* ClothingBase */
     , (30691,   8, 0x06001037) /* Icon */
     , (30691,  22, 0x3400001E) /* PhysicsEffectTable */
     , (30691,  32,        424) /* WieldedTreasureType */
     , (30691,  35,        449) /* DeathTreasureType - T6_General - Loot Tier: 6 */;

INSERT INTO `weenie_properties_attribute` (`object_Id`, `type`, `init_Level`, `level_From_C_P`, `c_P_Spent`)
VALUES (30691,   1, 340, 0, 0) /* Strength */
     , (30691,   2, 340, 0, 0) /* Endurance */
     , (30691,   3, 220, 0, 0) /* Quickness */
     , (30691,   4, 290, 0, 0) /* Coordination */
     , (30691,   5, 180, 0, 0) /* Focus */
     , (30691,   6, 240, 0, 0) /* Self */;

INSERT INTO `weenie_properties_attribute_2nd` (`object_Id`, `type`, `init_Level`, `level_From_C_P`, `c_P_Spent`, `current_Level`)
VALUES (30691,   1,  9830, 0, 0, 10000) /* MaxHealth */
     , (30691,   3,  5660, 0, 0, 6000) /* MaxStamina */
     , (30691,   5,     0, 0, 0, 240) /* MaxMana */;

INSERT INTO `weenie_properties_skill` (`object_Id`, `type`, `level_From_P_P`, `s_a_c`, `p_p`, `init_Level`, `resistance_At_Last_Check`, `last_Used_Time`)
VALUES (30691,  1, 0, 3, 0, 283, 0, 0) /* Axe                 Specialized */
     , (30691,  6, 0, 3, 0, 335, 0, 0) /* MeleeDefense        Specialized */
     , (30691,  7, 0, 3, 0, 463, 0, 0) /* MissileDefense      Specialized */
     , (30691, 12, 0, 3, 0, 260, 0, 0) /* ThrownWeapon        Specialized */
     , (30691, 15, 0, 3, 0, 355, 0, 0) /* MagicDefense        Specialized */
     , (30691, 20, 0, 3, 0,  80, 0, 0) /* Deception           Specialized */
     , (30691, 22, 0, 3, 0,  80, 0, 0) /* Jump                Specialized */
     , (30691, 24, 0, 3, 0,  45, 0, 0) /* Run                 Specialized */;

INSERT INTO `weenie_properties_body_part` (`object_Id`, `key`, `d_Type`, `d_Val`, `d_Var`, `base_Armor`, `armor_Vs_Slash`, `armor_Vs_Pierce`, `armor_Vs_Bludgeon`, `armor_Vs_Cold`, `armor_Vs_Fire`, `armor_Vs_Acid`, `armor_Vs_Electric`, `armor_Vs_Nether`, `b_h`, `h_l_f`, `m_l_f`, `l_l_f`, `h_r_f`, `m_r_f`, `l_r_f`, `h_l_b`, `m_l_b`, `l_l_b`, `h_r_b`, `m_r_b`, `l_r_b`)
VALUES (30691,  0,  4,  2,  0.3,  440,  264,  264,  264,  154,  110,  374,  352,    0, 1, 0.33,    0,    0, 0.33,    0,    0, 0.33,    0,    0, 0.33,    0,    0) /* Head */
     , (30691,  1,  4, 40,  0.3,  440,  264,  264,  264,  154,  110,  374,  352,    0, 2, 0.44, 0.17,    0, 0.44, 0.17,    0, 0.44, 0.17,    0, 0.44, 0.17,    0) /* Chest */
     , (30691,  2,  4,  2,  0.3,  440,  264,  264,  264,  154,  110,  374,  352,    0, 3,    0, 0.17,    0,    0, 0.17,    0,    0, 0.17,    0,    0, 0.17,    0) /* Abdomen */
     , (30691,  3,  4,  2,  0.3,  440,  264,  264,  264,  154,  110,  374,  352,    0, 1, 0.23, 0.03,    0, 0.23, 0.03,    0, 0.23, 0.03,    0, 0.23, 0.03,    0) /* UpperArm */
     , (30691,  4,  4,  2,  0.3,  440,  264,  264,  264,  154,  110,  374,  352,    0, 2,    0,  0.3,    0,    0,  0.3,    0,    0,  0.3,    0,    0,  0.3,    0) /* LowerArm */
     , (30691,  5,  4, 200, 0.75,  440,  264,  264,  264,  154,  110,  374,  352,    0, 2,    0,  0.2,    0,    0,  0.2,    0,    0,  0.2,    0,    0,  0.2,    0) /* Hand */
     , (30691,  6,  4,  2,  0.3,  440,  264,  264,  264,  154,  110,  374,  352,    0, 3,    0, 0.13, 0.18,    0, 0.13, 0.18,    0, 0.13, 0.18,    0, 0.13, 0.18) /* UpperLeg */
     , (30691,  7,  4, 25,  0.3,  440,  264,  264,  264,  154,  110,  374,  352,    0, 3,    0,    0,  0.6,    0,    0,  0.6,    0,    0,  0.6,    0,    0,  0.6) /* LowerLeg */
     , (30691,  8,  4, 200, 0.75,  440,  264,  264,  264,  154,  110,  374,  352,    0, 3,    0,    0, 0.22,    0,    0, 0.22,    0,    0, 0.22,    0,    0, 0.22) /* Foot */;

INSERT INTO `weenie_properties_event_filter` (`object_Id`, `event`)
VALUES (30691,  94) /* ATTACK_NOTIFICATION_EVENT */
     , (30691, 414) /* PLAYER_DEATH_EVENT */;

INSERT INTO `weenie_properties_emote` (`object_Id`, `category`, `probability`, `weenie_Class_Id`, `style`, `substyle`, `quest`, `vendor_Type`, `min_Health`, `max_Health`)
VALUES (30691,  5 /* HeartBeat */,  0.025, NULL, 0x8000003C /* HandCombat */, 0x41000003 /* Ready */, NULL, NULL, NULL, NULL);

SET @parent_id = LAST_INSERT_ID();

INSERT INTO `weenie_properties_emote_action` (`emote_Id`, `order`, `type`, `delay`, `extent`, `motion`, `message`, `test_String`, `min`, `max`, `min_64`, `max_64`, `min_Dbl`, `max_Dbl`, `stat`, `display`, `amount`, `amount_64`, `hero_X_P_64`, `percent`, `spell_Id`, `wealth_Rating`, `treasure_Class`, `treasure_Type`, `p_Script`, `sound`, `destination_Type`, `weenie_Class_Id`, `stack_Size`, `palette`, `shade`, `try_To_Bond`, `obj_Cell_Id`, `origin_X`, `origin_Y`, `origin_Z`, `angles_W`, `angles_X`, `angles_Y`, `angles_Z`)
VALUES (@parent_id,  0,   5 /* Motion */, 0, 1, 0x10000052 /* Twitch2 */, NULL, NULL, NULL, NULL, NULL, NULL, NULL, NULL, NULL, NULL, NULL, NULL, NULL, NULL, NULL, NULL, NULL, NULL, NULL, NULL, NULL, NULL, NULL, NULL, NULL, NULL, NULL, NULL, NULL, NULL, NULL, NULL, NULL, NULL);

INSERT INTO `weenie_properties_emote` (`object_Id`, `category`, `probability`, `weenie_Class_Id`, `style`, `substyle`, `quest`, `vendor_Type`, `min_Health`, `max_Health`)
VALUES (30691,  5 /* HeartBeat */,    0.1, NULL, 0x8000003C /* HandCombat */, 0x41000003 /* Ready */, NULL, NULL, NULL, NULL);

SET @parent_id = LAST_INSERT_ID();

INSERT INTO `weenie_properties_emote_action` (`emote_Id`, `order`, `type`, `delay`, `extent`, `motion`, `message`, `test_String`, `min`, `max`, `min_64`, `max_64`, `min_Dbl`, `max_Dbl`, `stat`, `display`, `amount`, `amount_64`, `hero_X_P_64`, `percent`, `spell_Id`, `wealth_Rating`, `treasure_Class`, `treasure_Type`, `p_Script`, `sound`, `destination_Type`, `weenie_Class_Id`, `stack_Size`, `palette`, `shade`, `try_To_Bond`, `obj_Cell_Id`, `origin_X`, `origin_Y`, `origin_Z`, `angles_W`, `angles_X`, `angles_Y`, `angles_Z`)
VALUES (@parent_id,  0,   5 /* Motion */, 0, 1, 0x10000051 /* Twitch1 */, NULL, NULL, NULL, NULL, NULL, NULL, NULL, NULL, NULL, NULL, NULL, NULL, NULL, NULL, NULL, NULL, NULL, NULL, NULL, NULL, NULL, NULL, NULL, NULL, NULL, NULL, NULL, NULL, NULL, NULL, NULL, NULL, NULL, NULL);

INSERT INTO `weenie_properties_emote` (`object_Id`, `category`, `probability`, `weenie_Class_Id`, `style`, `substyle`, `quest`, `vendor_Type`, `min_Health`, `max_Health`)
VALUES (30691,  5 /* HeartBeat */,  0.125, NULL, 0x8000003C /* HandCombat */, 0x41000003 /* Ready */, NULL, NULL, NULL, NULL);

SET @parent_id = LAST_INSERT_ID();

INSERT INTO `weenie_properties_emote_action` (`emote_Id`, `order`, `type`, `delay`, `extent`, `motion`, `message`, `test_String`, `min`, `max`, `min_64`, `max_64`, `min_Dbl`, `max_Dbl`, `stat`, `display`, `amount`, `amount_64`, `hero_X_P_64`, `percent`, `spell_Id`, `wealth_Rating`, `treasure_Class`, `treasure_Type`, `p_Script`, `sound`, `destination_Type`, `weenie_Class_Id`, `stack_Size`, `palette`, `shade`, `try_To_Bond`, `obj_Cell_Id`, `origin_X`, `origin_Y`, `origin_Z`, `angles_W`, `angles_X`, `angles_Y`, `angles_Z`)
VALUES (@parent_id,  0,   5 /* Motion */, 0, 1, 0x10000053 /* Twitch3 */, NULL, NULL, NULL, NULL, NULL, NULL, NULL, NULL, NULL, NULL, NULL, NULL, NULL, NULL, NULL, NULL, NULL, NULL, NULL, NULL, NULL, NULL, NULL, NULL, NULL, NULL, NULL, NULL, NULL, NULL, NULL, NULL, NULL, NULL);

INSERT INTO `weenie_properties_emote` (`object_Id`, `category`, `probability`, `weenie_Class_Id`, `style`, `substyle`, `quest`, `vendor_Type`, `min_Health`, `max_Health`)
VALUES (30691,  5 /* HeartBeat */,  0.025, NULL, 0x8000003E /* SwordCombat */, 0x41000003 /* Ready */, NULL, NULL, NULL, NULL);

SET @parent_id = LAST_INSERT_ID();

INSERT INTO `weenie_properties_emote_action` (`emote_Id`, `order`, `type`, `delay`, `extent`, `motion`, `message`, `test_String`, `min`, `max`, `min_64`, `max_64`, `min_Dbl`, `max_Dbl`, `stat`, `display`, `amount`, `amount_64`, `hero_X_P_64`, `percent`, `spell_Id`, `wealth_Rating`, `treasure_Class`, `treasure_Type`, `p_Script`, `sound`, `destination_Type`, `weenie_Class_Id`, `stack_Size`, `palette`, `shade`, `try_To_Bond`, `obj_Cell_Id`, `origin_X`, `origin_Y`, `origin_Z`, `angles_W`, `angles_X`, `angles_Y`, `angles_Z`)
VALUES (@parent_id,  0,   5 /* Motion */, 0, 1, 0x10000051 /* Twitch1 */, NULL, NULL, NULL, NULL, NULL, NULL, NULL, NULL, NULL, NULL, NULL, NULL, NULL, NULL, NULL, NULL, NULL, NULL, NULL, NULL, NULL, NULL, NULL, NULL, NULL, NULL, NULL, NULL, NULL, NULL, NULL, NULL, NULL, NULL);

INSERT INTO `weenie_properties_emote` (`object_Id`, `category`, `probability`, `weenie_Class_Id`, `style`, `substyle`, `quest`, `vendor_Type`, `min_Health`, `max_Health`)
VALUES (30691,  5 /* HeartBeat */,  0.025, NULL, 0x8000003D /* NonCombat */, 0x41000003 /* Ready */, NULL, NULL, NULL, NULL);

SET @parent_id = LAST_INSERT_ID();

INSERT INTO `weenie_properties_emote_action` (`emote_Id`, `order`, `type`, `delay`, `extent`, `motion`, `message`, `test_String`, `min`, `max`, `min_64`, `max_64`, `min_Dbl`, `max_Dbl`, `stat`, `display`, `amount`, `amount_64`, `hero_X_P_64`, `percent`, `spell_Id`, `wealth_Rating`, `treasure_Class`, `treasure_Type`, `p_Script`, `sound`, `destination_Type`, `weenie_Class_Id`, `stack_Size`, `palette`, `shade`, `try_To_Bond`, `obj_Cell_Id`, `origin_X`, `origin_Y`, `origin_Z`, `angles_W`, `angles_X`, `angles_Y`, `angles_Z`)
VALUES (@parent_id,  0,   5 /* Motion */, 0, 1, 0x10000052 /* Twitch2 */, NULL, NULL, NULL, NULL, NULL, NULL, NULL, NULL, NULL, NULL, NULL, NULL, NULL, NULL, NULL, NULL, NULL, NULL, NULL, NULL, NULL, NULL, NULL, NULL, NULL, NULL, NULL, NULL, NULL, NULL, NULL, NULL, NULL, NULL);

INSERT INTO `weenie_properties_emote` (`object_Id`, `category`, `probability`, `weenie_Class_Id`, `style`, `substyle`, `quest`, `vendor_Type`, `min_Health`, `max_Health`)
VALUES (30691,  5 /* HeartBeat */,    0.1, NULL, 0x8000003D /* NonCombat */, 0x41000003 /* Ready */, NULL, NULL, NULL, NULL);

SET @parent_id = LAST_INSERT_ID();

INSERT INTO `weenie_properties_emote_action` (`emote_Id`, `order`, `type`, `delay`, `extent`, `motion`, `message`, `test_String`, `min`, `max`, `min_64`, `max_64`, `min_Dbl`, `max_Dbl`, `stat`, `display`, `amount`, `amount_64`, `hero_X_P_64`, `percent`, `spell_Id`, `wealth_Rating`, `treasure_Class`, `treasure_Type`, `p_Script`, `sound`, `destination_Type`, `weenie_Class_Id`, `stack_Size`, `palette`, `shade`, `try_To_Bond`, `obj_Cell_Id`, `origin_X`, `origin_Y`, `origin_Z`, `angles_W`, `angles_X`, `angles_Y`, `angles_Z`)
VALUES (@parent_id,  0,   5 /* Motion */, 0, 1, 0x10000051 /* Twitch1 */, NULL, NULL, NULL, NULL, NULL, NULL, NULL, NULL, NULL, NULL, NULL, NULL, NULL, NULL, NULL, NULL, NULL, NULL, NULL, NULL, NULL, NULL, NULL, NULL, NULL, NULL, NULL, NULL, NULL, NULL, NULL, NULL, NULL, NULL);

INSERT INTO `weenie_properties_emote` (`object_Id`, `category`, `probability`, `weenie_Class_Id`, `style`, `substyle`, `quest`, `vendor_Type`, `min_Health`, `max_Health`)
VALUES (30691,  5 /* HeartBeat */,  0.125, NULL, 0x8000003D /* NonCombat */, 0x41000003 /* Ready */, NULL, NULL, NULL, NULL);

SET @parent_id = LAST_INSERT_ID();

INSERT INTO `weenie_properties_emote_action` (`emote_Id`, `order`, `type`, `delay`, `extent`, `motion`, `message`, `test_String`, `min`, `max`, `min_64`, `max_64`, `min_Dbl`, `max_Dbl`, `stat`, `display`, `amount`, `amount_64`, `hero_X_P_64`, `percent`, `spell_Id`, `wealth_Rating`, `treasure_Class`, `treasure_Type`, `p_Script`, `sound`, `destination_Type`, `weenie_Class_Id`, `stack_Size`, `palette`, `shade`, `try_To_Bond`, `obj_Cell_Id`, `origin_X`, `origin_Y`, `origin_Z`, `angles_W`, `angles_X`, `angles_Y`, `angles_Z`)
VALUES (@parent_id,  0,   5 /* Motion */, 0, 1, 0x10000053 /* Twitch3 */, NULL, NULL, NULL, NULL, NULL, NULL, NULL, NULL, NULL, NULL, NULL, NULL, NULL, NULL, NULL, NULL, NULL, NULL, NULL, NULL, NULL, NULL, NULL, NULL, NULL, NULL, NULL, NULL, NULL, NULL, NULL, NULL, NULL, NULL);

INSERT INTO `weenie_properties_emote` (`object_Id`, `category`, `probability`, `weenie_Class_Id`, `style`, `substyle`, `quest`, `vendor_Type`, `min_Health`, `max_Health`)
VALUES (30691, 16 /* KillTaunt */,  0.001, NULL, NULL, NULL, NULL, NULL, NULL, NULL);

SET @parent_id = LAST_INSERT_ID();

INSERT INTO `weenie_properties_emote_action` (`emote_Id`, `order`, `type`, `delay`, `extent`, `motion`, `message`, `test_String`, `min`, `max`, `min_64`, `max_64`, `min_Dbl`, `max_Dbl`, `stat`, `display`, `amount`, `amount_64`, `hero_X_P_64`, `percent`, `spell_Id`, `wealth_Rating`, `treasure_Class`, `treasure_Type`, `p_Script`, `sound`, `destination_Type`, `weenie_Class_Id`, `stack_Size`, `palette`, `shade`, `try_To_Bond`, `obj_Cell_Id`, `origin_X`, `origin_Y`, `origin_Z`, `angles_W`, `angles_X`, `angles_Y`, `angles_Z`)
VALUES (@parent_id,  0,  10 /* Tell */, 0, 1, NULL, 'Eat fiery hot justice, evil doer!', NULL, NULL, NULL, NULL, NULL, NULL, NULL, NULL, NULL, NULL, NULL, NULL, NULL, NULL, NULL, NULL, NULL, NULL, NULL, NULL, NULL, NULL, NULL, NULL, NULL, NULL, NULL, NULL, NULL, NULL, NULL, NULL, NULL);

INSERT INTO `weenie_properties_emote` (`object_Id`, `category`, `probability`, `weenie_Class_Id`, `style`, `substyle`, `quest`, `vendor_Type`, `min_Health`, `max_Health`)
VALUES (30691, 21 /* ResistSpell */,   0.75, NULL, NULL, NULL, NULL, NULL, NULL, NULL);

SET @parent_id = LAST_INSERT_ID();

INSERT INTO `weenie_properties_emote_action` (`emote_Id`, `order`, `type`, `delay`, `extent`, `motion`, `message`, `test_String`, `min`, `max`, `min_64`, `max_64`, `min_Dbl`, `max_Dbl`, `stat`, `display`, `amount`, `amount_64`, `hero_X_P_64`, `percent`, `spell_Id`, `wealth_Rating`, `treasure_Class`, `treasure_Type`, `p_Script`, `sound`, `destination_Type`, `weenie_Class_Id`, `stack_Size`, `palette`, `shade`, `try_To_Bond`, `obj_Cell_Id`, `origin_X`, `origin_Y`, `origin_Z`, `angles_W`, `angles_X`, `angles_Y`, `angles_Z`)
VALUES (@parent_id,  0,  10 /* Tell */, 0, 1, NULL, 'Cruath Quafeth.  Your kind says that often when hunting us.  Does it mean kill me now?', NULL, NULL, NULL, NULL, NULL, NULL, NULL, NULL, NULL, NULL, NULL, NULL, NULL, NULL, NULL, NULL, NULL, NULL, NULL, NULL, NULL, NULL, NULL, NULL, NULL, NULL, NULL, NULL, NULL, NULL, NULL, NULL, NULL);

INSERT INTO `weenie_properties_create_list` (`object_Id`, `destination_Type`, `weenie_Class_Id`, `stack_Size`, `palette`, `shade`, `try_To_Bond`)
VALUES (30691, 9, 23108,  0, 0, 0.02, False) /* Create Twisted Dark Key (23108) for ContainTreasure */
     , (30691, 9,     0,  0, 0, 0.98, False) /* Create nothing for ContainTreasure */
     , (30691, 9, 23107,  0, 0, 0.01, False) /* Create Mangled Dark Key (23107) for ContainTreasure */
     , (30691, 9,     0,  0, 0, 0.99, False) /* Create nothing for ContainTreasure */;
DELETE FROM `weenie` WHERE `class_Id` = 30796;

INSERT INTO `weenie` (`class_Id`, `class_Name`, `type`, `last_Modified`)
VALUES (30796, 'chestblackmarrowreliquary', 20, '2019-04-09 00:13:01') /* Chest */;

INSERT INTO `weenie_properties_int` (`object_Id`, `type`, `value`)
VALUES (30796,   1,        512) /* ItemType - Container */
     , (30796,   5,       9000) /* EncumbranceVal */
     , (30796,   6,         -1) /* ItemsCapacity */
     , (30796,   7,         -1) /* ContainersCapacity */
     , (30796,   8,       3000) /* Mass */
     , (30796,  16,         48) /* ItemUseable - ViewedRemote */
     , (30796,  19,       2500) /* Value */
     , (30796,  38,       9999) /* ResistLockpick */
     , (30796,  81,          2) /* MaxGeneratedObjects */
     , (30796,  82,          2) /* InitGeneratedObjects */
     , (30796,  83,          2) /* ActivationResponse - Use */
     , (30796,  93,       1048) /* PhysicsState - ReportCollisions, IgnoreCollisions, Gravity */
     , (30796, 100,          1) /* GeneratorType - Relative */;

INSERT INTO `weenie_properties_bool` (`object_Id`, `type`, `value`)
VALUES (30796,   1, True ) /* Stuck */
     , (30796,   2, False) /* Open */
     , (30796,   3, True ) /* Locked */
     , (30796,  12, True ) /* ReportCollisions */
     , (30796,  13, False) /* Ethereal */
     , (30796,  33, False) /* ResetMessagePending */
     , (30796,  34, False) /* DefaultOpen */
     , (30796,  35, True ) /* DefaultLocked */
     , (30796,  86, True ) /* ChestRegenOnClose */;

INSERT INTO `weenie_properties_float` (`object_Id`, `type`, `value`)
VALUES (30796,  43,       1) /* GeneratorRadius */
     , (30796,  54,       1) /* UseRadius */;

INSERT INTO `weenie_properties_string` (`object_Id`, `type`, `value`)
VALUES (30796,   1, 'Black Marrow Reliquary') /* Name */
     , (30796,  12, 'KeyBlackMarrow') /* LockCode */
     , (30796,  14, 'Use a Black Marrow Key to unlock this cache.') /* Use */
     , (30796,  16, 'A disturbing reliquary, charred black by the devastation of the Singularity Caul.') /* LongDesc */;

INSERT INTO `weenie_properties_d_i_d` (`object_Id`, `type`, `value`)
VALUES (30796,   1, 0x020012E4) /* Setup */
     , (30796,   2, 0x09000185) /* MotionTable */
     , (30796,   3, 0x20000026) /* SoundTable */
     , (30796,   8, 0x06003774) /* Icon */
     , (30796,  22, 0x3400002B) /* PhysicsEffectTable */;

INSERT INTO `weenie_properties_generator` (`object_Id`, `probability`, `weenie_Class_Id`, `delay`, `init_Create`, `max_Create`, `when_Create`, `where_Create`, `stack_Size`, `palette_Id`, `shade`, `obj_Cell_Id`, `origin_X`, `origin_Y`, `origin_Z`, `angles_W`, `angles_X`, `angles_Y`, `angles_Z`)
VALUES (30796, -1, 32, 0, 1, 1, 2, 72, -1, 0, 0, 0, 0, 0, 0, 1, 0, 0, 0) /* Generate Random Loot: Tier 6 - DeathTreasureType: 32(T6_Boss_HighAmount) (x1 up to max of 1) - Regenerate upon PickUp - Location to (re)Generate: ContainTreasure */
     , (30796, 0.002, 30801, 0, 1, 1, 2, 8, -1, 0, 0, 0, 0, 0, 0, 1, 0, 0, 0) /* Generate Blood Fang Jewel(30801/gemportalobsidianrim) (x1 up to max of 1) - Regenerate upon PickUp - Location to (re)Generate: Contain */
     , (30796, 0.004, 30800, 0, 1, 1, 2, 8, -1, 0, 0, 0, 0, 0, 0, 1, 0, 0, 0) /* Generate Black Glass Array(30800/gemportalobsidianplains) (x1 up to max of 1) - Regenerate upon PickUp - Location to (re)Generate: Contain */
     , (30796, 0.006, 30802, 0, 1, 1, 2, 8, -1, 0, 0, 0, 0, 0, 0, 1, 0, 0, 0) /* Generate Soul Chalice(30802/gemportalpanopticon) (x1 up to max of 1) - Regenerate upon PickUp - Location to (re)Generate: Contain */
     , (30796, 0.008, 30803, 0, 1, 1, 2, 8, -1, 0, 0, 0, 0, 0, 0, 1, 0, 0, 0) /* Generate Desolate Seed(30803/gemportalsingularitycaul) (x1 up to max of 1) - Regenerate upon PickUp - Location to (re)Generate: Contain */
     , (30796, 0.01, 30809, 0, 1, 1, 2, 8, -1, 0, 0, 0, 0, 0, 0, 1, 0, 0, 0) /* Generate Warrior's Emblem(30809/gemportalayntayn) (x1 up to max of 1) - Regenerate upon PickUp - Location to (re)Generate: Contain */
     , (30796, 0.012, 30811, 0, 1, 1, 2, 8, -1, 0, 0, 0, 0, 0, 0, 1, 0, 0, 0) /* Generate Burning Veil(30811/gemportalcaulcano) (x1 up to max of 1) - Regenerate upon PickUp - Location to (re)Generate: Contain */
     , (30796, 0.014, 30810, 0, 1, 1, 2, 8, -1, 0, 0, 0, 0, 0, 0, 1, 0, 0, 0) /* Generate Shadow Cursed Totem(30810/gemportalburningtower) (x1 up to max of 1) - Regenerate upon PickUp - Location to (re)Generate: Contain */
     , (30796, 0.016, 30799, 0, 1, 1, 2, 8, 1, 0, 0, 0, 0, 0, 0, 1, 0, 0, 0) /* Generate Corrupted Skull(30799/gemportalfloatingtower) (x1 up to max of 1) - Regenerate upon PickUp - Location to (re)Generate: Contain */
     , (30796, 0.018, 30808, 0, 1, 1, 2, 8, 1, 0, 0, 0, 0, 0, 0, 1, 0, 0, 0) /* Generate Seething Skull(30808/gemportafloatingbridge) (x1 up to max of 1) - Regenerate upon PickUp - Location to (re)Generate: Contain */
     , (30796, 0.02, 30812, 0, 1, 1, 2, 8, 1, 0, 0, 0, 0, 0, 0, 1, 0, 0, 0) /* Generate Antiquated Compass(30812/gemportalcauloasis) (x1 up to max of 1) - Regenerate upon PickUp - Location to (re)Generate: Contain */
     , (30796, 0.022, 30813, 0, 1, 1, 2, 8, 1, 0, 0, 0, 0, 0, 0, 1, 0, 0, 0) /* Generate Black Luster Pearl(30813/pearlblackluster) (x1 up to max of 1) - Regenerate upon PickUp - Location to (re)Generate: Contain */
     , (30796, 0.024, 30807, 0, 1, 1, 2, 8, 1, 0, 0, 0, 0, 0, 0, 1, 0, 0, 0) /* Generate The Orphanage(30807/gemquestorphanage) (x1 up to max of 1) - Regenerate upon PickUp - Location to (re)Generate: Contain */
     , (30796, 0.026, 30805, 0, 1, 1, 2, 8, 1, 0, 0, 0, 0, 0, 0, 1, 0, 0, 0) /* Generate Ancient Temple(30805/gemquestlivingtome) (x1 up to max of 1) - Regenerate upon PickUp - Location to (re)Generate: Contain */
     , (30796, 0.028, 30804, 0, 1, 1, 2, 8, 1, 0, 0, 0, 0, 0, 0, 1, 0, 0, 0) /* Generate Singularity Caul Asylum(30804/gemquestasylum) (x1 up to max of 1) - Regenerate upon PickUp - Location to (re)Generate: Contain */
     , (30796, 0.03, 30806, 0, 1, 1, 2, 8, 1, 0, 0, 0, 0, 0, 0, 1, 0, 0, 0) /* Generate Cavernous Olthoi Chasm(30806/gemquestolthoichasm) (x1 up to max of 1) - Regenerate upon PickUp - Location to (re)Generate: Contain */;
DELETE FROM `weenie` WHERE `class_Id` = 4200172;

INSERT INTO `weenie` (`class_Id`, `class_Name`, `type`, `last_Modified`)
VALUES (4200172, 'tailor-ace4200172-aerbaxsdefeat', 35, '2021-11-01 00:00:00') /* Caster */;

INSERT INTO `weenie_properties_int` (`object_Id`, `type`, `value`)
VALUES (4200172,   1,      32768) /* ItemType - Caster */
     , (4200172,   5,         50) /* EncumbranceVal */
     , (4200172,   9,   16777216) /* ValidLocations - Held */
     , (4200172,  16,          1) /* ItemUseable - No */
     , (4200172,  18,         64) /* UiEffects - Lightning */
     , (4200172,  19,         20) /* Value */
     , (4200172,  33,          1) /* Bonded - Bonded */
     , (4200172,  46,        512) /* DefaultCombatStyle - Magic */
     , (4200172,  93,       3092) /* PhysicsState - Ethereal, IgnoreCollisions, Gravity, LightingOn */
     , (4200172,  94,         16) /* TargetType - Creature */
     , (4200172, 114,          1) /* Attuned - Attuned */
     , (4200172, 151,          9) /* HookType - Floor, Yard */;

INSERT INTO `weenie_properties_bool` (`object_Id`, `type`, `value`)
VALUES (4200172,  22, True ) /* Inscribable */
     , (4200172,  23, True ) /* DestroyOnSell */
     , (4200172,  69, False) /* IsSellable */
     , (4200172,  99, True ) /* Ivoryable */;

INSERT INTO `weenie_properties_float` (`object_Id`, `type`, `value`)
VALUES (4200172,  29,       1) /* WeaponDefense */
     , (4200172, 144,       0) /* ManaConversionMod */;

INSERT INTO `weenie_properties_string` (`object_Id`, `type`, `value`)
VALUES (4200172,   1, 'Aerbax''s Defeat') /* Name */
     , (4200172,  15, 'An orb crafted from a shard of Aerbax''s mask.  A palpable flux of conflicting energies swirls about the orb.') /* ShortDesc */;

INSERT INTO `weenie_properties_d_i_d` (`object_Id`, `type`, `value`)
VALUES (4200172,   1, 0x02001778) /* Setup */
     , (4200172,   3, 0x20000014) /* SoundTable */
     , (4200172,   6, 0x04000BEF) /* PaletteBase */
     , (4200172,   8, 0x06006781) /* Icon */
     , (4200172,  22, 0x3400002B) /* PhysicsEffectTable */;
DELETE FROM `weenie` WHERE `class_Id` = 450250;

INSERT INTO `weenie` (`class_Id`, `class_Name`, `type`, `last_Modified`)
VALUES (450250, 'ace450250-orbofthebabybunnybootytailor', 35, '2021-11-01 00:00:00') /* Caster */;

INSERT INTO `weenie_properties_int` (`object_Id`, `type`, `value`)
VALUES (450250,   1,      32768) /* ItemType - Caster */
     , (450250,   3,         61) /* PaletteTemplate - White */
     , (450250,   5,          0) /* EncumbranceVal */
     , (450250,   9,   16777216) /* ValidLocations - Held */
     , (450250,  16,    6291460) /* ItemUseable - SourceWieldedTargetRemoteNeverWalk */
     , (450250,  18,          1) /* UiEffects - Magical */
     , (450250,  19,         20) /* Value */
     , (450250,  33,          1) /* Bonded - Bonded */
     , (450250,  46,        512) /* DefaultCombatStyle - Magic */
     , (450250,  93,       1044) /* PhysicsState - Ethereal, IgnoreCollisions, Gravity */
     , (450250,  94,         16) /* TargetType - Creature */
     , (450250, 150,        103) /* HookPlacement - Hook */
     , (450250, 151,          2) /* HookType - Wall */;

INSERT INTO `weenie_properties_bool` (`object_Id`, `type`, `value`)
VALUES (450250,  22, True ) /* Inscribable */
     , (450250,  99, True ) /* Ivoryable */;

INSERT INTO `weenie_properties_float` (`object_Id`, `type`, `value`)
VALUES (450250,   5,   -0.02) /* ManaRate */
     , (450250,  29,       1) /* WeaponDefense */
     , (450250,  39,     0.5) /* DefaultScale */
     , (450250, 144,       0) /* ManaConversionMod */;

INSERT INTO `weenie_properties_string` (`object_Id`, `type`, `value`)
VALUES (450250,   1, 'Orb of the Baby Bunny Booty') /* Name */;

INSERT INTO `weenie_properties_d_i_d` (`object_Id`, `type`, `value`)
VALUES (450250,   1, 0x02000986) /* Setup */
     , (450250,   3, 0x20000014) /* SoundTable */
     , (450250,   6, 0x040001B4) /* PaletteBase */
     , (450250,   7, 0x1000010D) /* ClothingBase */
     , (450250,   8, 0x060016BC) /* Icon */
     , (450250,  22, 0x3400002B) /* PhysicsEffectTable */
     , (450250,  27, 0x400000E1) /* UseUserAnimation - UseMagicWand */;
DELETE FROM `weenie` WHERE `class_Id` = 450569;

INSERT INTO `weenie` (`class_Id`, `class_Name`, `type`, `last_Modified`)
VALUES (450569, 'ace450569-iceboxtailor', 35, '2021-11-17 16:56:08') /* Caster */;

INSERT INTO `weenie_properties_int` (`object_Id`, `type`, `value`)
VALUES (450569,   1,      32768) /* ItemType - Caster */
     , (450569,   5,          0) /* EncumbranceVal */
     , (450569,   9,   16777216) /* ValidLocations - Held */
     , (450569,  16,     655364) /* ItemUseable - 655364 */
     , (450569,  19,         20) /* Value */
     , (450569,  46,        512) /* DefaultCombatStyle - Magic */
     , (450569,  93,       1044) /* PhysicsState - Ethereal, IgnoreCollisions, Gravity */
     , (450569,  94,         16) /* TargetType - Creature */
     , (450569, 150,        103) /* HookPlacement - Hook */
     , (450569, 151,          2) /* HookType - Wall */
     , (450569, 353,          0) /* WeaponType - Undef */;

INSERT INTO `weenie_properties_bool` (`object_Id`, `type`, `value`)
VALUES (450569,  11, True ) /* IgnoreCollisions */
     , (450569,  13, True ) /* Ethereal */
     , (450569,  14, True ) /* GravityStatus */
     , (450569,  19, True ) /* Attackable */
     , (450569,  22, True ) /* Inscribable */
     , (450569,  23, True ) /* DestroyOnSell */;

INSERT INTO `weenie_properties_float` (`object_Id`, `type`, `value`)
VALUES (450569,   5,   -0.05) /* ManaRate */
     , (450569,  29,       1) /* WeaponDefense */
     , (450569,  39,     0.1) /* DefaultScale */
     , (450569, 144,    0.15) /* ManaConversionMod */
     , (450569, 150,   1.025) /* WeaponMagicDefense */
     , (450569, 152,     1.1) /* ElementalDamageMod */
     , (450569, 157,       1) /* ResistanceModifier */
     , (450569, 159,    0.25) /* AbsorbMagicDamage */;

INSERT INTO `weenie_properties_string` (`object_Id`, `type`, `value`)
VALUES (450569,   1, 'Ice Box') /* Name */;

INSERT INTO `weenie_properties_d_i_d` (`object_Id`, `type`, `value`)
VALUES (450569,   1, 0x02000FF3) /* Setup */
     , (450569,   3, 0x20000014) /* SoundTable */
     , (450569,   8, 0x06002FBF) /* Icon */
     , (450569,  22, 0x3400002B) /* PhysicsEffectTable */;
DELETE FROM `weenie` WHERE `class_Id` = 450590;

INSERT INTO `weenie` (`class_Id`, `class_Name`, `type`, `last_Modified`)
VALUES (450590, 'ace450590-purifiedmouryoukatanatailor', 6, '2022-07-13 15:31:07') /* MeleeWeapon */;

INSERT INTO `weenie_properties_int` (`object_Id`, `type`, `value`)
VALUES (450590,   1,          1) /* ItemType - MeleeWeapon */
     , (450590,   5,          0) /* EncumbranceVal */
     , (450590,   9,    1048576) /* ValidLocations - MeleeWeapon */
     , (450590,  16,          1) /* ItemUseable - No */
     , (450590,  18,          1) /* UiEffects - Magical */
     , (450590,  19,         20) /* Value */
     , (450590,  33,          1) /* Bonded - Bonded */
     , (450590,  44,          0) /* Damage */
     , (450590,  45,         16) /* DamageType - Fire */
     , (450590,  46,          2) /* DefaultCombatStyle - OneHanded */
     , (450590,  47,        160) /* AttackType - DoubleSlash, DoubleThrust */
     , (450590,  48,         44) /* WeaponSkill - HeavyWeapons */
     , (450590,  49,         35) /* WeaponTime */
     , (450590,  51,          1) /* CombatUse - Melee */
     , (450590,  93,       3092) /* PhysicsState - Ethereal, IgnoreCollisions, Gravity, LightingOn */
     , (450590, 114,          0) /* Attuned - Normal */
     , (450590, 151,          2) /* HookType - Wall */
     , (450590, 353,          2) /* WeaponType - Sword */;

INSERT INTO `weenie_properties_bool` (`object_Id`, `type`, `value`)
VALUES (450590,  22, True ) /* Inscribable */
     , (450590,  69, False) /* IsSellable */
     , (450590,  99, True ) /* Ivoryable */;

INSERT INTO `weenie_properties_float` (`object_Id`, `type`, `value`)
VALUES (450590,   5,   -0.05) /* ManaRate */
     , (450590,  21,       0) /* WeaponLength */
     , (450590,  22,    0.35) /* DamageVariance */
     , (450590,  26,       0) /* MaximumVelocity */
     , (450590,  29,    1.15) /* WeaponDefense */
     , (450590,  62,    1.25) /* WeaponOffense */;

INSERT INTO `weenie_properties_string` (`object_Id`, `type`, `value`)
VALUES (450590,   1, 'Purified Mouryou Katana') /* Name */
     , (450590,  16, 'A spectral katana that burns with an inner light.') /* LongDesc */;

INSERT INTO `weenie_properties_d_i_d` (`object_Id`, `type`, `value`)
VALUES (450590,   1, 0x02001B9F) /* Setup */
     , (450590,   3, 0x20000014) /* SoundTable */
     , (450590,   8, 0x060073DD) /* Icon */
     , (450590,  22, 0x3400002B) /* PhysicsEffectTable */
     , (450590,  52, 0x060067E8) /* IconUnderlay */;
DELETE FROM `weenie` WHERE `class_Id` = 450591;

INSERT INTO `weenie` (`class_Id`, `class_Name`, `type`, `last_Modified`)
VALUES (450591, 'ace450591-purifiedmouryounanjoutachitailor', 6, '2022-07-13 15:31:07') /* MeleeWeapon */;

INSERT INTO `weenie_properties_int` (`object_Id`, `type`, `value`)
VALUES (450591,   1,          1) /* ItemType - MeleeWeapon */
     , (450591,   5,          0) /* EncumbranceVal */
     , (450591,   9,    1048576) /* ValidLocations - MeleeWeapon */
     , (450591,  16,          1) /* ItemUseable - No */
     , (450591,  18,          1) /* UiEffects - Magical */
     , (450591,  19,         20) /* Value */
     , (450591,  33,          1) /* Bonded - Bonded */
     , (450591,  44,          0) /* Damage */
     , (450591,  45,         16) /* DamageType - Fire */
     , (450591,  46,          2) /* DefaultCombatStyle - OneHanded */
     , (450591,  47,        160) /* AttackType - DoubleSlash, DoubleThrust */
     , (450591,  48,         46) /* WeaponSkill - FinesseWeapons */
     , (450591,  49,         35) /* WeaponTime */
     , (450591,  51,          1) /* CombatUse - Melee */
     , (450591,  93,       3092) /* PhysicsState - Ethereal, IgnoreCollisions, Gravity, LightingOn */
     , (450591, 114,          0) /* Attuned - Normal */
     , (450591, 151,          2) /* HookType - Wall */
     , (450591, 353,          2) /* WeaponType - Sword */;

INSERT INTO `weenie_properties_bool` (`object_Id`, `type`, `value`)
VALUES (450591,  22, True ) /* Inscribable */
     , (450591,  69, False) /* IsSellable */
     , (450591,  99, True ) /* Ivoryable */;

INSERT INTO `weenie_properties_float` (`object_Id`, `type`, `value`)
VALUES (450591,   5,   -0.05) /* ManaRate */
     , (450591,  21,       0) /* WeaponLength */
     , (450591,  22,    0.35) /* DamageVariance */
     , (450591,  26,       0) /* MaximumVelocity */
     , (450591,  29,    1.15) /* WeaponDefense */
     , (450591,  62,    1.25) /* WeaponOffense */;

INSERT INTO `weenie_properties_string` (`object_Id`, `type`, `value`)
VALUES (450591,   1, 'Purified Mouryou Nanjou-tachi') /* Name */
     , (450591,  16, 'A spectral nanjou-tachi that burns with an inner light.') /* LongDesc */;

INSERT INTO `weenie_properties_d_i_d` (`object_Id`, `type`, `value`)
VALUES (450591,   1, 0x02001BA0) /* Setup */
     , (450591,   3, 0x20000014) /* SoundTable */
     , (450591,   8, 0x060073E2) /* Icon */
     , (450591,  22, 0x3400002B) /* PhysicsEffectTable */
     , (450591,  52, 0x060067E8) /* IconUnderlay */;
DELETE FROM `weenie` WHERE `class_Id` = 450592;

INSERT INTO `weenie` (`class_Id`, `class_Name`, `type`, `last_Modified`)
VALUES (450592, 'ace450592-purifiedmouryounodachitailor', 6, '2022-07-13 15:31:07') /* MeleeWeapon */;

INSERT INTO `weenie_properties_int` (`object_Id`, `type`, `value`)
VALUES (450592,   1,          1) /* ItemType - MeleeWeapon */
     , (450592,   5,          0) /* EncumbranceVal */
     , (450592,   9,    1048576) /* ValidLocations - MeleeWeapon */
     , (450592,  16,          1) /* ItemUseable - No */
     , (450592,  18,          1) /* UiEffects - Magical */
     , (450592,  19,         20) /* Value */
     , (450592,  33,          1) /* Bonded - Bonded */
     , (450592,  44,          0) /* Damage */
     , (450592,  45,         16) /* DamageType - Fire */
     , (450592,  46,          8) /* DefaultCombatStyle - TwoHanded */
     , (450592,  47,          6) /* AttackType - Thrust, Slash */
     , (450592,  48,         41) /* WeaponSkill - TwoHandedCombat */
     , (450592,  49,         35) /* WeaponTime */
     , (450592,  51,          5) /* CombatUse - TwoHanded */
     , (450592,  93,       3092) /* PhysicsState - Ethereal, IgnoreCollisions, Gravity, LightingOn */
     , (450592, 114,          0) /* Attuned - Normal */
     , (450592, 151,          2) /* HookType - Wall */
     , (450592, 353,         11) /* WeaponType - TwoHanded */;

INSERT INTO `weenie_properties_bool` (`object_Id`, `type`, `value`)
VALUES (450592,  22, True ) /* Inscribable */
     , (450592,  69, False) /* IsSellable */
     , (450592,  99, True ) /* Ivoryable */;

INSERT INTO `weenie_properties_float` (`object_Id`, `type`, `value`)
VALUES (450592,   5,   -0.05) /* ManaRate */
     , (450592,  21,       0) /* WeaponLength */
     , (450592,  22,     0.4) /* DamageVariance */
     , (450592,  26,       0) /* MaximumVelocity */
     , (450592,  29,    1.15) /* WeaponDefense */
     , (450592,  62,    1.25) /* WeaponOffense */;

INSERT INTO `weenie_properties_string` (`object_Id`, `type`, `value`)
VALUES (450592,   1, 'Purified Mouryou Nodachi') /* Name */
     , (450592,  16, 'A spectral nodachi that burns with an inner light.') /* LongDesc */;

INSERT INTO `weenie_properties_d_i_d` (`object_Id`, `type`, `value`)
VALUES (450592,   1, 0x02001B9E) /* Setup */
     , (450592,   3, 0x20000014) /* SoundTable */
     , (450592,   8, 0x060073DE) /* Icon */
     , (450592,  22, 0x3400002B) /* PhysicsEffectTable */
     , (450592,  52, 0x060067E8) /* IconUnderlay */;
DELETE FROM `weenie` WHERE `class_Id` = 450593;

INSERT INTO `weenie` (`class_Id`, `class_Name`, `type`, `last_Modified`)
VALUES (450593, 'ace450593-purifiedmouryouwakizashitailor', 6, '2022-07-13 15:31:07') /* MeleeWeapon */;

INSERT INTO `weenie_properties_int` (`object_Id`, `type`, `value`)
VALUES (450593,   1,          1) /* ItemType - MeleeWeapon */
     , (450593,   5,          0) /* EncumbranceVal */
     , (450593,   9,    1048576) /* ValidLocations - MeleeWeapon */
     , (450593,  16,          1) /* ItemUseable - No */
     , (450593,  18,          1) /* UiEffects - Magical */
     , (450593,  19,         20) /* Value */
     , (450593,  33,          1) /* Bonded - Bonded */
     , (450593,  44,          0) /* Damage */
     , (450593,  45,         16) /* DamageType - Fire */
     , (450593,  46,          2) /* DefaultCombatStyle - OneHanded */
     , (450593,  47,        160) /* AttackType - DoubleSlash, DoubleThrust */
     , (450593,  48,         45) /* WeaponSkill - LightWeapons */
     , (450593,  49,         35) /* WeaponTime */
     , (450593,  51,          1) /* CombatUse - Melee */
     , (450593,  93,       3092) /* PhysicsState - Ethereal, IgnoreCollisions, Gravity, LightingOn */
     , (450593, 151,          2) /* HookType - Wall */
     , (450593, 353,          2) /* WeaponType - Sword */;

INSERT INTO `weenie_properties_bool` (`object_Id`, `type`, `value`)
VALUES (450593,  22, True ) /* Inscribable */
     , (450593,  69, False) /* IsSellable */
     , (450593,  99, True ) /* Ivoryable */;

INSERT INTO `weenie_properties_float` (`object_Id`, `type`, `value`)
VALUES (450593,   5,   -0.05) /* ManaRate */
     , (450593,  21,       0) /* WeaponLength */
     , (450593,  22,    0.35) /* DamageVariance */
     , (450593,  26,       0) /* MaximumVelocity */
     , (450593,  29,    1.15) /* WeaponDefense */
     , (450593,  62,    1.25) /* WeaponOffense */
     , (450593,  63,       1) /* DamageMod */
     , (450593, 136,       2) /* CriticalMultiplier */
     , (450593, 138,       3) /* SlayerDamageBonus */
     , (450593, 155,       1) /* IgnoreArmor */;

INSERT INTO `weenie_properties_string` (`object_Id`, `type`, `value`)
VALUES (450593,   1, 'Purified Mouryou Wakizashi') /* Name */
     , (450593,  16, 'A spectral wakizashi that burns with an inner light.') /* LongDesc */;

INSERT INTO `weenie_properties_d_i_d` (`object_Id`, `type`, `value`)
VALUES (450593,   1, 0x02001BA1) /* Setup */
     , (450593,   3, 0x20000014) /* SoundTable */
     , (450593,   8, 0x060073DF) /* Icon */
     , (450593,  22, 0x3400002B) /* PhysicsEffectTable */
     , (450593,  52, 0x060067E8) /* IconUnderlay */;
DELETE FROM `weenie` WHERE `class_Id` = 450594;

INSERT INTO `weenie` (`class_Id`, `class_Name`, `type`, `last_Modified`)
VALUES (450594, 'ace450594-purifiedmouryounekodetailor', 6, '2022-07-13 15:31:07') /* MeleeWeapon */;

INSERT INTO `weenie_properties_int` (`object_Id`, `type`, `value`)
VALUES (450594,   1,          1) /* ItemType - MeleeWeapon */
     , (450594,   5,          0) /* EncumbranceVal */
     , (450594,   9,    1048576) /* ValidLocations - MeleeWeapon */
     , (450594,  16,          1) /* ItemUseable - No */
     , (450594,  18,          1) /* UiEffects - Magical */
     , (450594,  19,         20) /* Value */
     , (450594,  33,          1) /* Bonded - Bonded */
     , (450594,  44,          0) /* Damage */
     , (450594,  45,         16) /* DamageType - Fire */
     , (450594,  46,          1) /* DefaultCombatStyle - Unarmed */
     , (450594,  47,          1) /* AttackType - Punch */
     , (450594,  48,         46) /* WeaponSkill - FinesseWeapons */
     , (450594,  49,         35) /* WeaponTime */
     , (450594,  51,          1) /* CombatUse - Melee */
     , (450594,  93,       3092) /* PhysicsState - Ethereal, IgnoreCollisions, Gravity, LightingOn */
     , (450594, 114,          0) /* Attuned - Normal */
     , (450594, 151,          2) /* HookType - Wall */
     , (450594, 353,          1) /* WeaponType - Unarmed */;

INSERT INTO `weenie_properties_bool` (`object_Id`, `type`, `value`)
VALUES (450594,  22, True ) /* Inscribable */
     , (450594,  69, False) /* IsSellable */
     , (450594,  99, True ) /* Ivoryable */;

INSERT INTO `weenie_properties_float` (`object_Id`, `type`, `value`)
VALUES (450594,   5,   -0.05) /* ManaRate */
     , (450594,  21,       0) /* WeaponLength */
     , (450594,  22,    0.35) /* DamageVariance */
     , (450594,  26,       0) /* MaximumVelocity */
     , (450594,  29,    1.15) /* WeaponDefense */
     , (450594,  62,    1.25) /* WeaponOffense */;

INSERT INTO `weenie_properties_string` (`object_Id`, `type`, `value`)
VALUES (450594,   1, 'Purified Mouryou Nekode') /* Name */
     , (450594,  16, 'A spectral nekode that burns with an inner light.') /* LongDesc */;

INSERT INTO `weenie_properties_d_i_d` (`object_Id`, `type`, `value`)
VALUES (450594,   1, 0x02001BA2) /* Setup */
     , (450594,   3, 0x20000014) /* SoundTable */
     , (450594,   8, 0x060073E0) /* Icon */
     , (450594,  22, 0x3400002B) /* PhysicsEffectTable */
     , (450594,  52, 0x060067E8) /* IconUnderlay */;
DELETE FROM `landblock_instance` WHERE `landblock` = 0x7D64;

INSERT INTO `landblock_instance` (`guid`, `weenie_Class_Id`, `obj_Cell_Id`, `origin_X`, `origin_Y`, `origin_Z`, `angles_W`, `angles_X`, `angles_Y`, `angles_Z`, `is_Link_Child`, `last_Modified`)
VALUES (0x77D64000,   145, 0x7D64010D, 78.125, 113.075, 12, 0.707107, 0, 0, -0.707107, False, '2005-02-09 10:00:00'); /* Coffer(145/coffer) */
/* @teleloc 0x7D64010D [78.125000 113.074997 12.000000] 0.707107 0.000000 0.000000 -0.707107 */

INSERT INTO `landblock_instance` (`guid`, `weenie_Class_Id`, `obj_Cell_Id`, `origin_X`, `origin_Y`, `origin_Z`, `angles_W`, `angles_X`, `angles_Y`, `angles_Z`, `is_Link_Child`, `last_Modified`)
VALUES (0x77D64001,  1148, 0x7D640000, 84, 111.99, 12, 1, 0, 0, 0, False, '2005-02-09 10:00:00'); /* Door(1148/gardoubledoor) */
/* @teleloc 0x7D640000 [84.000000 111.989998 12.000000] 1.000000 0.000000 0.000000 0.000000 */

INSERT INTO `landblock_instance` (`guid`, `weenie_Class_Id`, `obj_Cell_Id`, `origin_X`, `origin_Y`, `origin_Z`, `angles_W`, `angles_X`, `angles_Y`, `angles_Z`, `is_Link_Child`, `last_Modified`)
VALUES (0x77D64002,  1148, 0x7D640000, 84, 119.51, 12, 0, 0, 0, -1, False, '2005-02-09 10:00:00'); /* Door(1148/gardoubledoor) */
/* @teleloc 0x7D640000 [84.000000 119.510002 12.000000] 0.000000 0.000000 0.000000 -1.000000 */

INSERT INTO `landblock_instance` (`guid`, `weenie_Class_Id`, `obj_Cell_Id`, `origin_X`, `origin_Y`, `origin_Z`, `angles_W`, `angles_X`, `angles_Y`, `angles_Z`, `is_Link_Child`, `last_Modified`)
VALUES (0x77D64003,  1148, 0x7D640000, 91.75, 101.99, 12, 1, 0, 0, 0, False, '2005-02-09 10:00:00'); /* Door(1148/gardoubledoor) */
/* @teleloc 0x7D640000 [91.750000 101.989998 12.000000] 1.000000 0.000000 0.000000 0.000000 */

INSERT INTO `landblock_instance` (`guid`, `weenie_Class_Id`, `obj_Cell_Id`, `origin_X`, `origin_Y`, `origin_Z`, `angles_W`, `angles_X`, `angles_Y`, `angles_Z`, `is_Link_Child`, `last_Modified`)
VALUES (0x77D64004,  1148, 0x7D640111, 88, 125.51, 12, 0, 0, 0, 1, False, '2005-02-09 10:00:00'); /* Door(1148/gardoubledoor) */
/* @teleloc 0x7D640111 [88.000000 125.510002 12.000000] 0.000000 0.000000 0.000000 1.000000 */

INSERT INTO `landblock_instance` (`guid`, `weenie_Class_Id`, `obj_Cell_Id`, `origin_X`, `origin_Y`, `origin_Z`, `angles_W`, `angles_X`, `angles_Y`, `angles_Z`, `is_Link_Child`, `last_Modified`)
VALUES (0x77D64005,  1148, 0x7D640000, 80, 131.51, 12, 0, 0, 0, 1, False, '2005-02-09 10:00:00'); /* Door(1148/gardoubledoor) */
/* @teleloc 0x7D640000 [80.000000 131.509995 12.000000] 0.000000 0.000000 0.000000 1.000000 */

INSERT INTO `landblock_instance` (`guid`, `weenie_Class_Id`, `obj_Cell_Id`, `origin_X`, `origin_Y`, `origin_Z`, `angles_W`, `angles_X`, `angles_Y`, `angles_Z`, `is_Link_Child`, `last_Modified`)
VALUES (0x77D64006,  1148, 0x7D640000, 82.99, 137, 12, 0.707107, 0, 0, -0.707107, False, '2005-02-09 10:00:00'); /* Door(1148/gardoubledoor) */
/* @teleloc 0x7D640000 [82.989998 137.000000 12.000000] 0.707107 0.000000 0.000000 -0.707107 */

INSERT INTO `landblock_instance` (`guid`, `weenie_Class_Id`, `obj_Cell_Id`, `origin_X`, `origin_Y`, `origin_Z`, `angles_W`, `angles_X`, `angles_Y`, `angles_Z`, `is_Link_Child`, `last_Modified`)
VALUES (0x77D64007,  1148, 0x7D64013E, 92.21, 64, 12, 0.707107, 0, 0, -0.707107, False, '2005-02-09 10:00:00'); /* Door(1148/gardoubledoor) */
/* @teleloc 0x7D64013E [92.209999 64.000000 12.000000] 0.707107 0.000000 0.000000 -0.707107 */

INSERT INTO `landblock_instance` (`guid`, `weenie_Class_Id`, `obj_Cell_Id`, `origin_X`, `origin_Y`, `origin_Z`, `angles_W`, `angles_X`, `angles_Y`, `angles_Z`, `is_Link_Child`, `last_Modified`)
VALUES (0x77D64008,  1148, 0x7D640000, 86.21, 56, 12, 0.707107, 0, 0, -0.707107, False, '2005-02-09 10:00:00'); /* Door(1148/gardoubledoor) */
/* @teleloc 0x7D640000 [86.209999 56.000000 12.000000] 0.707107 0.000000 0.000000 -0.707107 */

INSERT INTO `landblock_instance` (`guid`, `weenie_Class_Id`, `obj_Cell_Id`, `origin_X`, `origin_Y`, `origin_Z`, `angles_W`, `angles_X`, `angles_Y`, `angles_Z`, `is_Link_Child`, `last_Modified`)
VALUES (0x77D64009,  1148, 0x7D640000, 80.72, 58.99, 12, -1, 0, 0, 0, False, '2005-02-09 10:00:00'); /* Door(1148/gardoubledoor) */
/* @teleloc 0x7D640000 [80.720001 58.990002 12.000000] -1.000000 0.000000 0.000000 0.000000 */

INSERT INTO `landblock_instance` (`guid`, `weenie_Class_Id`, `obj_Cell_Id`, `origin_X`, `origin_Y`, `origin_Z`, `angles_W`, `angles_X`, `angles_Y`, `angles_Z`, `is_Link_Child`, `last_Modified`)
VALUES (0x77D6400A,   794, 0x7D640000, 185.66, 3.85551, 15.7208, 0.99225, 0, 0, 0.124257, False, '2005-02-09 10:00:00'); /* Apple Generator(794/applegenerator) - Generates - Apple(258/apple) */
/* @teleloc 0x7D640000 [185.660004 3.855510 15.720800] 0.992250 0.000000 0.000000 0.124257 */

INSERT INTO `landblock_instance` (`guid`, `weenie_Class_Id`, `obj_Cell_Id`, `origin_X`, `origin_Y`, `origin_Z`, `angles_W`, `angles_X`, `angles_Y`, `angles_Z`, `is_Link_Child`, `last_Modified`)
VALUES (0x77D6400B,  1040, 0x7D640114, 78.72, 124.52, 12.01, 1, 0, 0, 0, False, '2005-02-09 10:00:00'); /* Nuya bint Mulud the Grocer(1040/yaraqgrocer) - Level: 11 - Generates - Shirt(2587/shirtloose) / Pantaloons(2600/pantaloons) / Slippers(133/slippers) / Turban(135/turban) / Apron(10696/apron) / Bowl of Black-Eyed Peas(30734/blackeyedpeas) / Carving Knife(4757/carvingknife) / Simple Dried Rations(23327/rationsdriedsimple) / Elaborate Dried Rations(23326/rationsdriedelaborate) / Apple(258/apple) / Grapes(264/grapes) / Bunch of Nanners(22578/nannerbunch) / Carrot(5758/carrot) / Cabbage(260/cabbage) / Pumpkin(8232/pumpkin) / Brimstone-cap Mushroom(547/mushroom) / Water(4746/water) / Milk(2463/milk) / Egg(546/egg) / Flour(4761/flour) / Uncooked Rice(4768/uncookedrice) / Chicken(262/chicken) / Fish(263/fish) / Meat(265/meat) / Side of Beef(4753/beefside) / Rabbit Carcass(5633/rabbitcarcass) / Rennet(4766/rennet) / Brine(4755/brine) / Cinnamon Bark(5780/cinnamonbark) / Honey(4763/honey) / Oregano(5803/oregano) / Hot Pepper(5794/hotpepper) / Nutmeg(14795/nutmeg) / Ginger(14789/ginger) / Brown Beans(7825/cacaobeans) / Peppermint Stick(13222/peppermintstick) */
/* @teleloc 0x7D640114 [78.720001 124.519997 12.010000] 1.000000 0.000000 0.000000 0.000000 */

INSERT INTO `landblock_instance` (`guid`, `weenie_Class_Id`, `obj_Cell_Id`, `origin_X`, `origin_Y`, `origin_Z`, `angles_W`, `angles_X`, `angles_Y`, `angles_Z`, `is_Link_Child`, `last_Modified`)
VALUES (0x77D6400C,  1047, 0x7D64010E, 88.6799, 138.12, 12.005, 0.551937, 0, 0, 0.833886, False, '2005-02-09 10:00:00'); /* Arlad ibn Mulud the Tailor(1047/yaraqtailor) - Level: 11 - Generates - Jerkin(124/jerkin) / Breeches(117/breeches) / Leather Boots(115/bootsleather) / Qafiya(128/qafiya) / Apron(10696/apron) / Shirt(2591/shirtpuffy) / Pantaloons(2600/pantaloons) / Qafiya(128/qafiya) / Slippers(133/slippers) / Dho Vest and Robe(5852/robegharundimnohood) / Fez(5894/capfez) / Kiyafa Robe(8373/dressgharundim) / Sparring Shirt(25984/shirtsparring) / Sparring Pants(25983/pantssparring) */
/* @teleloc 0x7D64010E [88.679901 138.119995 12.005000] 0.551937 0.000000 0.000000 0.833886 */

INSERT INTO `landblock_instance` (`guid`, `weenie_Class_Id`, `obj_Cell_Id`, `origin_X`, `origin_Y`, `origin_Z`, `angles_W`, `angles_X`, `angles_Y`, `angles_Z`, `is_Link_Child`, `last_Modified`)
VALUES (0x77D6400D,  1041, 0x7D640000, 85.92, 138.564, 15.605, -0.626604, 0, 0, 0.779337, False, '2005-02-09 10:00:00'); /* Mulud al-Iyar the Healer(1041/yaraqhealer) - Level: 13 - Generates - Shirt(2587/shirtloose) / Pants(127/pants) / Slippers(133/slippers) / Turban(135/turban) / Apron(10696/apron) / Health Draught(2457/healthdraught) / Health Potion(377/healthpotion) / Mana Draught(2460/manadraught) / Mana Potion(379/manapotion) / Stamina Draught(5634/staminadraught) / Stamina Potion(378/staminapotion) / Handy Healing Kit(628/healingkitcrude) / Adept Healing Kit(629/healingkitplain) / Trade Note (100)(2621/tradenote100) / Trade Note (500)(2622/tradenote500) / Trade Note (1,000)(2623/tradenote1000) / Trade Note (5,000)(2624/tradenote5000) / Trade Note (10,000)(2625/tradenote10000) / Trade Note (50,000)(2626/tradenote50000) / Trade Note (100,000)(2627/tradenote100000) / Trade Note (150,000)(20628/tradenote150000) / Trade Note (200,000)(20629/tradenote200000) / Trade Note (250,000)(20630/tradenote250000) / Heal Other III(4588/servicehealother3) / Revitalize Other III(4591/servicerevitalizeother3) / Mana Boost Other III(4594/servicemanaboost3) / Regeneration Other III(50051/serviceregenerateother3) / Rejuvenation Other III(50052/servicerejuvenationother3) / Mana Renewal Other III(50053/servicemanarenewal3) / Cleanse All Magic Other(8182/servicedispelother3) / Nullify All Magic Other(8185/servicedispelother6) */
/* @teleloc 0x7D640000 [85.919998 138.563995 15.605000] -0.626604 0.000000 0.000000 0.779337 */

INSERT INTO `landblock_instance` (`guid`, `weenie_Class_Id`, `obj_Cell_Id`, `origin_X`, `origin_Y`, `origin_Z`, `angles_W`, `angles_X`, `angles_Y`, `angles_Z`, `is_Link_Child`, `last_Modified`)
VALUES (0x77D6400E,  1038, 0x7D640100, 87.8479, 111.782, 12.005, 0.551937, 0, 0, 0.833886, False, '2005-02-09 10:00:00'); /* Buray ibn Tamsa the Blacksmith(1038/yaraqblacksmith) - Level: 13 - Generates - Khanjar(328/khanjar) / Jerkin(124/jerkin) / Breeches(2603/breechesbaggy) / Slippers(133/slippers) / Qafiya(128/qafiya) / Apron(10696/apron) / Left-hand Tether(45683/ace45683-lefthandtether) / Left-hand Tether Remover(45684/ace45684-lefthandtetherremover) / Trade Note (100)(2621/tradenote100) / Trade Note (500)(2622/tradenote500) / Trade Note (1,000)(2623/tradenote1000) / Trade Note (5,000)(2624/tradenote5000) / Trade Note (10,000)(2625/tradenote10000) / Trade Note (50,000)(2626/tradenote50000) / Trade Note (100,000)(2627/tradenote100000) / Trade Note (150,000)(20628/tradenote150000) / Trade Note (200,000)(20629/tradenote200000) / Trade Note (250,000)(20630/tradenote250000) / Combat Tactic: Taunt(50046/combattactictaunt) / Combat Tactic: Sneaking(50078/combattacticsneaking) / Combat Technique: Reckless(50047/combattechniquereckless) / Combat Technique: Defensive(50048/combattechniquedefensive) / Combat Technique: Opportunist(50049/combattechniqueopportunist) / Combat Technique: Riposte(50050/combattechniqueriposte) / Combat Technique: Power Shot(50111/combattechniquepowershot) */
/* @teleloc 0x7D640100 [87.847900 111.781998 12.005000] 0.551937 0.000000 0.000000 0.833886 */

INSERT INTO `landblock_instance` (`guid`, `weenie_Class_Id`, `obj_Cell_Id`, `origin_X`, `origin_Y`, `origin_Z`, `angles_W`, `angles_X`, `angles_Y`, `angles_Z`, `is_Link_Child`, `last_Modified`)
VALUES (0x77D6400F,  1039, 0x7D640100, 86.1409, 115.885, 12.005, -0.658594, 0, 0, -0.752498, False, '2005-02-09 10:00:00'); /* Ladim al-Faji the Bowyer(1039/yaraqbowyer) - Level: 7 - Generates - Yag(360/yag) / Tunic(2592/tunicpuffy) / Pants(127/pants) / Leather Boots(115/bootsleather) / Turban(135/turban) / Apron(10696/apron) / Plain Lockpick(513/lockpickplain) / Reliable Lockpick(545/lockpickreliable) / Intricate Carving Tool(9295/toolpyramidquest) / Ust(20646/tinkeringtool) / Tinkering(21093/booktinkering) / On the Abilities of Salvaged Ivory(23044/booktinkeringivory) / Carving Keys and Keyrings(23204/bookcarvingkeys) / Bundle of Arrowheads(4586/arrowhead) / Bundle of Arrowshafts(4585/arrowshaft) / Bundle of Quarrelshafts(5339/quarrelshaft) / Bundle of Blunt Arrowheads(5344/arrowheadblunt) / Bundle of Broad Arrowheads(5345/arrowheadbroad) / Wrapped Bundle of Quarrelshafts(9378/wrappedquarrelshaft) / Wrapped Bundle of Arrowshafts(9377/wrappedarrowshaft) / Wrapped Bundle of Arrowheads(9359/wrappedarrowhead) / Wrapped Bundle of Blunt Arrowheads(9362/wrappedarrowheadblunt) / Wrapped Bundle of Broad Arrowheads(9363/wrappedarrowheadbroad) / Quarrel(305/bolt) / Arrow(300/arrow) / Atlatl Dart(12464/atlatldart) / Bundle of Atlatl Dart Shafts(15296/atlatldartshaft) / Wrapped Bundle of Atlatl Dartshafts(15298/wrappedatlatldartshaft) / Throwing Dart(316/dart) / Throwing Dagger(315/daggerthrowing) / Javelin(320/javelin) / Throwing Axe(304/axethrowing) / Throwing Club(310/clubthrowing) / Djarid(317/djarid) / Shouken(343/shuriken) / Trade Note (100)(2621/tradenote100) / Trade Note (500)(2622/tradenote500) / Trade Note (1,000)(2623/tradenote1000) / Trade Note (5,000)(2624/tradenote5000) / Trade Note (10,000)(2625/tradenote10000) / Trade Note (50,000)(2626/tradenote50000) / Trade Note (100,000)(2627/tradenote100000) / Trade Note (150,000)(20628/tradenote150000) / Trade Note (200,000)(20629/tradenote200000) / Trade Note (250,000)(20630/tradenote250000) / Magnifying Glass(50077/appraisaltool) */
/* @teleloc 0x7D640100 [86.140900 115.885002 12.005000] -0.658594 0.000000 0.000000 -0.752498 */

INSERT INTO `landblock_instance` (`guid`, `weenie_Class_Id`, `obj_Cell_Id`, `origin_X`, `origin_Y`, `origin_Z`, `angles_W`, `angles_X`, `angles_Y`, `angles_Z`, `is_Link_Child`, `last_Modified`)
VALUES (0x77D64010,  1045, 0x7D64012D, 86.1599, 89.98, 12.01, -0.278991, 0, 0, -0.960294, False, '2005-02-09 10:00:00'); /* Rahira bint Hisan the Shopkeeper(1045/yaraqshopkeep) - Level: 10 - Generates - Jerkin(124/jerkin) / Pants(127/pants) / Shoes(132/shoes) / Qafiya(128/qafiya) / Apron(10696/apron) / Whittling Knife(5778/whittlingknife) / Bundle of Arrowheads(4586/arrowhead) / Bundle of Arrowshafts(4585/arrowshaft) / Apple(258/apple) / Flour(4761/flour) / Water(4746/water) / Frying Pan(4762/fryingpan) / Metal Press(7824/metalpress) / Parchment(365/parchment) / Torch(293/torch) / Empty Flask(151/flask) / Pack(136/backpack) / Spell Component Pouch(50009/componentpouch) / Trade Note (100)(2621/tradenote100) / Trade Note (500)(2622/tradenote500) / Trade Note (1,000)(2623/tradenote1000) / Trade Note (5,000)(2624/tradenote5000) / Trade Note (10,000)(2625/tradenote10000) / Trade Note (50,000)(2626/tradenote50000) / Trade Note (100,000)(2627/tradenote100000) / Trade Note (150,000)(20628/tradenote150000) / Trade Note (200,000)(20629/tradenote200000) / Trade Note (250,000)(20630/tradenote250000) / Salvage Barrel(50119/salvagebarrel) */
/* @teleloc 0x7D64012D [86.159897 89.980003 12.010000] -0.278991 0.000000 0.000000 -0.960294 */

INSERT INTO `landblock_instance` (`guid`, `weenie_Class_Id`, `obj_Cell_Id`, `origin_X`, `origin_Y`, `origin_Z`, `angles_W`, `angles_X`, `angles_Y`, `angles_Z`, `is_Link_Child`, `last_Modified`)
VALUES (0x77D64011,  1044, 0x7D640137, 91.48, 84.84, 12.01, -0.594823, 0, 0, -0.803857, False, '2005-02-09 10:00:00'); /* Wasifa al-Kani the Scribe(1044/yaraqscribe) - Level: 12 - Generates - Tunic(2592/tunicpuffy) / Pants(127/pants) / Slippers(133/slippers) / Turban(135/turban) / Apron(10696/apron) / Book(364/book) / Parchment(365/parchment) / Tome(367/tome) / Puppet Show(9118/diarymartinerevenge1) / The Beginning(9124/diarymartinerevenge7) / Mnemosynes and the Art of Lockpicking(9319/manualpyramidunlocking) / The Weapons of the Singularity(27851/guidesingularity) / The Festival Stones of the Empyrean(5602/directionsfestivalstones) / The Meeting Halls(6419/directionsallegiancehall) / Gharu'ndim Cookbook(5584/cookbookgharundim) / Specialty Cookbook(5856/cookbookspecialty) / Chocolate Cookbook(7884/cookbookchocolate) / Festival Cookbook(14797/cookbookfestival) / Alchemy Guide(5586/guidealchemy) / Fletching Guide(5587/guidefletching) / Combat Manual(50045/combatManual) */
/* @teleloc 0x7D640137 [91.480003 84.839996 12.010000] -0.594823 0.000000 0.000000 -0.803857 */

INSERT INTO `landblock_instance` (`guid`, `weenie_Class_Id`, `obj_Cell_Id`, `origin_X`, `origin_Y`, `origin_Z`, `angles_W`, `angles_X`, `angles_Y`, `angles_Z`, `is_Link_Child`, `last_Modified`)
VALUES (0x77D64012,  1042, 0x7D64012F, 85.9199, 78.02, 12.01, -0.995396, 0, 0, -0.095846, False, '2005-02-09 10:00:00'); /* Tariqana bint Hin the Jeweler(1042/yaraqjeweler) - Level: 9 - Generates - Shirt(130/shirt) / Pantaloons(2600/pantaloons) / Slippers(133/slippers) / Qafiya(128/qafiya) / Apron(10696/apron) / Trade Note (100)(2621/tradenote100) / Trade Note (500)(2622/tradenote500) / Trade Note (1,000)(2623/tradenote1000) / Trade Note (5,000)(2624/tradenote5000) / Trade Note (10,000)(2625/tradenote10000) / Trade Note (50,000)(2626/tradenote50000) / Trade Note (100,000)(2627/tradenote100000) / Trade Note (150,000)(20628/tradenote150000) / Trade Note (200,000)(20629/tradenote200000) / Trade Note (250,000)(20630/tradenote250000) / Portal Recall Gem(50000/gemportalrecall) / Primary Portal Recall Gem(50001/gemprimaryportalrecall) / Secondary Portal Recall Gem(50002/gemsecondaryportalrecall) / Lifestone Recall Gem(50007/gemlifestonerecall) / Primary Portal Summon Gem(50005/gemprimaryportalsummon) / Secondary Portal Summon Gem(50006/gemsecondaryportalsummon) / Primary Portal Tie Gem(50003/gemprimaryportaltie) / Secondary Portal Tie Gem(50004/gemsecondaryportaltie) / Lifestone Tie Gem(50008/gemlifestonetie) / Xarabydun Portal Gem(26639/gemportalxarabydun) / Al-Arqas Portal Gem(8973/gemportalalarqas) / Yaraq Portal Gem(8984/gemportalyaraq) / Samsur Portal Gem(8980/gemportalsamsur) / Yanshi Portal Gem(8983/gemportalyanshi) / Shoushi Portal Gem(8981/gemportalshoushi) / Nanto Portal Gem(8978/gemportalnanto) / Holtburg Portal Gem(8976/gemportalholtburg) / Lytelthorpe Portal Gem(8977/gemportallytelthorpe) / Rithwic Portal Gem(8979/gemportalrithwic) */
/* @teleloc 0x7D64012F [85.919899 78.019997 12.010000] -0.995396 0.000000 0.000000 -0.095846 */

INSERT INTO `landblock_instance` (`guid`, `weenie_Class_Id`, `obj_Cell_Id`, `origin_X`, `origin_Y`, `origin_Z`, `angles_W`, `angles_X`, `angles_Y`, `angles_Z`, `is_Link_Child`, `last_Modified`)
VALUES (0x77D64013,  1034, 0x7D640141, 93.2, 55.56, 12.005, -0.735506, 0, 0, -0.677518, False, '2005-02-09 10:00:00'); /* Barkeep Jubal al-Baljad(1034/yaraqbarkeeper) - Level: 5 - Generates - Jerkin(124/jerkin) / Pants(2598/pantsbaggy) / Leather Boots(115/bootsleather) / Apron(10696/apron) / Water(4746/water) / Cove Apple Cider(5136/coveapplecider) / Palm Wine(2465/palmwine) / Kumiss(2459/kumiss) / Small Beer(2469/smallbeer) / Beer Stein(8378/beerstein) / Fish Kebab(4723/fishkebab) / Fried Fish Filet(4730/friedfishfilet) / Fish Stew(4726/fishstew) / Pickled Fish(4740/pickledfish) / Directions to the al-Luq House(26491/rumornewbieexploreryaraq) / Directions to the Sea Temple Catacombs(5163/directionsapplejuice) / Directions to the Red Rat Lair(26495/rumorwhiteratlair) / Directions to the Pillars of the Inner Sea(5371/directionscoveruins) / The Festival Stones of the Empyrean(5602/directionsfestivalstones) / The Meeting Halls(6419/directionsallegiancehall) / Armoredillo Lair Directions(1495/directionsarmoredillolair) / Yaraq Tunnels Directions(1229/directionsyaraqtunnels) / Traveler's Rumor(1510/directionsrobberc) / Call for Adventurers!(8209/bulletinxara) / Tumerok Camp(26493/rumortumerokcampyaraq) / Undead Encampment(26494/rumorundeadcampyaraq) / North and East Yaraq Outposts(26496/rumoryaraqoutposts) / Rumor Color Codes(50054/rumorcolorcodes) */
/* @teleloc 0x7D640141 [93.199997 55.560001 12.005000] -0.735506 0.000000 0.000000 -0.677518 */

INSERT INTO `landblock_instance` (`guid`, `weenie_Class_Id`, `obj_Cell_Id`, `origin_X`, `origin_Y`, `origin_Z`, `angles_W`, `angles_X`, `angles_Y`, `angles_Z`, `is_Link_Child`, `last_Modified`)
VALUES (0x77D64014,  1076, 0x7D640000, 75.5867, 59.3967, 15.5505, 0, 0, 0, -1, False, '2005-02-09 10:00:00'); /* The Cerulean Cove(1076/yaraqtavernsign) */
/* @teleloc 0x7D640000 [75.586700 59.396702 15.550500] 0.000000 0.000000 0.000000 -1.000000 */

INSERT INTO `landblock_instance` (`guid`, `weenie_Class_Id`, `obj_Cell_Id`, `origin_X`, `origin_Y`, `origin_Z`, `angles_W`, `angles_X`, `angles_Y`, `angles_Z`, `is_Link_Child`, `last_Modified`)
VALUES (0x77D64015,  1071, 0x7D640000, 86.3637, 111.273, 15.8309, 0.913012, 0, 0, -0.407932, False, '2005-02-09 10:00:00'); /* The Eagle's Blade(1071/yaraqblacksmithsign) */
/* @teleloc 0x7D640000 [86.363701 111.273003 15.830900] 0.913012 0.000000 0.000000 -0.407932 */

INSERT INTO `landblock_instance` (`guid`, `weenie_Class_Id`, `obj_Cell_Id`, `origin_X`, `origin_Y`, `origin_Z`, `angles_W`, `angles_X`, `angles_Y`, `angles_Z`, `is_Link_Child`, `last_Modified`)
VALUES (0x77D64016,  1073, 0x7D640000, 72.3694, 131.351, 15.3761, 0, 0, 0, -1, False, '2005-02-09 10:00:00'); /* Nuya's Necessities(1073/yaraqgrocersign) */
/* @teleloc 0x7D640000 [72.369400 131.350998 15.376100] 0.000000 0.000000 0.000000 -1.000000 */

INSERT INTO `landblock_instance` (`guid`, `weenie_Class_Id`, `obj_Cell_Id`, `origin_X`, `origin_Y`, `origin_Z`, `angles_W`, `angles_X`, `angles_Y`, `angles_Z`, `is_Link_Child`, `last_Modified`)
VALUES (0x77D64017,  2307, 0x7D64012E, 86.9758, 91.882, 15.205, 0.001857, 0, 0, -0.999998, False, '2005-02-09 10:00:00'); /* Archmage Inyamkaya bint Ruz(2307/yaraqarchmage) - Level: 7 - Generates - Tunic(2595/tunicbaggy) / Pants(2598/pantsbaggy) / Shoes(132/shoes) / Apron(10696/apron) / Lead Scarab(691/scarablead) / Iron Scarab(689/scarabiron) / Copper Scarab(686/scarabcopper) / Silver Scarab(688/scarabsilver) / Amaranth(765/amaranth) / Bistort(766/bistort) / Comfrey(767/comfrey) / Damiana(768/damiana) / Dragonsblood(769/dragonsblood) / Eyebright(770/eyebright) / Frankincense(771/frankincense) / Ginseng(625/ginseng) / Hawthorn(772/hawthorn) / Henbane(773/henbane) / Hyssop(774/hyssop) / Mandrake(775/mandrake) / Mugwort(776/mugwort) / Myrrh(777/myrrh) / Saffron(778/saffron) / Vervain(779/vervain) / Wormwood(780/wormwood) / Yarrow(781/yarrow) / Powdered Agate(782/agate) / Powdered Amber(783/amber) / Powdered Azurite(784/azurite) / Powdered Bloodstone(785/bloodstone) / Powdered Carnelian(786/carnelian) / Powdered Hematite(626/hematite) / Powdered Lapis Lazuli(787/lapislazul) / Powdered Malachite(788/malachite) / Powdered Moonstone(789/moonstone) / Powdered Onyx(790/onyx) / Powdered Quartz(791/quartz) / Powdered Turquoise(792/turquoise) / Brimstone(753/alchembrimstone) / Cadmia(754/alchemcadmia) / Cinnabar(755/alchemcinnabar) / Cobalt(756/alchemcobalt) / Colcothar(757/alchemcolcothar) / Gypsum(758/alchemgypsum) / Quicksilver(759/alchemquicksilver) / Realgar(760/alchemrealgar) / Stibnite(761/alchemstibnite) / Turpeth(762/alchemturpeth) / Verdigris(763/alchemverdigris) / Vitriol(764/alchemvitriol) / Poplar Talisman(749/poplartalisman) / Blackthorn Talisman(742/blackthorntalisman) / Yew Talisman(752/yewtalisman) / Hemlock Talisman(747/hemlocktalisman) / Alder Talisman(627/aldertalisman) / Ebony Talisman(744/ebonytalisman) / Birch Talisman(741/birchtalisman) / Ashwood Talisman(740/ashwoodtalisman) / Elder Talisman(745/eldertalisman) / Rowan Talisman(750/rowantalisman) / Willow Talisman(751/willowtalisman) / Cedar Talisman(743/cedartalisman) / Oak Talisman(748/oaktalisman) / Hazel Talisman(746/hazeltalisman) / Red Taper(1650/taperred) / Pink Taper(1649/taperpink) / Orange Taper(1648/taperorange) / Yellow Taper(1653/taperyellow) / Green Taper(1645/tapergreen) / Turquoise Taper(1654/taperturquoise) / Blue Taper(1643/taperblue) / Indigo Taper(1647/taperindigo) / Violet Taper(1651/taperviolet) / Brown Taper(1644/taperbrown) / White Taper(1652/taperwhite) / Grey Taper(1646/tapergrey) / Minor Mana Stone(27331/manastoneminor) / Lesser Mana Stone(2434/manastonelesser) / Tiny Mana Charge(4612/manastonetiny) / Small Mana Charge(4613/manastonesmall) / Moderate Mana Charge(4614/manastonemoderate) / High Mana Charge(4615/manastonehigh) / Dho Life Apprentice Robe(6069/robesucklifegharundim) / Dho War Apprentice Robe(6072/robesuckwargharundim) / Mortar and Pestle(4751/mortarandpestle) / Wand(5541/wandgharundim) / Trade Note (100)(2621/tradenote100) / Trade Note (500)(2622/tradenote500) / Trade Note (1,000)(2623/tradenote1000) / Trade Note (5,000)(2624/tradenote5000) / Trade Note (10,000)(2625/tradenote10000) / Trade Note (50,000)(2626/tradenote50000) / Trade Note (100,000)(2627/tradenote100000) / Trade Note (150,000)(20628/tradenote150000) / Trade Note (200,000)(20629/tradenote200000) / Trade Note (250,000)(20630/tradenote250000) / Strength Other III(30664/servicestrengthother3) / Endurance Other III(30670/serviceenduranceother3) / Coordination Other III(30668/servicecoordinationother3) / Quickness Other III(30674/servicequicknessother3) / Focus Other III(30672/servicefocusother3) / Willpower Other III(30666/servicewillpowerother3) / Ley Line Amulet: War Magic(50056/leylineamuletwar) / Ley Line Amulet: Life Magic(50057/leylineamuletlife) / Alembic(4747/alembic) / Aqua Incanta(4748/aquaincanta) / Neutral Balm(5338/neutralbalm) / Spell Conduit I(50104/spellconduit1) - Level: 1 / Spell Conduit II(50105/spellconduit2) - Level: 2 / Spell Conduit III(50106/spellconduit3) - Level: 3 / Spell Conduit IV(50107/spellconduit4) - Level: 4 / Spell Extraction Scroll I(50123/spellextractionscroll1) - Level: 1 / Spell Extraction Scroll II(50124/spellextractionscroll2) - Level: 2 / Spell Extraction Scroll III(50125/spellextractionscroll3) - Level: 3 / Spell Extraction Scroll IV(50126/spellextractionscroll4) - Level: 4 */
/* @teleloc 0x7D64012E [86.975800 91.882004 15.205000] 0.001857 0.000000 0.000000 -0.999998 */

INSERT INTO `landblock_instance` (`guid`, `weenie_Class_Id`, `obj_Cell_Id`, `origin_X`, `origin_Y`, `origin_Z`, `angles_W`, `angles_X`, `angles_Y`, `angles_Z`, `is_Link_Child`, `last_Modified`)
VALUES (0x77D64018,  4770, 0x7D64013B, 79.5236, 64.6462, 12.005, -0.196667, 0, 0, 0.98047, False, '2005-02-09 10:00:00'); /* Collector Gharundim Gen(4770/collectorgharundimgen) - Generates - Collector(3918/collectorgharundim) - Level: 4 */
/* @teleloc 0x7D64013B [79.523598 64.646202 12.005000] -0.196667 0.000000 0.000000 0.980470 */

INSERT INTO `landblock_instance` (`guid`, `weenie_Class_Id`, `obj_Cell_Id`, `origin_X`, `origin_Y`, `origin_Z`, `angles_W`, `angles_X`, `angles_Y`, `angles_Z`, `is_Link_Child`, `last_Modified`)
VALUES (0x77D64019,  5365, 0x7D640000, 85.0516, 65.2689, 20.805, 0.788997, 0, 0, 0.614397,  True, '2005-02-09 10:00:00'); /* Akyafi ibn Sumwar(5365/yaraqakyafi) - Level: 4 - Generates - Jerkin(124/jerkin) / Breeches(2604/breecheswide) / Slippers(133/slippers) / Turban(135/turban) */
/* @teleloc 0x7D640000 [85.051598 65.268898 20.805000] 0.788997 0.000000 0.000000 0.614397 */

INSERT INTO `landblock_instance` (`guid`, `weenie_Class_Id`, `obj_Cell_Id`, `origin_X`, `origin_Y`, `origin_Z`, `angles_W`, `angles_X`, `angles_Y`, `angles_Z`, `is_Link_Child`, `last_Modified`)
VALUES (0x77D6401A,  4219, 0x7D640000, 86.9412, 66.5654, 20.805, 0.669975, 0, 0, 0.742384, False, '2021-02-02 06:50:30'); /* Linkable Monster Generator ( 7 Min.)(4219/linkmonstergen7minutes) - Generates - Place Holder Object(3666/placeholder) */
/* @teleloc 0x7D640000 [86.941200 66.565399 20.805000] 0.669975 0.000000 0.000000 0.742384 */

INSERT INTO `landblock_instance_link` (`parent_GUID`, `child_GUID`, `last_Modified`)
VALUES (0x77D6401A, 0x77D64019, '2005-02-09 10:00:00')/* Akyafi ibn Sumwar (5365/yaraqakyafi) - Level: 4 - Generates - Jerkin(124/jerkin) / Breeches(2604/breecheswide) / Slippers(133/slippers) / Turban(135/turban) */
     , (0x77D6401A, 0x77D6403D, '2005-02-09 10:00:00')/* Small Creepy Statue (25992/yaraqbattledungeonportalnpc) - Level: 18 */
     , (0x77D6401A, 0x77D64043, '2005-02-09 10:00:00')/* Apprentice Alchemist (27741/collectoralchemyghanewbie) - Level: 5 - Generates - Shirt(130/shirt) / Pants(127/pants) / Boots(2606/boots) */
     , (0x77D6401A, 0x77D6404D, '2005-02-09 10:00:00')/* Mara al-Luq (5179/yaraqmara) - Level: 5 - Generates - Society Explorer Hat(12309/hatexplorersociety) / Explorer Society Robe(12310/robeexplorersociety) */
     , (0x77D6401A, 0x77D6404E, '2005-02-09 10:00:00')/* Ma'yad ibn Ibsar (5366/yaraqmayad) - Level: 10 - Generates - Nabut(333/nabut) / Tunic(134/tunic) / Pants(127/pants) / Boots(2606/boots) */;

INSERT INTO `landblock_instance` (`guid`, `weenie_Class_Id`, `obj_Cell_Id`, `origin_X`, `origin_Y`, `origin_Z`, `angles_W`, `angles_X`, `angles_Y`, `angles_Z`, `is_Link_Child`, `last_Modified`)
VALUES (0x77D6401B,  8377, 0x7D640140, 91.3656, 58.5145, 12.9546, 0.707107, 0, 0, -0.707107, False, '2005-02-09 10:00:00'); /* Beer Keg(8377/beerkeg) */
/* @teleloc 0x7D640140 [91.365601 58.514500 12.954600] 0.707107 0.000000 0.000000 -0.707107 */

INSERT INTO `landblock_instance` (`guid`, `weenie_Class_Id`, `obj_Cell_Id`, `origin_X`, `origin_Y`, `origin_Z`, `angles_W`, `angles_X`, `angles_Y`, `angles_Z`, `is_Link_Child`, `last_Modified`)
VALUES (0x77D6401C,   165, 0x7D640000, 60.72, 54.84, 12.05, 1, 0, 0, 0, False, '2005-02-09 10:00:00'); /* Pool(165/pool) */
/* @teleloc 0x7D640000 [60.720001 54.840000 12.050000] 1.000000 0.000000 0.000000 0.000000 */

INSERT INTO `landblock_instance` (`guid`, `weenie_Class_Id`, `obj_Cell_Id`, `origin_X`, `origin_Y`, `origin_Z`, `angles_W`, `angles_X`, `angles_Y`, `angles_Z`, `is_Link_Child`, `last_Modified`)
VALUES (0x77D6401D,   165, 0x7D640000, 60.72, 102.36, 12.05, 1, 0, 0, 0, False, '2005-02-09 10:00:00'); /* Pool(165/pool) */
/* @teleloc 0x7D640000 [60.720001 102.360001 12.050000] 1.000000 0.000000 0.000000 0.000000 */

INSERT INTO `landblock_instance` (`guid`, `weenie_Class_Id`, `obj_Cell_Id`, `origin_X`, `origin_Y`, `origin_Z`, `angles_W`, `angles_X`, `angles_Y`, `angles_Z`, `is_Link_Child`, `last_Modified`)
VALUES (0x77D6401E,  9424, 0x7D640000, 78.3869, 51.5654, 12.01, -0.734439, 0, 0, -0.678675, False, '2005-02-09 10:00:00'); /* Drawohan the Gem Seller(9424/yaraqlugiangemseller) - Level: 42 - Generates - Armor Diamond(9426/gemlugianarmor3) / Sharp Topaz(9432/gemlugianslash3) / Thorned Garnet(9431/gemlugianpierce3) / Force Opal(9427/gemlugianbludgeon3) / Fire Ruby(9429/gemlugianfire3) / Cold Moonstone(9428/gemlugiancold3) / Acid Emerald(9425/gemlugianacid3) / Lightning Sapphire(9430/gemlugianlightning3) / Strong Benevolence(9476/infusionarmheart) */
/* @teleloc 0x7D640000 [78.386902 51.565399 12.010000] -0.734439 0.000000 0.000000 -0.678675 */

INSERT INTO `landblock_instance` (`guid`, `weenie_Class_Id`, `obj_Cell_Id`, `origin_X`, `origin_Y`, `origin_Z`, `angles_W`, `angles_X`, `angles_Y`, `angles_Z`, `is_Link_Child`, `last_Modified`)
VALUES (0x77D64026,  7923, 0x7D640000, 60.4073, 94.7986, 12.005, 0.753985, 0, 0, 0.656892, False, '2005-02-09 10:00:00'); /* Linkable Monster Generator ( 3 Min.)(7923/linkmonstergen3minutes) - Generates - Place Holder Object(3666/placeholder) */
/* @teleloc 0x7D640000 [60.407299 94.798599 12.005000] 0.753985 0.000000 0.000000 0.656892 */

INSERT INTO `landblock_instance` (`guid`, `weenie_Class_Id`, `obj_Cell_Id`, `origin_X`, `origin_Y`, `origin_Z`, `angles_W`, `angles_X`, `angles_Y`, `angles_Z`, `is_Link_Child`, `last_Modified`)
VALUES (0x77D64030, 19457, 0x7D640000, 60.4462, 83.5872, 18.9739, 0.71897, 0, 0, -0.695041, False, '2005-02-09 10:00:00'); /* Fireworks Generator(19457/fireworksgen) - Generates - Anniversary Effect(8359/anniversaryeffect) */
/* @teleloc 0x7D640000 [60.446201 83.587196 18.973900] 0.718970 0.000000 0.000000 -0.695041 */

INSERT INTO `landblock_instance` (`guid`, `weenie_Class_Id`, `obj_Cell_Id`, `origin_X`, `origin_Y`, `origin_Z`, `angles_W`, `angles_X`, `angles_Y`, `angles_Z`, `is_Link_Child`, `last_Modified`)
VALUES (0x77D6403C, 23631, 0x7D640000, 77.6848, 81.0209, 75.8893, 0.053052, 0, 0, -0.998592, False, '2005-02-09 10:00:00'); /* April 2003 Raining Mad Cows Gen(23631/eventmadcowgen) - Generates - Mad Cow(23623/cowmad) - Level: 7 / Mad Cow(23623/cowmad) - Level: 7 / Mad Cow(23623/cowmad) - Level: 7 / Mad Cow(23623/cowmad) - Level: 7 / Mad Cow(23623/cowmad) - Level: 7 / Mad Cow(23623/cowmad) - Level: 7 / Mad Cow(23623/cowmad) - Level: 7 / Mad Cow(23623/cowmad) - Level: 7 / Mad Cow(23623/cowmad) - Level: 7 / Mad Cow(23623/cowmad) - Level: 7 */
/* @teleloc 0x7D640000 [77.684799 81.020897 75.889297] 0.053052 0.000000 0.000000 -0.998592 */

INSERT INTO `landblock_instance` (`guid`, `weenie_Class_Id`, `obj_Cell_Id`, `origin_X`, `origin_Y`, `origin_Z`, `angles_W`, `angles_X`, `angles_Y`, `angles_Z`, `is_Link_Child`, `last_Modified`)
VALUES (0x77D6403D, 25992, 0x7D640000, 62.3025, 173.546, 12.005, -0.997083, 0, 0, -0.076326,  True, '2005-02-09 10:00:00'); /* Small Creepy Statue(25992/yaraqbattledungeonportalnpc) - Level: 18 */
/* @teleloc 0x7D640000 [62.302502 173.546005 12.005000] -0.997083 0.000000 0.000000 -0.076326 */

INSERT INTO `landblock_instance` (`guid`, `weenie_Class_Id`, `obj_Cell_Id`, `origin_X`, `origin_Y`, `origin_Z`, `angles_W`, `angles_X`, `angles_Y`, `angles_Z`, `is_Link_Child`, `last_Modified`)
VALUES (0x77D64040,   509, 0x7D640000, 37.7105, 105.788, 12.005, 0.660946, 0, 0, -0.750434, False, '2005-02-09 10:00:00'); /* Life Stone(509/lifestone) */
/* @teleloc 0x7D640000 [37.710499 105.788002 12.005000] 0.660946 0.000000 0.000000 -0.750434 */

INSERT INTO `landblock_instance` (`guid`, `weenie_Class_Id`, `obj_Cell_Id`, `origin_X`, `origin_Y`, `origin_Z`, `angles_W`, `angles_X`, `angles_Y`, `angles_Z`, `is_Link_Child`, `last_Modified`)
VALUES (0x77D64041,  6111, 0x7D640173, 35.3787, 35.4762, 14.005, 0.698606, 0, 0, 0.715506, False, '2005-02-09 10:00:00'); /* Yaraq Meeting Hall Portal(6111/portalallegiancehallyaraq) */
/* @teleloc 0x7D640173 [35.378700 35.476200 14.005000] 0.698606 0.000000 0.000000 0.715506 */

INSERT INTO `landblock_instance` (`guid`, `weenie_Class_Id`, `obj_Cell_Id`, `origin_X`, `origin_Y`, `origin_Z`, `angles_W`, `angles_X`, `angles_Y`, `angles_Z`, `is_Link_Child`, `last_Modified`)
VALUES (0x77D64042, 27547, 0x7D640000, 54.1621, 33.492, 12.005, 0.747357, 0, 0, 0.664422, False, '2005-02-09 10:00:00'); /* Bind Stone(27547/bindstone) */
/* @teleloc 0x7D640000 [54.162102 33.492001 12.005000] 0.747357 0.000000 0.000000 0.664422 */

INSERT INTO `landblock_instance` (`guid`, `weenie_Class_Id`, `obj_Cell_Id`, `origin_X`, `origin_Y`, `origin_Z`, `angles_W`, `angles_X`, `angles_Y`, `angles_Z`, `is_Link_Child`, `last_Modified`)
VALUES (0x77D64043, 27741, 0x7D640000, 90.5631, 90.5797, 12.005, 0.938614, 0, 0, -0.344968,  True, '2005-02-09 10:00:00'); /* Apprentice Alchemist(27741/collectoralchemyghanewbie) - Level: 5 - Generates - Shirt(130/shirt) / Pants(127/pants) / Boots(2606/boots) */
/* @teleloc 0x7D640000 [90.563103 90.579697 12.005000] 0.938614 0.000000 0.000000 -0.344968 */

INSERT INTO `landblock_instance` (`guid`, `weenie_Class_Id`, `obj_Cell_Id`, `origin_X`, `origin_Y`, `origin_Z`, `angles_W`, `angles_X`, `angles_Y`, `angles_Z`, `is_Link_Child`, `last_Modified`)
VALUES (0x77D6404B, 11954, 0x7D640000, 35.2509, 61.7802, 12.5, 0.810548, 0, 0, -0.585672, False, '2005-02-09 10:00:00'); /* Portal to Greenspire(11954/portalgreenspire-xp) */
/* @teleloc 0x7D640000 [35.250900 61.780201 12.500000] 0.810548 0.000000 0.000000 -0.585672 */

INSERT INTO `landblock_instance` (`guid`, `weenie_Class_Id`, `obj_Cell_Id`, `origin_X`, `origin_Y`, `origin_Z`, `angles_W`, `angles_X`, `angles_Y`, `angles_Z`, `is_Link_Child`, `last_Modified`)
VALUES (0x77D6404D,  5179, 0x7D64013E, 85.6987, 66.45, 12.005, -0.10452, 0, 0, 0.994523,  True, '2005-02-09 10:00:00'); /* Mara al-Luq(5179/yaraqmara) - Level: 5 - Generates - Society Explorer Hat(12309/hatexplorersociety) / Explorer Society Robe(12310/robeexplorersociety) */
/* @teleloc 0x7D64013E [85.698700 66.449997 12.005000] -0.104520 0.000000 0.000000 0.994523 */

INSERT INTO `landblock_instance` (`guid`, `weenie_Class_Id`, `obj_Cell_Id`, `origin_X`, `origin_Y`, `origin_Z`, `angles_W`, `angles_X`, `angles_Y`, `angles_Z`, `is_Link_Child`, `last_Modified`)
VALUES (0x77D6404E,  5366, 0x7D64013E, 89.9014, 62.067, 12.005, -0.760963, 0, 0, -0.648796,  True, '2005-02-09 10:00:00'); /* Ma'yad ibn Ibsar(5366/yaraqmayad) - Level: 10 - Generates - Nabut(333/nabut) / Tunic(134/tunic) / Pants(127/pants) / Boots(2606/boots) */
/* @teleloc 0x7D64013E [89.901398 62.067001 12.005000] -0.760963 0.000000 0.000000 -0.648796 */

INSERT INTO `landblock_instance` (`guid`, `weenie_Class_Id`, `obj_Cell_Id`, `origin_X`, `origin_Y`, `origin_Z`, `angles_W`, `angles_X`, `angles_Y`, `angles_Z`, `is_Link_Child`, `last_Modified`)
VALUES (0x77D64056, 11953, 0x7D640000, 156.537, 66.8, 16.072, 0.475248, 0, 0, -0.879852, False, '2005-02-09 10:00:00'); /* Portal to Bluespire(11953/portalbluespire-xp) */
/* @teleloc 0x7D640000 [156.537003 66.800003 16.072001] 0.475248 0.000000 0.000000 -0.879852 */

INSERT INTO `landblock_instance` (`guid`, `weenie_Class_Id`, `obj_Cell_Id`, `origin_X`, `origin_Y`, `origin_Z`, `angles_W`, `angles_X`, `angles_Y`, `angles_Z`, `is_Link_Child`, `last_Modified`)
VALUES (0x77D6405E, 14930, 0x7D64000A, 40.9789, 33.1247, 14.005, 0.79138, 0, 0, -0.611324, False, '2021-01-21 12:47:28'); /* Wedding Planner(14930/plannerwedding) - Level: 9 - Generates - Wedding Raiment(15714/rainmentwedding2) / Wedding Handbook(14931/bookwedding) / Invitation Wedding Hall(14913/gemportalwedding1) / Invitation Plateau(14914/gemportalwedding2) / Invitation Ithanc Cathedral(14915/gemportalwedding3) / Elegant Flower Bouquet(14917/bouquetlarge) / Simple Flower Bouquet(14916/bouquetsmall) / Wedding Cake Figures(14897/cakeweddingfigures) / Wedding Cake Knife(14898/knifecakewedding) / Bottle of Champagne(14912/champagne) / Wedding Gown(14905/gownwedding) / Wedding Cyclas(14904/cyclaswedding) / Wedding Raiment(14906/rainmentwedding) / Wedding Raiment(14906/rainmentwedding) / Wedding Raiment(14906/rainmentwedding) / Wedding Raiment(15714/rainmentwedding2) / Wedding Raiment(14906/rainmentwedding) / Wedding Raiment(14906/rainmentwedding) / Wedding Raiment(14906/rainmentwedding) / Wedding Raiment(14906/rainmentwedding) / Wedding Raiment(14906/rainmentwedding) / Wedding Raiment(14906/rainmentwedding) / Wedding Raiment(14906/rainmentwedding) / Wedding Raiment(14906/rainmentwedding) / Wedding Raiment(15714/rainmentwedding2) / Wedding Raiment(15714/rainmentwedding2) / Wedding Raiment(15714/rainmentwedding2) / Wedding Raiment(15714/rainmentwedding2) / Wedding Raiment(15714/rainmentwedding2) / Wedding Raiment(15714/rainmentwedding2) / Wedding Raiment(15714/rainmentwedding2) / Wedding Raiment(15714/rainmentwedding2) / Wedding Raiment(15714/rainmentwedding2) / Wedding Raiment(15714/rainmentwedding2) / Wedding Raiment(15714/rainmentwedding2) / Wedding Raiment(15714/rainmentwedding2) */
/* @teleloc 0x7D64000A [40.978901 33.124699 14.005000] 0.791380 0.000000 0.000000 -0.611324 */

INSERT INTO `landblock_instance` (`guid`, `weenie_Class_Id`, `obj_Cell_Id`, `origin_X`, `origin_Y`, `origin_Z`, `angles_W`, `angles_X`, `angles_Y`, `angles_Z`, `is_Link_Child`, `last_Modified`)
VALUES (0x77D6405F, 19385, 0x7D64016C, 157.381, 112.18, 16.055, 0.92388, 0, 0, -0.382683, False, '2021-01-23 17:06:45'); /* Hasina Gardens(19385/hasinagardenssign) */
/* @teleloc 0x7D64016C [157.380997 112.180000 16.055000] 0.923880 0.000000 0.000000 -0.382683 */

INSERT INTO `landblock_instance` (`guid`, `weenie_Class_Id`, `obj_Cell_Id`, `origin_X`, `origin_Y`, `origin_Z`, `angles_W`, `angles_X`, `angles_Y`, `angles_Z`, `is_Link_Child`, `last_Modified`)
VALUES (0x77D64060, 19363, 0x7D64016C, 157.723, 112.523, 15.937, 0.92388, 0, 0, -0.382683, False, '2021-01-23 17:07:33'); /* Hasina Gardens Yaraq (19363/portalhasinagardens) */
/* @teleloc 0x7D64016C [157.723007 112.523003 15.937000] 0.923880 0.000000 0.000000 -0.382683 */

INSERT INTO `landblock_instance` (`guid`, `weenie_Class_Id`, `obj_Cell_Id`, `origin_X`, `origin_Y`, `origin_Z`, `angles_W`, `angles_X`, `angles_Y`, `angles_Z`, `is_Link_Child`, `last_Modified`)
VALUES (0x77D64061, 30768, 0x7D640015, 60.8498, 102.337, 12.4975, -0.723633, 0, 0, -0.690185, False, '2023-01-21 19:09:39'); /* Gatekeeper of Bitterness Gen(30768/eventpvphate20gatekeepergen) - Generates - Gatekeeper of Bitterness(30784/pvphategatekeeper20) - Level: 10 */
/* @teleloc 0x7D640015 [60.849800 102.336998 12.497500] -0.723633 0.000000 0.000000 -0.690185 */
DELETE FROM `landblock_instance` WHERE `landblock` = 0xA9B4;

INSERT INTO `landblock_instance` (`guid`, `weenie_Class_Id`, `obj_Cell_Id`, `origin_X`, `origin_Y`, `origin_Z`, `angles_W`, `angles_X`, `angles_Y`, `angles_Z`, `is_Link_Child`, `last_Modified`)
VALUES (0x7A9B4000,   412, 0xA9B40100, 84.1029, 131.542, 66, -0.707107, 0, 0, -0.707107, False, '2005-02-09 10:00:00'); /* Door(412/door-aluvian-house) */
/* @teleloc 0xA9B40100 [84.102898 131.542007 66.000000] -0.707107 0.000000 0.000000 -0.707107 */

INSERT INTO `landblock_instance` (`guid`, `weenie_Class_Id`, `obj_Cell_Id`, `origin_X`, `origin_Y`, `origin_Z`, `angles_W`, `angles_X`, `angles_Y`, `angles_Z`, `is_Link_Child`, `last_Modified`)
VALUES (0x7A9B4001,   143, 0xA9B40105, 78.1179, 136.892, 69.5, -0.999994, 0, 0, -0.003491, False, '2005-02-09 10:00:00'); /* Chest(143/chest) */
/* @teleloc 0xA9B40105 [78.117897 136.891998 69.500000] -0.999994 0.000000 0.000000 -0.003491 */

INSERT INTO `landblock_instance` (`guid`, `weenie_Class_Id`, `obj_Cell_Id`, `origin_X`, `origin_Y`, `origin_Z`, `angles_W`, `angles_X`, `angles_Y`, `angles_Z`, `is_Link_Child`, `last_Modified`)
VALUES (0x7A9B4002,   143, 0xA9B4010E, 74.3679, 123.867, 66, -0.25038, 0, 0, -0.968148, False, '2005-02-09 10:00:00'); /* Chest(143/chest) */
/* @teleloc 0xA9B4010E [74.367897 123.866997 66.000000] -0.250380 0.000000 0.000000 -0.968148 */

INSERT INTO `landblock_instance` (`guid`, `weenie_Class_Id`, `obj_Cell_Id`, `origin_X`, `origin_Y`, `origin_Z`, `angles_W`, `angles_X`, `angles_Y`, `angles_Z`, `is_Link_Child`, `last_Modified`)
VALUES (0x7A9B4003,   412, 0xA9B40000, 73.0729, 131.542, 66, 0.707107, 0, 0, -0.707107, False, '2005-02-09 10:00:00'); /* Door(412/door-aluvian-house) */
/* @teleloc 0xA9B40000 [73.072899 131.542007 66.000000] 0.707107 0.000000 0.000000 -0.707107 */

INSERT INTO `landblock_instance` (`guid`, `weenie_Class_Id`, `obj_Cell_Id`, `origin_X`, `origin_Y`, `origin_Z`, `angles_W`, `angles_X`, `angles_Y`, `angles_Z`, `is_Link_Child`, `last_Modified`)
VALUES (0x7A9B4004,   143, 0xA9B40111, 35.2318, 162.404, 66.0125, 0.923879, 0, 0, -0.382684, False, '2005-02-09 10:00:00'); /* Chest(143/chest) */
/* @teleloc 0xA9B40111 [35.231800 162.404007 66.012497] 0.923879 0.000000 0.000000 -0.382684 */

INSERT INTO `landblock_instance` (`guid`, `weenie_Class_Id`, `obj_Cell_Id`, `origin_X`, `origin_Y`, `origin_Z`, `angles_W`, `angles_X`, `angles_Y`, `angles_Z`, `is_Link_Child`, `last_Modified`)
VALUES (0x7A9B4005,   412, 0xA9B40000, 27.7346, 155.735, 66, 0.923879, 0, 0, -0.382684, False, '2005-02-09 10:00:00'); /* Door(412/door-aluvian-house) */
/* @teleloc 0xA9B40000 [27.734600 155.735001 66.000000] 0.923879 0.000000 0.000000 -0.382684 */

INSERT INTO `landblock_instance` (`guid`, `weenie_Class_Id`, `obj_Cell_Id`, `origin_X`, `origin_Y`, `origin_Z`, `angles_W`, `angles_X`, `angles_Y`, `angles_Z`, `is_Link_Child`, `last_Modified`)
VALUES (0x7A9B4006,   412, 0xA9B40000, 33.6743, 155.629, 66, 0.92388, 0, 0, 0.382683, False, '2005-02-09 10:00:00'); /* Door(412/door-aluvian-house) */
/* @teleloc 0xA9B40000 [33.674301 155.628998 66.000000] 0.923880 0.000000 0.000000 0.382683 */

INSERT INTO `landblock_instance` (`guid`, `weenie_Class_Id`, `obj_Cell_Id`, `origin_X`, `origin_Y`, `origin_Z`, `angles_W`, `angles_X`, `angles_Y`, `angles_Z`, `is_Link_Child`, `last_Modified`)
VALUES (0x7A9B4007,   143, 0xA9B40117, 159.049, 130.662, 66.01, -0.383489, 0, 0, 0.923546, False, '2005-02-09 10:00:00'); /* Chest(143/chest) */
/* @teleloc 0xA9B40117 [159.048996 130.662003 66.010002] -0.383489 0.000000 0.000000 0.923546 */

INSERT INTO `landblock_instance` (`guid`, `weenie_Class_Id`, `obj_Cell_Id`, `origin_X`, `origin_Y`, `origin_Z`, `angles_W`, `angles_X`, `angles_Y`, `angles_Z`, `is_Link_Child`, `last_Modified`)
VALUES (0x7A9B4008,   143, 0xA9B4011B, 153.983, 129.552, 69.01, 0.381878, 0, 0, 0.924213, False, '2005-02-09 10:00:00'); /* Chest(143/chest) */
/* @teleloc 0xA9B4011B [153.983002 129.552002 69.010002] 0.381878 0.000000 0.000000 0.924213 */

INSERT INTO `landblock_instance` (`guid`, `weenie_Class_Id`, `obj_Cell_Id`, `origin_X`, `origin_Y`, `origin_Z`, `angles_W`, `angles_X`, `angles_Y`, `angles_Z`, `is_Link_Child`, `last_Modified`)
VALUES (0x7A9B4009,   412, 0xA9B40000, 148.525, 131.611, 66, -0.924213, 0, 0, 0.381878, False, '2005-02-09 10:00:00'); /* Door(412/door-aluvian-house) */
/* @teleloc 0xA9B40000 [148.524994 131.610992 66.000000] -0.924213 0.000000 0.000000 0.381878 */

INSERT INTO `landblock_instance` (`guid`, `weenie_Class_Id`, `obj_Cell_Id`, `origin_X`, `origin_Y`, `origin_Z`, `angles_W`, `angles_X`, `angles_Y`, `angles_Z`, `is_Link_Child`, `last_Modified`)
VALUES (0x7A9B400A,   412, 0xA9B40000, 159.73, 133.93, 66, 0.381878, 0, 0, 0.924213, False, '2005-02-09 10:00:00'); /* Door(412/door-aluvian-house) */
/* @teleloc 0xA9B40000 [159.729996 133.929993 66.000000] 0.381878 0.000000 0.000000 0.924213 */

INSERT INTO `landblock_instance` (`guid`, `weenie_Class_Id`, `obj_Cell_Id`, `origin_X`, `origin_Y`, `origin_Z`, `angles_W`, `angles_X`, `angles_Y`, `angles_Z`, `is_Link_Child`, `last_Modified`)
VALUES (0x7A9B400B,   143, 0xA9B40123, 106.57, 132.413, 69.04, 0.171929, 0, 0, -0.985109, False, '2005-02-09 10:00:00'); /* Chest(143/chest) */
/* @teleloc 0xA9B40123 [106.570000 132.412994 69.040001] 0.171929 0.000000 0.000000 -0.985109 */

INSERT INTO `landblock_instance` (`guid`, `weenie_Class_Id`, `obj_Cell_Id`, `origin_X`, `origin_Y`, `origin_Z`, `angles_W`, `angles_X`, `angles_Y`, `angles_Z`, `is_Link_Child`, `last_Modified`)
VALUES (0x7A9B400C,   412, 0xA9B40000, 104.16, 141.17, 66, 0, 0, 0, -1, False, '2005-02-09 10:00:00'); /* Door(412/door-aluvian-house) */
/* @teleloc 0xA9B40000 [104.160004 141.169998 66.000000] 0.000000 0.000000 0.000000 -1.000000 */

INSERT INTO `landblock_instance` (`guid`, `weenie_Class_Id`, `obj_Cell_Id`, `origin_X`, `origin_Y`, `origin_Z`, `angles_W`, `angles_X`, `angles_Y`, `angles_Z`, `is_Link_Child`, `last_Modified`)
VALUES (0x7A9B400D,   412, 0xA9B40000, 110.72, 133.43, 66, -0.710799, 0, 0, -0.703395, False, '2005-02-09 10:00:00'); /* Door(412/door-aluvian-house) */
/* @teleloc 0xA9B40000 [110.720001 133.429993 66.000000] -0.710799 0.000000 0.000000 -0.703395 */

INSERT INTO `landblock_instance` (`guid`, `weenie_Class_Id`, `obj_Cell_Id`, `origin_X`, `origin_Y`, `origin_Z`, `angles_W`, `angles_X`, `angles_Y`, `angles_Z`, `is_Link_Child`, `last_Modified`)
VALUES (0x7A9B400E,   143, 0xA9B4012E, 58.975, 138.605, 69.055, 0.764359, 0, 0, -0.644791, False, '2005-02-09 10:00:00'); /* Chest(143/chest) */
/* @teleloc 0xA9B4012E [58.974998 138.604996 69.055000] 0.764359 0.000000 0.000000 -0.644791 */

INSERT INTO `landblock_instance` (`guid`, `weenie_Class_Id`, `obj_Cell_Id`, `origin_X`, `origin_Y`, `origin_Z`, `angles_W`, `angles_X`, `angles_Y`, `angles_Z`, `is_Link_Child`, `last_Modified`)
VALUES (0x7A9B400F,   412, 0xA9B40000, 57.3, 139.91, 66.01, 0, 0, 0, -1, False, '2005-02-09 10:00:00'); /* Door(412/door-aluvian-house) */
/* @teleloc 0xA9B40000 [57.299999 139.910004 66.010002] 0.000000 0.000000 0.000000 -1.000000 */

INSERT INTO `landblock_instance` (`guid`, `weenie_Class_Id`, `obj_Cell_Id`, `origin_X`, `origin_Y`, `origin_Z`, `angles_W`, `angles_X`, `angles_Y`, `angles_Z`, `is_Link_Child`, `last_Modified`)
VALUES (0x7A9B4010,   412, 0xA9B40000, 52.805, 134.955, 65.995, 0.707107, 0, 0, -0.707107, False, '2005-02-09 10:00:00'); /* Door(412/door-aluvian-house) */
/* @teleloc 0xA9B40000 [52.805000 134.955002 65.995003] 0.707107 0.000000 0.000000 -0.707107 */

INSERT INTO `landblock_instance` (`guid`, `weenie_Class_Id`, `obj_Cell_Id`, `origin_X`, `origin_Y`, `origin_Z`, `angles_W`, `angles_X`, `angles_Y`, `angles_Z`, `is_Link_Child`, `last_Modified`)
VALUES (0x7A9B4011,   412, 0xA9B40000, 54.255, 133.605, 68.995, 0, 0, 0, -1, False, '2005-02-09 10:00:00'); /* Door(412/door-aluvian-house) */
/* @teleloc 0xA9B40000 [54.255001 133.604996 68.995003] 0.000000 0.000000 0.000000 -1.000000 */

INSERT INTO `landblock_instance` (`guid`, `weenie_Class_Id`, `obj_Cell_Id`, `origin_X`, `origin_Y`, `origin_Z`, `angles_W`, `angles_X`, `angles_Y`, `angles_Z`, `is_Link_Child`, `last_Modified`)
VALUES (0x7A9B4012,   412, 0xA9B40000, 55.29, 137.31, 69, 0.707107, 0, 0, -0.707107, False, '2005-02-09 10:00:00'); /* Door(412/door-aluvian-house) */
/* @teleloc 0xA9B40000 [55.290001 137.309998 69.000000] 0.707107 0.000000 0.000000 -0.707107 */

INSERT INTO `landblock_instance` (`guid`, `weenie_Class_Id`, `obj_Cell_Id`, `origin_X`, `origin_Y`, `origin_Z`, `angles_W`, `angles_X`, `angles_Y`, `angles_Z`, `is_Link_Child`, `last_Modified`)
VALUES (0x7A9B4013,   143, 0xA9B4014B, 135.71, 9.88, 97.02, 0, 0, 0, -1, False, '2005-02-09 10:00:00'); /* Chest(143/chest) */
/* @teleloc 0xA9B4014B [135.710007 9.880000 97.019997] 0.000000 0.000000 0.000000 -1.000000 */

INSERT INTO `landblock_instance` (`guid`, `weenie_Class_Id`, `obj_Cell_Id`, `origin_X`, `origin_Y`, `origin_Z`, `angles_W`, `angles_X`, `angles_Y`, `angles_Z`, `is_Link_Child`, `last_Modified`)
VALUES (0x7A9B4014,   143, 0xA9B4014B, 132.5, 9.95, 97.02, 0, 0, 0, -1, False, '2005-02-09 10:00:00'); /* Chest(143/chest) */
/* @teleloc 0xA9B4014B [132.500000 9.950000 97.019997] 0.000000 0.000000 0.000000 -1.000000 */

INSERT INTO `landblock_instance` (`guid`, `weenie_Class_Id`, `obj_Cell_Id`, `origin_X`, `origin_Y`, `origin_Z`, `angles_W`, `angles_X`, `angles_Y`, `angles_Z`, `is_Link_Child`, `last_Modified`)
VALUES (0x7A9B4015,   412, 0xA9B40000, 132.56, 17.115, 94, 0, 0, 0, -1, False, '2005-02-09 10:00:00'); /* Door(412/door-aluvian-house) */
/* @teleloc 0xA9B40000 [132.559998 17.115000 94.000000] 0.000000 0.000000 0.000000 -1.000000 */

INSERT INTO `landblock_instance` (`guid`, `weenie_Class_Id`, `obj_Cell_Id`, `origin_X`, `origin_Y`, `origin_Z`, `angles_W`, `angles_X`, `angles_Y`, `angles_Z`, `is_Link_Child`, `last_Modified`)
VALUES (0x7A9B4016,   412, 0xA9B40000, 136.29, 5.155, 94, 0.707107, 0, 0, -0.707107, False, '2005-02-09 10:00:00'); /* Door(412/door-aluvian-house) */
/* @teleloc 0xA9B40000 [136.289993 5.155000 94.000000] 0.707107 0.000000 0.000000 -0.707107 */

INSERT INTO `landblock_instance` (`guid`, `weenie_Class_Id`, `obj_Cell_Id`, `origin_X`, `origin_Y`, `origin_Z`, `angles_W`, `angles_X`, `angles_Y`, `angles_Z`, `is_Link_Child`, `last_Modified`)
VALUES (0x7A9B4017,   412, 0xA9B40154, 104.06, 30.99, 94.025, 1, 0, 0, 0, False, '2005-02-09 10:00:00'); /* Door(412/door-aluvian-house) */
/* @teleloc 0xA9B40154 [104.059998 30.990000 94.025002] 1.000000 0.000000 0.000000 0.000000 */

INSERT INTO `landblock_instance` (`guid`, `weenie_Class_Id`, `obj_Cell_Id`, `origin_X`, `origin_Y`, `origin_Z`, `angles_W`, `angles_X`, `angles_Y`, `angles_Z`, `is_Link_Child`, `last_Modified`)
VALUES (0x7A9B4018,   412, 0xA9B40154, 110.935, 30.99, 94, 1, 0, 0, 0, False, '2005-02-09 10:00:00'); /* Door(412/door-aluvian-house) */
/* @teleloc 0xA9B40154 [110.934998 30.990000 94.000000] 1.000000 0.000000 0.000000 0.000000 */

INSERT INTO `landblock_instance` (`guid`, `weenie_Class_Id`, `obj_Cell_Id`, `origin_X`, `origin_Y`, `origin_Z`, `angles_W`, `angles_X`, `angles_Y`, `angles_Z`, `is_Link_Child`, `last_Modified`)
VALUES (0x7A9B4019,   412, 0xA9B40155, 107.51, 31.515, 94, 0, 0, 0, -1, False, '2005-02-09 10:00:00'); /* Door(412/door-aluvian-house) */
/* @teleloc 0xA9B40155 [107.510002 31.514999 94.000000] 0.000000 0.000000 0.000000 -1.000000 */

INSERT INTO `landblock_instance` (`guid`, `weenie_Class_Id`, `obj_Cell_Id`, `origin_X`, `origin_Y`, `origin_Z`, `angles_W`, `angles_X`, `angles_Y`, `angles_Z`, `is_Link_Child`, `last_Modified`)
VALUES (0x7A9B401A,   412, 0xA9B40000, 97.49, 36, 94, 0.707107, 0, 0, -0.707107, False, '2005-02-09 10:00:00'); /* Door(412/door-aluvian-house) */
/* @teleloc 0xA9B40000 [97.489998 36.000000 94.000000] 0.707107 0.000000 0.000000 -0.707107 */

INSERT INTO `landblock_instance` (`guid`, `weenie_Class_Id`, `obj_Cell_Id`, `origin_X`, `origin_Y`, `origin_Z`, `angles_W`, `angles_X`, `angles_Y`, `angles_Z`, `is_Link_Child`, `last_Modified`)
VALUES (0x7A9B401B,   412, 0xA9B40000, 118.51, 36, 94, -0.707107, 0, 0, -0.707107, False, '2005-02-09 10:00:00'); /* Door(412/door-aluvian-house) */
/* @teleloc 0xA9B40000 [118.510002 36.000000 94.000000] -0.707107 0.000000 0.000000 -0.707107 */

INSERT INTO `landblock_instance` (`guid`, `weenie_Class_Id`, `obj_Cell_Id`, `origin_X`, `origin_Y`, `origin_Z`, `angles_W`, `angles_X`, `angles_Y`, `angles_Z`, `is_Link_Child`, `last_Modified`)
VALUES (0x7A9B401C,   412, 0xA9B40000, 107.51, 41.015, 97.5, 0, 0, 0, -1, False, '2005-02-09 10:00:00'); /* Door(412/door-aluvian-house) */
/* @teleloc 0xA9B40000 [107.510002 41.014999 97.500000] 0.000000 0.000000 0.000000 -1.000000 */

INSERT INTO `landblock_instance` (`guid`, `weenie_Class_Id`, `obj_Cell_Id`, `origin_X`, `origin_Y`, `origin_Z`, `angles_W`, `angles_X`, `angles_Y`, `angles_Z`, `is_Link_Child`, `last_Modified`)
VALUES (0x7A9B401D,   143, 0xA9B4016A, 75.8177, 38.3856, 94.0125, 0.927836, 0, 0, 0.372988, False, '2005-02-09 10:00:00'); /* Chest(143/chest) */
/* @teleloc 0xA9B4016A [75.817703 38.385601 94.012497] 0.927836 0.000000 0.000000 0.372988 */

INSERT INTO `landblock_instance` (`guid`, `weenie_Class_Id`, `obj_Cell_Id`, `origin_X`, `origin_Y`, `origin_Z`, `angles_W`, `angles_X`, `angles_Y`, `angles_Z`, `is_Link_Child`, `last_Modified`)
VALUES (0x7A9B401E,   412, 0xA9B40000, 75.7347, 33.7347, 94, 0.92388, 0, 0, -0.382683, False, '2005-02-09 10:00:00'); /* Door(412/door-aluvian-house) */
/* @teleloc 0xA9B40000 [75.734703 33.734699 94.000000] 0.923880 0.000000 0.000000 -0.382683 */

INSERT INTO `landblock_instance` (`guid`, `weenie_Class_Id`, `obj_Cell_Id`, `origin_X`, `origin_Y`, `origin_Z`, `angles_W`, `angles_X`, `angles_Y`, `angles_Z`, `is_Link_Child`, `last_Modified`)
VALUES (0x7A9B401F,   412, 0xA9B40000, 81.6744, 33.6286, 94, 0.923879, 0, 0, 0.382684, False, '2005-02-09 10:00:00'); /* Door(412/door-aluvian-house) */
/* @teleloc 0xA9B40000 [81.674400 33.628601 94.000000] 0.923879 0.000000 0.000000 0.382684 */

INSERT INTO `landblock_instance` (`guid`, `weenie_Class_Id`, `obj_Cell_Id`, `origin_X`, `origin_Y`, `origin_Z`, `angles_W`, `angles_X`, `angles_Y`, `angles_Z`, `is_Link_Child`, `last_Modified`)
VALUES (0x7A9B4020,   716, 0xA9B40117, 157.19, 135.298, 66.12, 0.972978, 0, 0, 0.230899, False, '2005-02-09 10:00:00'); /* Monyra the Jeweler(716/holtburgjeweler) - Level: 3 - Generates - Jerkin(124/jerkin) / Pants(127/pants) / Shoes(132/shoes) / Apron(10696/apron) / Trade Note (100)(2621/tradenote100) / Trade Note (500)(2622/tradenote500) / Trade Note (1,000)(2623/tradenote1000) / Trade Note (5,000)(2624/tradenote5000) / Trade Note (10,000)(2625/tradenote10000) / Trade Note (50,000)(2626/tradenote50000) / Trade Note (100,000)(2627/tradenote100000) / Trade Note (150,000)(20628/tradenote150000) / Trade Note (200,000)(20629/tradenote200000) / Trade Note (250,000)(20630/tradenote250000) / Portal Recall Gem(50000/gemportalrecall) / Primary Portal Recall Gem(50001/gemprimaryportalrecall) / Secondary Portal Recall Gem(50002/gemsecondaryportalrecall) / Lifestone Recall Gem(50007/gemlifestonerecall) / Primary Portal Summon Gem(50005/gemprimaryportalsummon) / Secondary Portal Summon Gem(50006/gemsecondaryportalsummon) / Primary Portal Tie Gem(50003/gemprimaryportaltie) / Secondary Portal Tie Gem(50004/gemsecondaryportaltie) / Lifestone Tie Gem(50008/gemlifestonetie) / Xarabydun Portal Gem(26639/gemportalxarabydun) / Al-Arqas Portal Gem(8973/gemportalalarqas) / Yaraq Portal Gem(8984/gemportalyaraq) / Samsur Portal Gem(8980/gemportalsamsur) / Yanshi Portal Gem(8983/gemportalyanshi) / Shoushi Portal Gem(8981/gemportalshoushi) / Nanto Portal Gem(8978/gemportalnanto) / Holtburg Portal Gem(8976/gemportalholtburg) / Lytelthorpe Portal Gem(8977/gemportallytelthorpe) / Rithwic Portal Gem(8979/gemportalrithwic) */
/* @teleloc 0xA9B40117 [157.190002 135.298004 66.120003] 0.972978 0.000000 0.000000 0.230899 */

INSERT INTO `landblock_instance` (`guid`, `weenie_Class_Id`, `obj_Cell_Id`, `origin_X`, `origin_Y`, `origin_Z`, `angles_W`, `angles_X`, `angles_Y`, `angles_Z`, `is_Link_Child`, `last_Modified`)
VALUES (0x7A9B4021,   718, 0xA9B40141, 139.234, 18.3293, 94.005, 0.987067, 0, 0, -0.160311, False, '2005-02-09 10:00:00'); /* Shopkeeper Renald the Elder(718/holtburgshopkeep) - Level: 5 - Generates - Shirt(130/shirt) / Breeches(117/breeches) / Leather Boots(115/bootsleather) / Apron(10696/apron) / Bundle of Arrowshafts(4585/arrowshaft) / Bundle of Quarrelshafts(5339/quarrelshaft) / Apple(258/apple) / Flour(4761/flour) / Water(4746/water) / Baking Pan(4754/bakingpan) / Whittling Knife(5778/whittlingknife) / Heavy Grinder(7823/heavygrinder) / Empty Flask(151/flask) / Parchment(365/parchment) / Torch(293/torch) / Plain Lockpick(513/lockpickplain) / Reliable Lockpick(545/lockpickreliable) / Intricate Carving Tool(9295/toolpyramidquest) / Ust(20646/tinkeringtool) / Tinkering(21093/booktinkering) / On the Abilities of Salvaged Ivory(23044/booktinkeringivory) / Carving Keys and Keyrings(23204/bookcarvingkeys) / Pack(136/backpack) / Spell Component Pouch(50009/componentpouch) / Magnifying Glass(50077/appraisaltool) / Salvage Barrel(50119/salvagebarrel) */
/* @teleloc 0xA9B40141 [139.233994 18.329300 94.004997] 0.987067 0.000000 0.000000 -0.160311 */

INSERT INTO `landblock_instance` (`guid`, `weenie_Class_Id`, `obj_Cell_Id`, `origin_X`, `origin_Y`, `origin_Z`, `angles_W`, `angles_X`, `angles_Y`, `angles_Z`, `is_Link_Child`, `last_Modified`)
VALUES (0x7A9B4022,   710, 0xA9B40155, 108.766, 34.9263, 94.08, 0.724172, 0, 0, -0.68962, False, '2005-02-09 10:00:00'); /* Barkeeper Wilomine(710/holtburgbarkeeper) - Level: 5 - Generates - Jerkin(124/jerkin) / Pants(127/pants) / Leather Boots(115/bootsleather) / Apron(10696/apron) / Stout(2471/stout) / Milk(2463/milk) / Cider(2453/cider) / Water(4746/water) / Red Wine(2467/redwine) / Beer Stein(8378/beerstein) / Cheese(261/cheese) / Chicken Pie(4716/chickenpie) / Pickled Egg(4739/pickledegg) / Cake(620/cake) / Directions to the Holtburg Redoubt (5028/directionsredoubt) / Directions to the Cave of Alabree (5029/directionsshrethlair) / Directions to the Drudge Hideout(1496/directionsdrudgecamp) / Holtburg Dungeon Directions(1221/directionsholtburgdungeon) / Edelbar Directions(1492/directionsbanderlingcamp) / Daiklos Legend(4211/directionsdaiklosdungeon) / Directions to Hunter's Leap(2055/directionshuntersleap) / The Obsidian Span(6420/rumorempbridge) / Dungeon Fern(22812/directionsdungeonfern) / The Rat Nest(22817/directionsratnest) / Golem Mound(22814/directionsgolemmound) / A Banderling Ruin(22811/directionsbanderlingruin) / Hilltop(22816/directionshilltopdrudgetower) / Glenden Wood Portal(22813/directionsglendenportalaltar) / Directions to the Hedged Platform(22815/directionshedgedplatform) / A Shivering Stone(6416/rumoratlancrag) / Strange Mountain Echoes(30763/rumorblindsnowman) / Rumor Color Codes(50054/rumorcolorcodes) */
/* @teleloc 0xA9B40155 [108.765999 34.926300 94.080002] 0.724172 0.000000 0.000000 -0.689620 */

INSERT INTO `landblock_instance` (`guid`, `weenie_Class_Id`, `obj_Cell_Id`, `origin_X`, `origin_Y`, `origin_Z`, `angles_W`, `angles_X`, `angles_Y`, `angles_Z`, `is_Link_Child`, `last_Modified`)
VALUES (0x7A9B4023,   717, 0xA9B4013F, 131.4, 12.24, 94.005, 1, 0, 0, 0, False, '2005-02-09 10:00:00'); /* Scribe Renald the Younger(717/holtburgscribe) - Level: 3 - Generates - Tunic(134/tunic) / Pants(127/pants) / Leather Boots(115/bootsleather) / Apron(10696/apron) / Book(364/book) / Parchment(365/parchment) / Tome(367/tome) / Puppet Show(9118/diarymartinerevenge1) / The Beginning(9124/diarymartinerevenge7) / The Weapons of the Singularity(27851/guidesingularity) / Mnemosynes and the Art of Lockpicking(9319/manualpyramidunlocking) / The Festival Stones of the Empyrean(5602/directionsfestivalstones) / The Meeting Halls(6419/directionsallegiancehall) / Aluvian Cookbook(5583/cookbookaluvian) / Specialty Cookbook(5856/cookbookspecialty) / Chocolate Cookbook(7884/cookbookchocolate) / Festival Cookbook(14797/cookbookfestival) / Alchemy Guide(5586/guidealchemy) / Fletching Guide(5587/guidefletching) / Combat Manual(50045/combatManual) */
/* @teleloc 0xA9B4013F [131.399994 12.240000 94.004997] 1.000000 0.000000 0.000000 0.000000 */

INSERT INTO `landblock_instance` (`guid`, `weenie_Class_Id`, `obj_Cell_Id`, `origin_X`, `origin_Y`, `origin_Z`, `angles_W`, `angles_X`, `angles_Y`, `angles_Z`, `is_Link_Child`, `last_Modified`)
VALUES (0x7A9B4024,   714, 0xA9B4016A, 78.9714, 38.5313, 94.005, 0.999925, 0, 0, 0.012217, False, '2005-02-09 10:00:00'); /* Fispur Ansel the Grocer(714/holtburggrocer) - Level: 3 - Generates - Shirt(130/shirt) / Pants(127/pants) / Shoes(132/shoes) / Cap(118/capcloth) / Apron(10696/apron) / Pack(136/backpack) / Bowl of Black-Eyed Peas(30734/blackeyedpeas) / Carving Knife(4757/carvingknife) / Spell Component Pouch(50009/componentpouch) / Simple Dried Rations(23327/rationsdriedsimple) / Elaborate Dried Rations(23326/rationsdriedelaborate) / Apple(258/apple) / Grapes(264/grapes) / Bunch of Nanners(22578/nannerbunch) / Carrot(5758/carrot) / Cabbage(260/cabbage) / Pumpkin(8232/pumpkin) / Brimstone-cap Mushroom(547/mushroom) / Water(4746/water) / Milk(2463/milk) / Egg(546/egg) / Flour(4761/flour) / Uncooked Rice(4768/uncookedrice) / Chicken(262/chicken) / Fish(263/fish) / Meat(265/meat) / Side of Beef(4753/beefside) / Rabbit Carcass(5633/rabbitcarcass) / Rennet(4766/rennet) / Brine(4755/brine) / Cinnamon Bark(5780/cinnamonbark) / Honey(4763/honey) / Oregano(5803/oregano) / Hot Pepper(5794/hotpepper) / Nutmeg(14795/nutmeg) / Ginger(14789/ginger) / Brown Beans(7825/cacaobeans) / Peppermint Stick(13222/peppermintstick) / Salvage Barrel(50119/salvagebarrel) */
/* @teleloc 0xA9B4016A [78.971397 38.531300 94.004997] 0.999925 0.000000 0.000000 0.012217 */

INSERT INTO `landblock_instance` (`guid`, `weenie_Class_Id`, `obj_Cell_Id`, `origin_X`, `origin_Y`, `origin_Z`, `angles_W`, `angles_X`, `angles_Y`, `angles_Z`, `is_Link_Child`, `last_Modified`)
VALUES (0x7A9B4025,   719, 0xA9B4012A, 56.52, 132, 66.12, -0.999994, 0, 0, 0.003492, False, '2005-02-09 10:00:00'); /* Ecutha the Tailor(719/holtburgtailor) - Level: 4 - Generates - Shirt(130/shirt) / Pants(127/pants) / Leather Boots(115/bootsleather) / Cowl(119/cowlcloth) / Apron(10696/apron) / Trousers(2599/trousers) / Trousers(2599/trousers) / Trousers(2599/trousers) / Tunic(2595/tunicbaggy) / Tunic(2595/tunicbaggy) / Tunic(2595/tunicbaggy) / Cowl(119/cowlcloth) / Cowl(119/cowlcloth) / Cowl(119/cowlcloth) / Shoes(132/shoes) / Shoes(132/shoes) / Shoes(132/shoes) / Faran Robe with Hood(5851/robealuvianhood) / Kireth Gown with Band(8371/dressaluvian) */
/* @teleloc 0xA9B4012A [56.520000 132.000000 66.120003] -0.999994 0.000000 0.000000 0.003492 */

INSERT INTO `landblock_instance` (`guid`, `weenie_Class_Id`, `obj_Cell_Id`, `origin_X`, `origin_Y`, `origin_Z`, `angles_W`, `angles_X`, `angles_Y`, `angles_Z`, `is_Link_Child`, `last_Modified`)
VALUES (0x7A9B4026,   712, 0xA9B40100, 87.48, 131.04, 66.005, 0.920164, 0, 0, 0.391534, False, '2005-02-09 10:00:00'); /* Sedor Wystan the Blacksmith(712/holtburgblacksmith) - Level: 7 - Generates - Hand Axe(303/axehand) / Jerkin(124/jerkin) / Breeches(117/breeches) / Shoes(132/shoes) / Apron(10696/apron) / Left-hand Tether(45683/ace45683-lefthandtether) / Left-hand Tether Remover(45684/ace45684-lefthandtetherremover) / Trade Note (100)(2621/tradenote100) / Trade Note (500)(2622/tradenote500) / Trade Note (1,000)(2623/tradenote1000) / Trade Note (5,000)(2624/tradenote5000) / Trade Note (10,000)(2625/tradenote10000) / Trade Note (50,000)(2626/tradenote50000) / Trade Note (100,000)(2627/tradenote100000) / Trade Note (150,000)(20628/tradenote150000) / Trade Note (200,000)(20629/tradenote200000) / Trade Note (250,000)(20630/tradenote250000) / Combat Tactic: Taunt(50046/combattactictaunt) / Combat Tactic: Sneaking(50078/combattacticsneaking) / Combat Technique: Reckless(50047/combattechniquereckless) / Combat Technique: Defensive(50048/combattechniquedefensive) / Combat Technique: Opportunist(50049/combattechniqueopportunist) / Combat Technique: Riposte(50050/combattechniqueriposte) / Combat Technique: Power Shot(50111/combattechniquepowershot) */
/* @teleloc 0xA9B40100 [87.480003 131.039993 66.004997] 0.920164 0.000000 0.000000 0.391534 */

INSERT INTO `landblock_instance` (`guid`, `weenie_Class_Id`, `obj_Cell_Id`, `origin_X`, `origin_Y`, `origin_Z`, `angles_W`, `angles_X`, `angles_Y`, `angles_Z`, `is_Link_Child`, `last_Modified`)
VALUES (0x7A9B4027,   715, 0xA9B40111, 30.0196, 159.683, 66.005, 0.997503, 0, 0, 0.070627, False, '2005-02-09 10:00:00'); /* Thelnoth Cort the Healer(715/holtburghealer) - Level: 8 - Generates - Tunic(134/tunic) / Breeches(117/breeches) / Shoes(132/shoes) / Cap(118/capcloth) / Apron(10696/apron) / Health Draught(2457/healthdraught) / Health Potion(377/healthpotion) / Mana Draught(2460/manadraught) / Mana Potion(379/manapotion) / Stamina Draught(5634/staminadraught) / Stamina Potion(378/staminapotion) / Handy Healing Kit(628/healingkitcrude) / Adept Healing Kit(629/healingkitplain) / Trade Note (100)(2621/tradenote100) / Trade Note (500)(2622/tradenote500) / Trade Note (1,000)(2623/tradenote1000) / Trade Note (5,000)(2624/tradenote5000) / Trade Note (10,000)(2625/tradenote10000) / Trade Note (50,000)(2626/tradenote50000) / Trade Note (100,000)(2627/tradenote100000) / Trade Note (150,000)(20628/tradenote150000) / Trade Note (200,000)(20629/tradenote200000) / Trade Note (250,000)(20630/tradenote250000) / Heal Other III(4588/servicehealother3) / Revitalize Other III(4591/servicerevitalizeother3) / Mana Boost Other III(4594/servicemanaboost3) / Regeneration Other III(50051/serviceregenerateother3) / Rejuvenation Other III(50052/servicerejuvenationother3) / Mana Renewal Other III(50053/servicemanarenewal3) / Cleanse All Magic Other(8182/servicedispelother3) / Nullify All Magic Other(8185/servicedispelother6) */
/* @teleloc 0xA9B40111 [30.019600 159.682999 66.004997] 0.997503 0.000000 0.000000 0.070627 */

INSERT INTO `landblock_instance` (`guid`, `weenie_Class_Id`, `obj_Cell_Id`, `origin_X`, `origin_Y`, `origin_Z`, `angles_W`, `angles_X`, `angles_Y`, `angles_Z`, `is_Link_Child`, `last_Modified`)
VALUES (0x7A9B4028,   713, 0xA9B40121, 100.56, 135.6, 66.12, 0.746783, 0, 0, -0.665067, False, '2005-02-09 10:00:00'); /* Sontella Dagroff the Bowyer(713/holtburgbowyer) - Level: 7 - Generates - Shortbow(307/bowshort) / Tunic(134/tunic) / Pants(127/pants) / Shoes(132/shoes) / Apron(10696/apron) / Arrow(300/arrow) / Quarrel(305/bolt) / Atlatl Dart(12464/atlatldart) / Bundle of Atlatl Dart Shafts(15296/atlatldartshaft) / Wrapped Bundle of Atlatl Dartshafts(15298/wrappedatlatldartshaft) / Bundle of Arrowheads(4586/arrowhead) / Bundle of Arrowshafts(4585/arrowshaft) / Bundle of Quarrelshafts(5339/quarrelshaft) / Bundle of Blunt Arrowheads(5344/arrowheadblunt) / Bundle of Broad Arrowheads(5345/arrowheadbroad) / Wrapped Bundle of Quarrelshafts(9378/wrappedquarrelshaft) / Wrapped Bundle of Arrowshafts(9377/wrappedarrowshaft) / Wrapped Bundle of Arrowheads(9359/wrappedarrowhead) / Wrapped Bundle of Blunt Arrowheads(9362/wrappedarrowheadblunt) / Wrapped Bundle of Broad Arrowheads(9363/wrappedarrowheadbroad) / Throwing Dart(316/dart) / Throwing Dagger(315/daggerthrowing) / Javelin(320/javelin) / Throwing Axe(304/axethrowing) / Throwing Club(310/clubthrowing) / Djarid(317/djarid) / Shouken(343/shuriken) / Trade Note (100)(2621/tradenote100) / Trade Note (500)(2622/tradenote500) / Trade Note (1,000)(2623/tradenote1000) / Trade Note (5,000)(2624/tradenote5000) / Trade Note (10,000)(2625/tradenote10000) / Trade Note (50,000)(2626/tradenote50000) / Trade Note (100,000)(2627/tradenote100000) / Trade Note (150,000)(20628/tradenote150000) / Trade Note (200,000)(20629/tradenote200000) / Trade Note (250,000)(20630/tradenote250000) */
/* @teleloc 0xA9B40121 [100.559998 135.600006 66.120003] 0.746783 0.000000 0.000000 -0.665067 */

INSERT INTO `landblock_instance` (`guid`, `weenie_Class_Id`, `obj_Cell_Id`, `origin_X`, `origin_Y`, `origin_Z`, `angles_W`, `angles_X`, `angles_Y`, `angles_Z`, `is_Link_Child`, `last_Modified`)
VALUES (0x7A9B4029,   704, 0xA9B40000, 111.294, 131.409, 66.12, 0.713862, 0, 0, 0.700287, False, '2005-02-09 10:00:00'); /* The Taut String(704/holtburgbowyersign) */
/* @teleloc 0xA9B40000 [111.293999 131.408997 66.120003] 0.713862 0.000000 0.000000 0.700287 */

INSERT INTO `landblock_instance` (`guid`, `weenie_Class_Id`, `obj_Cell_Id`, `origin_X`, `origin_Y`, `origin_Z`, `angles_W`, `angles_X`, `angles_Y`, `angles_Z`, `is_Link_Child`, `last_Modified`)
VALUES (0x7A9B402A,   709, 0xA9B40000, 55.7352, 140.704, 66.12, 0.000873, 0, 0, 1, False, '2005-02-09 10:00:00'); /* Ecutha's Raiments(709/holtburgtailorsign) */
/* @teleloc 0xA9B40000 [55.735199 140.703995 66.120003] 0.000873 0.000000 0.000000 1.000000 */

INSERT INTO `landblock_instance` (`guid`, `weenie_Class_Id`, `obj_Cell_Id`, `origin_X`, `origin_Y`, `origin_Z`, `angles_W`, `angles_X`, `angles_Y`, `angles_Z`, `is_Link_Child`, `last_Modified`)
VALUES (0x7A9B402B,   705, 0xA9B40000, 83.0935, 34.4459, 94.08, 0.926529, 0, 0, 0.376224, False, '2005-02-09 10:00:00'); /* Fispur's Foodstuffs(705/holtburggrocersign) */
/* @teleloc 0xA9B40000 [83.093498 34.445900 94.080002] 0.926529 0.000000 0.000000 0.376224 */

INSERT INTO `landblock_instance` (`guid`, `weenie_Class_Id`, `obj_Cell_Id`, `origin_X`, `origin_Y`, `origin_Z`, `angles_W`, `angles_X`, `angles_Y`, `angles_Z`, `is_Link_Child`, `last_Modified`)
VALUES (0x7A9B402C,   706, 0xA9B40000, 36.5961, 157.826, 66.12, 0.920845, 0, 0, 0.389928, False, '2005-02-09 10:00:00'); /* Thelnoth's Remedies(706/holtburghealersign) */
/* @teleloc 0xA9B40000 [36.596100 157.826004 66.120003] 0.920845 0.000000 0.000000 0.389928 */

INSERT INTO `landblock_instance` (`guid`, `weenie_Class_Id`, `obj_Cell_Id`, `origin_X`, `origin_Y`, `origin_Z`, `angles_W`, `angles_X`, `angles_Y`, `angles_Z`, `is_Link_Child`, `last_Modified`)
VALUES (0x7A9B402D,   708, 0xA9B40000, 119.146, 37.3987, 94.08, 0.709571, 0, 0, 0.704634, False, '2005-02-09 10:00:00'); /* Helm and Shield(708/holtburgpubsign) */
/* @teleloc 0xA9B40000 [119.146004 37.398701 94.080002] 0.709571 0.000000 0.000000 0.704634 */

INSERT INTO `landblock_instance` (`guid`, `weenie_Class_Id`, `obj_Cell_Id`, `origin_X`, `origin_Y`, `origin_Z`, `angles_W`, `angles_X`, `angles_Y`, `angles_Z`, `is_Link_Child`, `last_Modified`)
VALUES (0x7A9B402E,   707, 0xA9B40000, 145.9, 132.545, 66.12, 0.896003, 0, 0, -0.444049, False, '2005-02-09 10:00:00'); /* Monyra's Jewels(707/holtburgjewelersign) */
/* @teleloc 0xA9B40000 [145.899994 132.544998 66.120003] 0.896003 0.000000 0.000000 -0.444049 */

INSERT INTO `landblock_instance` (`guid`, `weenie_Class_Id`, `obj_Cell_Id`, `origin_X`, `origin_Y`, `origin_Z`, `angles_W`, `angles_X`, `angles_Y`, `angles_Z`, `is_Link_Child`, `last_Modified`)
VALUES (0x7A9B402F,   385, 0xA9B40000, 111.6, 158.04, 66, 1, 0, 0, 0, False, '2005-02-09 10:00:00'); /* Cow Generator(385/cow-generator) - Generates - Cow(14/cow) - Level: 2 */
/* @teleloc 0xA9B40000 [111.599998 158.039993 66.000000] 1.000000 0.000000 0.000000 0.000000 */

INSERT INTO `landblock_instance` (`guid`, `weenie_Class_Id`, `obj_Cell_Id`, `origin_X`, `origin_Y`, `origin_Z`, `angles_W`, `angles_X`, `angles_Y`, `angles_Z`, `is_Link_Child`, `last_Modified`)
VALUES (0x7A9B4032,  5033, 0xA9B40169, 103.072, 45.6977, 94.005, 0.196955, 0, 0, -0.980413,  True, '2005-02-09 10:00:00'); /* Flinrala Ryndmad(5033/holtburgflinrala) - Level: 5 - Generates - Society Explorer Hat(12309/hatexplorersociety) / Explorer Society Robe(12310/robeexplorersociety) */
/* @teleloc 0xA9B40169 [103.071999 45.697701 94.004997] 0.196955 0.000000 0.000000 -0.980413 */

INSERT INTO `landblock_instance` (`guid`, `weenie_Class_Id`, `obj_Cell_Id`, `origin_X`, `origin_Y`, `origin_Z`, `angles_W`, `angles_X`, `angles_Y`, `angles_Z`, `is_Link_Child`, `last_Modified`)
VALUES (0x7A9B4033,  2304, 0xA9B4011B, 152.347, 132.546, 69.005, -0.375336, 0, 0, -0.926889, False, '2005-02-09 10:00:00'); /* Archmage Cindrue(2304/holtburgarchmage) - Level: 7 - Generates - Tunic(134/tunic) / Pants(127/pants) / Shoes(132/shoes) / Apron(10696/apron) / Lead Scarab(691/scarablead) / Iron Scarab(689/scarabiron) / Copper Scarab(686/scarabcopper) / Silver Scarab(688/scarabsilver) / Amaranth(765/amaranth) / Bistort(766/bistort) / Comfrey(767/comfrey) / Damiana(768/damiana) / Dragonsblood(769/dragonsblood) / Eyebright(770/eyebright) / Frankincense(771/frankincense) / Ginseng(625/ginseng) / Hawthorn(772/hawthorn) / Henbane(773/henbane) / Hyssop(774/hyssop) / Mandrake(775/mandrake) / Mugwort(776/mugwort) / Myrrh(777/myrrh) / Saffron(778/saffron) / Vervain(779/vervain) / Wormwood(780/wormwood) / Yarrow(781/yarrow) / Powdered Agate(782/agate) / Powdered Amber(783/amber) / Powdered Azurite(784/azurite) / Powdered Bloodstone(785/bloodstone) / Powdered Carnelian(786/carnelian) / Powdered Hematite(626/hematite) / Powdered Lapis Lazuli(787/lapislazul) / Powdered Malachite(788/malachite) / Powdered Moonstone(789/moonstone) / Powdered Onyx(790/onyx) / Powdered Quartz(791/quartz) / Powdered Turquoise(792/turquoise) / Brimstone(753/alchembrimstone) / Cadmia(754/alchemcadmia) / Cinnabar(755/alchemcinnabar) / Cobalt(756/alchemcobalt) / Colcothar(757/alchemcolcothar) / Gypsum(758/alchemgypsum) / Quicksilver(759/alchemquicksilver) / Realgar(760/alchemrealgar) / Stibnite(761/alchemstibnite) / Turpeth(762/alchemturpeth) / Verdigris(763/alchemverdigris) / Vitriol(764/alchemvitriol) / Poplar Talisman(749/poplartalisman) / Blackthorn Talisman(742/blackthorntalisman) / Yew Talisman(752/yewtalisman) / Hemlock Talisman(747/hemlocktalisman) / Alder Talisman(627/aldertalisman) / Ebony Talisman(744/ebonytalisman) / Birch Talisman(741/birchtalisman) / Ashwood Talisman(740/ashwoodtalisman) / Elder Talisman(745/eldertalisman) / Rowan Talisman(750/rowantalisman) / Willow Talisman(751/willowtalisman) / Cedar Talisman(743/cedartalisman) / Oak Talisman(748/oaktalisman) / Hazel Talisman(746/hazeltalisman) / Red Taper(1650/taperred) / Pink Taper(1649/taperpink) / Orange Taper(1648/taperorange) / Yellow Taper(1653/taperyellow) / Green Taper(1645/tapergreen) / Turquoise Taper(1654/taperturquoise) / Blue Taper(1643/taperblue) / Indigo Taper(1647/taperindigo) / Violet Taper(1651/taperviolet) / Brown Taper(1644/taperbrown) / White Taper(1652/taperwhite) / Grey Taper(1646/tapergrey) / Minor Mana Stone(27331/manastoneminor) / Lesser Mana Stone(2434/manastonelesser) / Tiny Mana Charge(4612/manastonetiny) / Small Mana Charge(4613/manastonesmall) / Moderate Mana Charge(4614/manastonemoderate) / High Mana Charge(4615/manastonehigh) / Faran Life Apprentice Robe(6068/robesucklifealuvian) / Faran War Apprentice Robe(6071/robesuckwaraluvian) / Mortar and Pestle(4751/mortarandpestle) / Wand(5539/wandaluvian) / Trade Note (100)(2621/tradenote100) / Trade Note (500)(2622/tradenote500) / Trade Note (1,000)(2623/tradenote1000) / Trade Note (5,000)(2624/tradenote5000) / Trade Note (10,000)(2625/tradenote10000) / Trade Note (50,000)(2626/tradenote50000) / Trade Note (100,000)(2627/tradenote100000) / Trade Note (150,000)(20628/tradenote150000) / Trade Note (200,000)(20629/tradenote200000) / Trade Note (250,000)(20630/tradenote250000) / Strength Other III(30664/servicestrengthother3) / Endurance Other III(30670/serviceenduranceother3) / Coordination Other III(30668/servicecoordinationother3) / Quickness Other III(30674/servicequicknessother3) / Focus Other III(30672/servicefocusother3) / Willpower Other III(30666/servicewillpowerother3) / Ley Line Amulet: War Magic(50056/leylineamuletwar) / Ley Line Amulet: Life Magic(50057/leylineamuletlife) / Alembic(4747/alembic) / Aqua Incanta(4748/aquaincanta) / Neutral Balm(5338/neutralbalm) / Spell Conduit I(50104/spellconduit1) - Level: 1 / Spell Conduit II(50105/spellconduit2) - Level: 2 / Spell Conduit III(50106/spellconduit3) - Level: 3 / Spell Conduit IV(50107/spellconduit4) - Level: 4 / Spell Extraction Scroll I(50123/spellextractionscroll1) - Level: 1 / Spell Extraction Scroll II(50124/spellextractionscroll2) - Level: 2 / Spell Extraction Scroll III(50125/spellextractionscroll3) - Level: 3 / Spell Extraction Scroll IV(50126/spellextractionscroll4) - Level: 4 */
/* @teleloc 0xA9B4011B [152.347000 132.546005 69.004997] -0.375336 0.000000 0.000000 -0.926889 */

INSERT INTO `landblock_instance` (`guid`, `weenie_Class_Id`, `obj_Cell_Id`, `origin_X`, `origin_Y`, `origin_Z`, `angles_W`, `angles_X`, `angles_Y`, `angles_Z`, `is_Link_Child`, `last_Modified`)
VALUES (0x7A9B4034,  4769, 0xA9B40000, 87.2695, 156.115, 66.005, -0.402981, 0, 0, 0.915208, False, '2005-02-09 10:00:00'); /* Collector Aluvian Gen(4769/collectoraluviangen) - Generates - Collector(3917/collectoraluvian) - Level: 5 */
/* @teleloc 0xA9B40000 [87.269501 156.115005 66.004997] -0.402981 0.000000 0.000000 0.915208 */

INSERT INTO `landblock_instance` (`guid`, `weenie_Class_Id`, `obj_Cell_Id`, `origin_X`, `origin_Y`, `origin_Z`, `angles_W`, `angles_X`, `angles_Y`, `angles_Z`, `is_Link_Child`, `last_Modified`)
VALUES (0x7A9B4035,   921, 0xA9B40000, 94.597, 156.033, 66.005, 1, 0, 0, 0, False, '2005-02-09 10:00:00'); /* Holtburg(921/holtburgsign) - Generates - Town Crier(5773/towncrieraluvianmale) - Level: 15 */
/* @teleloc 0xA9B40000 [94.597000 156.033005 66.004997] 1.000000 0.000000 0.000000 0.000000 */

INSERT INTO `landblock_instance` (`guid`, `weenie_Class_Id`, `obj_Cell_Id`, `origin_X`, `origin_Y`, `origin_Z`, `angles_W`, `angles_X`, `angles_Y`, `angles_Z`, `is_Link_Child`, `last_Modified`)
VALUES (0x7A9B4036,   174, 0xA9B40000, 90.12, 157.8, 66, 1, 0, 0, 0, False, '2005-02-09 10:00:00'); /* Well(174/well) */
/* @teleloc 0xA9B40000 [90.120003 157.800003 66.000000] 1.000000 0.000000 0.000000 0.000000 */

INSERT INTO `landblock_instance` (`guid`, `weenie_Class_Id`, `obj_Cell_Id`, `origin_X`, `origin_Y`, `origin_Z`, `angles_W`, `angles_X`, `angles_Y`, `angles_Z`, `is_Link_Child`, `last_Modified`)
VALUES (0x7A9B4037,  8377, 0xA9B4015C, 109.733, 32.9863, 95.0349, -0.713101, 0, 0, -0.701061, False, '2005-02-09 10:00:00'); /* Beer Keg(8377/beerkeg) */
/* @teleloc 0xA9B4015C [109.733002 32.986301 95.034897] -0.713101 0.000000 0.000000 -0.701061 */

INSERT INTO `landblock_instance` (`guid`, `weenie_Class_Id`, `obj_Cell_Id`, `origin_X`, `origin_Y`, `origin_Z`, `angles_W`, `angles_X`, `angles_Y`, `angles_Z`, `is_Link_Child`, `last_Modified`)
VALUES (0x7A9B4039,  7923, 0xA9B40032, 151.211, 37.6829, 94, -0.413369, 0, 0, -0.910564, False, '2005-02-09 10:00:00'); /* Linkable Monster Generator ( 3 Min.)(7923/linkmonstergen3minutes) - Generates - Place Holder Object(3666/placeholder) */
/* @teleloc 0xA9B40032 [151.210999 37.682899 94.000000] -0.413369 0.000000 0.000000 -0.910564 */

INSERT INTO `landblock_instance` (`guid`, `weenie_Class_Id`, `obj_Cell_Id`, `origin_X`, `origin_Y`, `origin_Z`, `angles_W`, `angles_X`, `angles_Y`, `angles_Z`, `is_Link_Child`, `last_Modified`)
VALUES (0x7A9B403C,  7923, 0xA9B40000, 60.9059, 153.535, 66.005, -0.981916, 0, 0, 0.189318, False, '2005-02-09 10:00:00'); /* Linkable Monster Generator ( 3 Min.)(7923/linkmonstergen3minutes) - Generates - Place Holder Object(3666/placeholder) */
/* @teleloc 0xA9B40000 [60.905899 153.535004 66.004997] -0.981916 0.000000 0.000000 0.189318 */

INSERT INTO `landblock_instance` (`guid`, `weenie_Class_Id`, `obj_Cell_Id`, `origin_X`, `origin_Y`, `origin_Z`, `angles_W`, `angles_X`, `angles_Y`, `angles_Z`, `is_Link_Child`, `last_Modified`)
VALUES (0x7A9B4041, 14930, 0xA9B40032, 157.187, 34.467, 96.005, -0.573773, 0, 0, -0.819014, False, '2005-02-09 10:00:00'); /* Wedding Planner(14930/plannerwedding) - Level: 9 - Generates - Wedding Raiment(15714/rainmentwedding2) / Wedding Handbook(14931/bookwedding) / Invitation Wedding Hall(14913/gemportalwedding1) / Invitation Plateau(14914/gemportalwedding2) / Invitation Ithanc Cathedral(14915/gemportalwedding3) / Elegant Flower Bouquet(14917/bouquetlarge) / Simple Flower Bouquet(14916/bouquetsmall) / Wedding Cake Figures(14897/cakeweddingfigures) / Wedding Cake Knife(14898/knifecakewedding) / Bottle of Champagne(14912/champagne) / Wedding Gown(14905/gownwedding) / Wedding Cyclas(14904/cyclaswedding) / Wedding Raiment(14906/rainmentwedding) / Wedding Raiment(14906/rainmentwedding) / Wedding Raiment(14906/rainmentwedding) / Wedding Raiment(15714/rainmentwedding2) / Wedding Raiment(14906/rainmentwedding) / Wedding Raiment(14906/rainmentwedding) / Wedding Raiment(14906/rainmentwedding) / Wedding Raiment(14906/rainmentwedding) / Wedding Raiment(14906/rainmentwedding) / Wedding Raiment(14906/rainmentwedding) / Wedding Raiment(14906/rainmentwedding) / Wedding Raiment(14906/rainmentwedding) / Wedding Raiment(15714/rainmentwedding2) / Wedding Raiment(15714/rainmentwedding2) / Wedding Raiment(15714/rainmentwedding2) / Wedding Raiment(15714/rainmentwedding2) / Wedding Raiment(15714/rainmentwedding2) / Wedding Raiment(15714/rainmentwedding2) / Wedding Raiment(15714/rainmentwedding2) / Wedding Raiment(15714/rainmentwedding2) / Wedding Raiment(15714/rainmentwedding2) / Wedding Raiment(15714/rainmentwedding2) / Wedding Raiment(15714/rainmentwedding2) / Wedding Raiment(15714/rainmentwedding2) */
/* @teleloc 0xA9B40032 [157.186996 34.466999 96.004997] -0.573773 0.000000 0.000000 -0.819014 */

INSERT INTO `landblock_instance` (`guid`, `weenie_Class_Id`, `obj_Cell_Id`, `origin_X`, `origin_Y`, `origin_Z`, `angles_W`, `angles_X`, `angles_Y`, `angles_Z`, `is_Link_Child`, `last_Modified`)
VALUES (0x7A9B4047, 19457, 0xA9B40000, 65.366, 156.432, 73, 0.017051, 0, 0, -0.999855, False, '2005-02-09 10:00:00'); /* Fireworks Generator(19457/fireworksgen) - Generates - Anniversary Effect(8359/anniversaryeffect) */
/* @teleloc 0xA9B40000 [65.365997 156.432007 73.000000] 0.017051 0.000000 0.000000 -0.999855 */

INSERT INTO `landblock_instance` (`guid`, `weenie_Class_Id`, `obj_Cell_Id`, `origin_X`, `origin_Y`, `origin_Z`, `angles_W`, `angles_X`, `angles_Y`, `angles_Z`, `is_Link_Child`, `last_Modified`)
VALUES (0x7A9B404D, 23631, 0xA9B40000, 90.708, 89.886, 173.259, -0.089292, 0, 0, -0.996006, False, '2005-02-09 10:00:00'); /* April 2003 Raining Mad Cows Gen(23631/eventmadcowgen) - Generates - Mad Cow(23623/cowmad) - Level: 7 / Mad Cow(23623/cowmad) - Level: 7 / Mad Cow(23623/cowmad) - Level: 7 / Mad Cow(23623/cowmad) - Level: 7 / Mad Cow(23623/cowmad) - Level: 7 / Mad Cow(23623/cowmad) - Level: 7 / Mad Cow(23623/cowmad) - Level: 7 / Mad Cow(23623/cowmad) - Level: 7 / Mad Cow(23623/cowmad) - Level: 7 / Mad Cow(23623/cowmad) - Level: 7 */
/* @teleloc 0xA9B40000 [90.708000 89.886002 173.259003] -0.089292 0.000000 0.000000 -0.996006 */

INSERT INTO `landblock_instance` (`guid`, `weenie_Class_Id`, `obj_Cell_Id`, `origin_X`, `origin_Y`, `origin_Z`, `angles_W`, `angles_X`, `angles_Y`, `angles_Z`, `is_Link_Child`, `last_Modified`)
VALUES (0x7A9B404E,  9423, 0xA9B40000, 124.794, 31.5153, 94.01, -0.090662, 0, 0, -0.995882, False, '2005-02-09 10:00:00'); /* Novedion the Gem Seller(9423/rithwiclugiangemseller) - Level: 42 - Generates - Armor Diamond(9426/gemlugianarmor3) / Sharp Topaz(9432/gemlugianslash3) / Thorned Garnet(9431/gemlugianpierce3) / Force Opal(9427/gemlugianbludgeon3) / Fire Ruby(9429/gemlugianfire3) / Cold Moonstone(9428/gemlugiancold3) / Acid Emerald(9425/gemlugianacid3) / Lightning Sapphire(9430/gemlugianlightning3) / Benevolent Calm(9475/infusionheartmind) */
/* @teleloc 0xA9B40000 [124.793999 31.515301 94.010002] -0.090662 0.000000 0.000000 -0.995882 */

INSERT INTO `landblock_instance` (`guid`, `weenie_Class_Id`, `obj_Cell_Id`, `origin_X`, `origin_Y`, `origin_Z`, `angles_W`, `angles_X`, `angles_Y`, `angles_Z`, `is_Link_Child`, `last_Modified`)
VALUES (0x7A9B404F,   509, 0xA9B40000, 81.3304, 11.7974, 94.005, 0.839091, 0, 0, -0.543991, False, '2005-02-09 10:00:00'); /* Life Stone(509/lifestone) */
/* @teleloc 0xA9B40000 [81.330399 11.797400 94.004997] 0.839091 0.000000 0.000000 -0.543991 */

INSERT INTO `landblock_instance` (`guid`, `weenie_Class_Id`, `obj_Cell_Id`, `origin_X`, `origin_Y`, `origin_Z`, `angles_W`, `angles_X`, `angles_Y`, `angles_Z`, `is_Link_Child`, `last_Modified`)
VALUES (0x7A9B4050, 27547, 0xA9B40000, 144.989, 41.5477, 94.005, -0.419254, 0, 0, 0.907869, False, '2005-02-09 10:00:00'); /* Bind Stone(27547/bindstone) */
/* @teleloc 0xA9B40000 [144.988998 41.547699 94.004997] -0.419254 0.000000 0.000000 0.907869 */

INSERT INTO `landblock_instance` (`guid`, `weenie_Class_Id`, `obj_Cell_Id`, `origin_X`, `origin_Y`, `origin_Z`, `angles_W`, `angles_X`, `angles_Y`, `angles_Z`, `is_Link_Child`, `last_Modified`)
VALUES (0x7A9B4051,  6096, 0xA9B4017A, 159.225, 39.0226, 96.005, 0.941122, 0, 0, -0.338067, False, '2005-02-09 10:00:00'); /* Holtburg Meeting Hall Portal(6096/portalallegiancehallholtburg) */
/* @teleloc 0xA9B4017A [159.225006 39.022598 96.004997] 0.941122 0.000000 0.000000 -0.338067 */

INSERT INTO `landblock_instance` (`guid`, `weenie_Class_Id`, `obj_Cell_Id`, `origin_X`, `origin_Y`, `origin_Z`, `angles_W`, `angles_X`, `angles_Y`, `angles_Z`, `is_Link_Child`, `last_Modified`)
VALUES (0x7A9B4052,  7923, 0xA9B40000, 91.8298, 23.3139, 94.005, -0.361835, 0, 0, -0.932242, False, '2005-02-09 10:00:00'); /* Linkable Monster Generator ( 3 Min.)(7923/linkmonstergen3minutes) - Generates - Place Holder Object(3666/placeholder) */
/* @teleloc 0xA9B40000 [91.829803 23.313900 94.004997] -0.361835 0.000000 0.000000 -0.932242 */

INSERT INTO `landblock_instance_link` (`parent_GUID`, `child_GUID`, `last_Modified`)
VALUES (0x7A9B4052, 0x7A9B4032, '2005-02-09 10:00:00')/* Flinrala Ryndmad (5033/holtburgflinrala) - Level: 5 - Generates - Society Explorer Hat(12309/hatexplorersociety) / Explorer Society Robe(12310/robeexplorersociety) */
     , (0x7A9B4052, 0x7A9B4053, '2005-02-09 10:00:00')/* Apprentice Alchemist (27740/collectoralchemyalunewbie) - Level: 5 - Generates - Shirt(130/shirt) / Pants(127/pants) / Boots(2606/boots) */
     , (0x7A9B4052, 0x7A9B405C, '2005-02-09 10:00:00')/* Worcer (5035/holtburgworcer) - Level: 5 - Generates - Shirt(130/shirt) / Breeches(2604/breecheswide) / Shoes(132/shoes) */
     , (0x7A9B4052, 0x7A9B405E, '2005-02-09 10:00:00')/* Alfrin (30479/holtburgalfrin) - Level: 10 - Generates - Shirt(2590/shirtbaggy) / Breeches(2604/breecheswide) / Leather Boots(115/bootsleather) */;

INSERT INTO `landblock_instance` (`guid`, `weenie_Class_Id`, `obj_Cell_Id`, `origin_X`, `origin_Y`, `origin_Z`, `angles_W`, `angles_X`, `angles_Y`, `angles_Z`, `is_Link_Child`, `last_Modified`)
VALUES (0x7A9B4053, 27740, 0xA9B4014D, 139.637, 8.1292, 97.005, -0.850506, 0, 0, -0.525965,  True, '2005-02-09 10:00:00'); /* Apprentice Alchemist(27740/collectoralchemyalunewbie) - Level: 5 - Generates - Shirt(130/shirt) / Pants(127/pants) / Boots(2606/boots) */
/* @teleloc 0xA9B4014D [139.636993 8.129200 97.004997] -0.850506 0.000000 0.000000 -0.525965 */

INSERT INTO `landblock_instance` (`guid`, `weenie_Class_Id`, `obj_Cell_Id`, `origin_X`, `origin_Y`, `origin_Z`, `angles_W`, `angles_X`, `angles_Y`, `angles_Z`, `is_Link_Child`, `last_Modified`)
VALUES (0x7A9B405B, 11960, 0xA9B40000, 27.325, 137.487, 66.5, -0.793566, 0, 0, -0.608485, False, '2005-02-09 10:00:00'); /* Portal to Redspire(11960/portalredspire-xp) */
/* @teleloc 0xA9B40000 [27.325001 137.487000 66.500000] -0.793566 0.000000 0.000000 -0.608485 */

INSERT INTO `landblock_instance` (`guid`, `weenie_Class_Id`, `obj_Cell_Id`, `origin_X`, `origin_Y`, `origin_Z`, `angles_W`, `angles_X`, `angles_Y`, `angles_Z`, `is_Link_Child`, `last_Modified`)
VALUES (0x7A9B405C,  5035, 0xA9B40169, 107.673, 46.0672, 94.005, 0.049673, 0, 0, 0.998766,  True, '2005-02-09 10:00:00'); /* Worcer(5035/holtburgworcer) - Level: 5 - Generates - Shirt(130/shirt) / Breeches(2604/breecheswide) / Shoes(132/shoes) */
/* @teleloc 0xA9B40169 [107.672997 46.067200 94.004997] 0.049673 0.000000 0.000000 0.998766 */

INSERT INTO `landblock_instance` (`guid`, `weenie_Class_Id`, `obj_Cell_Id`, `origin_X`, `origin_Y`, `origin_Z`, `angles_W`, `angles_X`, `angles_Y`, `angles_Z`, `is_Link_Child`, `last_Modified`)
VALUES (0x7A9B405E, 30479, 0xA9B40169, 108.557, 45.203, 94.005, 0.662905, 0, 0, 0.748703,  True, '2005-02-09 10:00:00'); /* Alfrin(30479/holtburgalfrin) - Level: 10 - Generates - Shirt(2590/shirtbaggy) / Breeches(2604/breecheswide) / Leather Boots(115/bootsleather) */
/* @teleloc 0xA9B40169 [108.556999 45.202999 94.004997] 0.662905 0.000000 0.000000 0.748703 */

INSERT INTO `landblock_instance` (`guid`, `weenie_Class_Id`, `obj_Cell_Id`, `origin_X`, `origin_Y`, `origin_Z`, `angles_W`, `angles_X`, `angles_Y`, `angles_Z`, `is_Link_Child`, `last_Modified`)
VALUES (0x7A9B4068,  1025, 0xA9B40180, 124.114, 75.9286, 73.66, -0.554506, 0, 0, 0.832179, False, '2005-02-09 10:00:00'); /* Portal to Rithwic(1025/portalrithwic) */
/* @teleloc 0xA9B40180 [124.113998 75.928596 73.660004] -0.554506 0.000000 0.000000 0.832179 */

INSERT INTO `landblock_instance` (`guid`, `weenie_Class_Id`, `obj_Cell_Id`, `origin_X`, `origin_Y`, `origin_Z`, `angles_W`, `angles_X`, `angles_Y`, `angles_Z`, `is_Link_Child`, `last_Modified`)
VALUES (0x7A9B406B, 30696, 0xA9B40000, 101.926, 20.4117, 94.005, -0.549961, 0, 0, -0.83519,  True, '2005-02-09 10:00:00'); /* Tirenia(30696/royalguardtirenia) - Level: 245 - Generates - Canescent Mattekar Robe(10870/robeharrowermattekarcanescent-xp) / Cap(118/capcloth) */
/* @teleloc 0xA9B40000 [101.926003 20.411699 94.004997] -0.549961 0.000000 0.000000 -0.835190 */

INSERT INTO `landblock_instance` (`guid`, `weenie_Class_Id`, `obj_Cell_Id`, `origin_X`, `origin_Y`, `origin_Z`, `angles_W`, `angles_X`, `angles_Y`, `angles_Z`, `is_Link_Child`, `last_Modified`)
VALUES (0x7A9B406C,  7924, 0xA9B40000, 102.483, 19.116, 94.005, -0.549961, 0, 0, -0.83519, False, '2005-02-09 10:00:00'); /* Linkable Monster Generator ( 5 Min.)(7924/linkmonstergen5minutes) - Generates - Place Holder Object(3666/placeholder) */
/* @teleloc 0xA9B40000 [102.483002 19.115999 94.004997] -0.549961 0.000000 0.000000 -0.835190 */

INSERT INTO `landblock_instance_link` (`parent_GUID`, `child_GUID`, `last_Modified`)
VALUES (0x7A9B406C, 0x7A9B406B, '2005-02-09 10:00:00')/* Tirenia (30696/royalguardtirenia) - Level: 245 - Generates - Canescent Mattekar Robe(10870/robeharrowermattekarcanescent-xp) / Cap(118/capcloth) */;

INSERT INTO `landblock_instance` (`guid`, `weenie_Class_Id`, `obj_Cell_Id`, `origin_X`, `origin_Y`, `origin_Z`, `angles_W`, `angles_X`, `angles_Y`, `angles_Z`, `is_Link_Child`, `last_Modified`)
VALUES (0x7A9B406D, 19372, 0xA9B40031, 147.048, 19.8419, 93.937, 0.928179, 0, 0, 0.372134, False, '2021-01-21 17:45:06'); /* Trellyn Gardens Holtburg (19372/portaltrellyngardens) */
/* @teleloc 0xA9B40031 [147.048004 19.841900 93.936996] 0.928179 0.000000 0.000000 0.372134 */

INSERT INTO `landblock_instance` (`guid`, `weenie_Class_Id`, `obj_Cell_Id`, `origin_X`, `origin_Y`, `origin_Z`, `angles_W`, `angles_X`, `angles_Y`, `angles_Z`, `is_Link_Child`, `last_Modified`)
VALUES (0x7A9B406E, 19394, 0xA9B40031, 146.518, 20.7258, 94.055, 0.928179, 0, 0, 0.372134, False, '2021-01-21 17:45:10'); /* Trellyn Gardens(19394/trellyngardenssign) */
/* @teleloc 0xA9B40031 [146.518005 20.725800 94.055000] 0.928179 0.000000 0.000000 0.372134 */

INSERT INTO `landblock_instance` (`guid`, `weenie_Class_Id`, `obj_Cell_Id`, `origin_X`, `origin_Y`, `origin_Z`, `angles_W`, `angles_X`, `angles_Y`, `angles_Z`, `is_Link_Child`, `last_Modified`)
VALUES (0x7A9B406F, 30768, 0xA9B40019, 87.0197, 18.3938, 94.055, 0.062998, 0, 0, 0.998014, False, '2023-01-21 19:09:08'); /* Gatekeeper of Bitterness Gen(30768/eventpvphate20gatekeepergen) - Generates - Gatekeeper of Bitterness(30784/pvphategatekeeper20) - Level: 10 */
/* @teleloc 0xA9B40019 [87.019699 18.393801 94.055000] 0.062998 0.000000 0.000000 0.998014 */
DELETE FROM `landblock_instance` WHERE `landblock` = 0xDA55;

INSERT INTO `landblock_instance` (`guid`, `weenie_Class_Id`, `obj_Cell_Id`, `origin_X`, `origin_Y`, `origin_Z`, `angles_W`, `angles_X`, `angles_Y`, `angles_Z`, `is_Link_Child`, `last_Modified`)
VALUES (0x7DA55000,   720, 0xDA550000, 134.975, 180.365, 21.6, 0.707724, 0, 0, -0.706489, False, '2005-02-09 10:00:00'); /* Sliding Door(720/doorshoslide) */
/* @teleloc 0xDA550000 [134.975006 180.365005 21.600000] 0.707724 0.000000 0.000000 -0.706489 */

INSERT INTO `landblock_instance` (`guid`, `weenie_Class_Id`, `obj_Cell_Id`, `origin_X`, `origin_Y`, `origin_Z`, `angles_W`, `angles_X`, `angles_Y`, `angles_Z`, `is_Link_Child`, `last_Modified`)
VALUES (0x7DA55001,   720, 0xDA550000, 129.025, 180.355, 21.6, 0.707724, 0, 0, -0.706489, False, '2005-02-09 10:00:00'); /* Sliding Door(720/doorshoslide) */
/* @teleloc 0xDA550000 [129.024994 180.354996 21.600000] 0.707724 0.000000 0.000000 -0.706489 */

INSERT INTO `landblock_instance` (`guid`, `weenie_Class_Id`, `obj_Cell_Id`, `origin_X`, `origin_Y`, `origin_Z`, `angles_W`, `angles_X`, `angles_Y`, `angles_Z`, `is_Link_Child`, `last_Modified`)
VALUES (0x7DA55002,   720, 0xDA55010B, 36.145, 111, 20, 0.707107, 0, 0, -0.707107, False, '2005-02-09 10:00:00'); /* Sliding Door(720/doorshoslide) */
/* @teleloc 0xDA55010B [36.145000 111.000000 20.000000] 0.707107 0.000000 0.000000 -0.707107 */

INSERT INTO `landblock_instance` (`guid`, `weenie_Class_Id`, `obj_Cell_Id`, `origin_X`, `origin_Y`, `origin_Z`, `angles_W`, `angles_X`, `angles_Y`, `angles_Z`, `is_Link_Child`, `last_Modified`)
VALUES (0x7DA55003,   720, 0xDA55010B, 36.145, 105, 20, 0.707107, 0, 0, -0.707107, False, '2005-02-09 10:00:00'); /* Sliding Door(720/doorshoslide) */
/* @teleloc 0xDA55010B [36.145000 105.000000 20.000000] 0.707107 0.000000 0.000000 -0.707107 */

INSERT INTO `landblock_instance` (`guid`, `weenie_Class_Id`, `obj_Cell_Id`, `origin_X`, `origin_Y`, `origin_Z`, `angles_W`, `angles_X`, `angles_Y`, `angles_Z`, `is_Link_Child`, `last_Modified`)
VALUES (0x7DA55004,  5621, 0xDA55010B, 40.48, 108, 21.86, 1, 0, 0, 0, False, '2005-02-09 10:00:00'); /* Hot Air(5621/fireplaceheat) */
/* @teleloc 0xDA55010B [40.480000 108.000000 21.860001] 1.000000 0.000000 0.000000 0.000000 */

INSERT INTO `landblock_instance` (`guid`, `weenie_Class_Id`, `obj_Cell_Id`, `origin_X`, `origin_Y`, `origin_Z`, `angles_W`, `angles_X`, `angles_Y`, `angles_Z`, `is_Link_Child`, `last_Modified`)
VALUES (0x7DA55005,   143, 0xDA550118, 27.53, 113.15, 21.24, 0.599722, 0, 0, 0.800208, False, '2005-02-09 10:00:00'); /* Chest(143/chest) */
/* @teleloc 0xDA550118 [27.530001 113.150002 21.240000] 0.599722 0.000000 0.000000 0.800208 */

INSERT INTO `landblock_instance` (`guid`, `weenie_Class_Id`, `obj_Cell_Id`, `origin_X`, `origin_Y`, `origin_Z`, `angles_W`, `angles_X`, `angles_Y`, `angles_Z`, `is_Link_Child`, `last_Modified`)
VALUES (0x7DA55006,   721, 0xDA550000, 25.345, 105, 20, 0.707107, 0, 0, 0.707107, False, '2005-02-09 10:00:00'); /* Door(721/doorsholeft) */
/* @teleloc 0xDA550000 [25.344999 105.000000 20.000000] 0.707107 0.000000 0.000000 0.707107 */

INSERT INTO `landblock_instance` (`guid`, `weenie_Class_Id`, `obj_Cell_Id`, `origin_X`, `origin_Y`, `origin_Z`, `angles_W`, `angles_X`, `angles_Y`, `angles_Z`, `is_Link_Child`, `last_Modified`)
VALUES (0x7DA55007,   722, 0xDA550000, 25.345, 111, 20, 0.707107, 0, 0, -0.707107, False, '2005-02-09 10:00:00'); /* Door(722/doorshoright) */
/* @teleloc 0xDA550000 [25.344999 111.000000 20.000000] 0.707107 0.000000 0.000000 -0.707107 */

INSERT INTO `landblock_instance` (`guid`, `weenie_Class_Id`, `obj_Cell_Id`, `origin_X`, `origin_Y`, `origin_Z`, `angles_W`, `angles_X`, `angles_Y`, `angles_Z`, `is_Link_Child`, `last_Modified`)
VALUES (0x7DA55008,   720, 0xDA550126, 54.7908, 178.837, 20, 0.707107, 0, 0, -0.707107, False, '2005-02-09 10:00:00'); /* Sliding Door(720/doorshoslide) */
/* @teleloc 0xDA550126 [54.790798 178.837006 20.000000] 0.707107 0.000000 0.000000 -0.707107 */

INSERT INTO `landblock_instance` (`guid`, `weenie_Class_Id`, `obj_Cell_Id`, `origin_X`, `origin_Y`, `origin_Z`, `angles_W`, `angles_X`, `angles_Y`, `angles_Z`, `is_Link_Child`, `last_Modified`)
VALUES (0x7DA55009,   720, 0xDA550127, 66.2158, 186.912, 20, 0.707107, 0, 0, 0.707107, False, '2005-02-09 10:00:00'); /* Sliding Door(720/doorshoslide) */
/* @teleloc 0xDA550127 [66.215797 186.912003 20.000000] 0.707107 0.000000 0.000000 0.707107 */

INSERT INTO `landblock_instance` (`guid`, `weenie_Class_Id`, `obj_Cell_Id`, `origin_X`, `origin_Y`, `origin_Z`, `angles_W`, `angles_X`, `angles_Y`, `angles_Z`, `is_Link_Child`, `last_Modified`)
VALUES (0x7DA5500A,   722, 0xDA550000, 60.48, 177.355, 20, 1, 0, 0, 0, False, '2005-02-09 10:00:00'); /* Door(722/doorshoright) */
/* @teleloc 0xDA550000 [60.480000 177.354996 20.000000] 1.000000 0.000000 0.000000 0.000000 */

INSERT INTO `landblock_instance` (`guid`, `weenie_Class_Id`, `obj_Cell_Id`, `origin_X`, `origin_Y`, `origin_Z`, `angles_W`, `angles_X`, `angles_Y`, `angles_Z`, `is_Link_Child`, `last_Modified`)
VALUES (0x7DA5500B,   722, 0xDA550000, 60.48, 188.405, 20, 0, 0, 0, -1, False, '2005-02-09 10:00:00'); /* Door(722/doorshoright) */
/* @teleloc 0xDA550000 [60.480000 188.404999 20.000000] 0.000000 0.000000 0.000000 -1.000000 */

INSERT INTO `landblock_instance` (`guid`, `weenie_Class_Id`, `obj_Cell_Id`, `origin_X`, `origin_Y`, `origin_Z`, `angles_W`, `angles_X`, `angles_Y`, `angles_Z`, `is_Link_Child`, `last_Modified`)
VALUES (0x7DA5500C,   143, 0xDA550139, 151.55, 60.23, 24.42, 0.650111, 0, 0, -0.759839, False, '2005-02-09 10:00:00'); /* Chest(143/chest) */
/* @teleloc 0xDA550139 [151.550003 60.230000 24.420000] 0.650111 0.000000 0.000000 -0.759839 */

INSERT INTO `landblock_instance` (`guid`, `weenie_Class_Id`, `obj_Cell_Id`, `origin_X`, `origin_Y`, `origin_Z`, `angles_W`, `angles_X`, `angles_Y`, `angles_Z`, `is_Link_Child`, `last_Modified`)
VALUES (0x7DA5500D,   143, 0xDA55013A, 162.56, 64.68, 24.435, 0.999781, 0, 0, -0.020942, False, '2005-02-09 10:00:00'); /* Chest(143/chest) */
/* @teleloc 0xDA55013A [162.559998 64.680000 24.434999] 0.999781 0.000000 0.000000 -0.020942 */

INSERT INTO `landblock_instance` (`guid`, `weenie_Class_Id`, `obj_Cell_Id`, `origin_X`, `origin_Y`, `origin_Z`, `angles_W`, `angles_X`, `angles_Y`, `angles_Z`, `is_Link_Child`, `last_Modified`)
VALUES (0x7DA5500E,   720, 0xDA550000, 158.975, 63, 21.6, 0.707107, 0, 0, -0.707107, False, '2005-02-09 10:00:00'); /* Sliding Door(720/doorshoslide) */
/* @teleloc 0xDA550000 [158.975006 63.000000 21.600000] 0.707107 0.000000 0.000000 -0.707107 */

INSERT INTO `landblock_instance` (`guid`, `weenie_Class_Id`, `obj_Cell_Id`, `origin_X`, `origin_Y`, `origin_Z`, `angles_W`, `angles_X`, `angles_Y`, `angles_Z`, `is_Link_Child`, `last_Modified`)
VALUES (0x7DA5500F,   720, 0xDA550000, 153.025, 63, 21.6, 0.707107, 0, 0, -0.707107, False, '2005-02-09 10:00:00'); /* Sliding Door(720/doorshoslide) */
/* @teleloc 0xDA550000 [153.024994 63.000000 21.600000] 0.707107 0.000000 0.000000 -0.707107 */

INSERT INTO `landblock_instance` (`guid`, `weenie_Class_Id`, `obj_Cell_Id`, `origin_X`, `origin_Y`, `origin_Z`, `angles_W`, `angles_X`, `angles_Y`, `angles_Z`, `is_Link_Child`, `last_Modified`)
VALUES (0x7DA55010,   143, 0xDA550146, 127.46, 26.305, 22.55, -0.003491, 0, 0, 0.999994, False, '2005-02-09 10:00:00'); /* Chest(143/chest) */
/* @teleloc 0xDA550146 [127.459999 26.305000 22.549999] -0.003491 0.000000 0.000000 0.999994 */

INSERT INTO `landblock_instance` (`guid`, `weenie_Class_Id`, `obj_Cell_Id`, `origin_X`, `origin_Y`, `origin_Z`, `angles_W`, `angles_X`, `angles_Y`, `angles_Z`, `is_Link_Child`, `last_Modified`)
VALUES (0x7DA55011,   720, 0xDA550147, 132.615, 31.33, 22.5, 1, 0, 0, 0, False, '2005-02-09 10:00:00'); /* Sliding Door(720/doorshoslide) */
/* @teleloc 0xDA550147 [132.615005 31.330000 22.500000] 1.000000 0.000000 0.000000 0.000000 */

INSERT INTO `landblock_instance` (`guid`, `weenie_Class_Id`, `obj_Cell_Id`, `origin_X`, `origin_Y`, `origin_Z`, `angles_W`, `angles_X`, `angles_Y`, `angles_Z`, `is_Link_Child`, `last_Modified`)
VALUES (0x7DA55012,   720, 0xDA55014A, 132.61, 36.83, 22.5, 1, 0, 0, 0, False, '2005-02-09 10:00:00'); /* Sliding Door(720/doorshoslide) */
/* @teleloc 0xDA55014A [132.610001 36.830002 22.500000] 1.000000 0.000000 0.000000 0.000000 */

INSERT INTO `landblock_instance` (`guid`, `weenie_Class_Id`, `obj_Cell_Id`, `origin_X`, `origin_Y`, `origin_Z`, `angles_W`, `angles_X`, `angles_Y`, `angles_Z`, `is_Link_Child`, `last_Modified`)
VALUES (0x7DA55013,   720, 0xDA550000, 138.085, 34.08, 20, 0.707107, 0, 0, 0.707107, False, '2005-02-09 10:00:00'); /* Sliding Door(720/doorshoslide) */
/* @teleloc 0xDA550000 [138.085007 34.080002 20.000000] 0.707107 0.000000 0.000000 0.707107 */

INSERT INTO `landblock_instance` (`guid`, `weenie_Class_Id`, `obj_Cell_Id`, `origin_X`, `origin_Y`, `origin_Z`, `angles_W`, `angles_X`, `angles_Y`, `angles_Z`, `is_Link_Child`, `last_Modified`)
VALUES (0x7DA55014,   720, 0xDA550157, 14.175, 129.78, 22.5, -1, 0, 0, 0, False, '2005-02-09 10:00:00'); /* Sliding Door(720/doorshoslide) */
/* @teleloc 0xDA550157 [14.175000 129.779999 22.500000] -1.000000 0.000000 0.000000 0.000000 */

INSERT INTO `landblock_instance` (`guid`, `weenie_Class_Id`, `obj_Cell_Id`, `origin_X`, `origin_Y`, `origin_Z`, `angles_W`, `angles_X`, `angles_Y`, `angles_Z`, `is_Link_Child`, `last_Modified`)
VALUES (0x7DA55015,   720, 0xDA55015A, 14.195, 135.23, 22.5, -1, 0, 0, 0, False, '2005-02-09 10:00:00'); /* Sliding Door(720/doorshoslide) */
/* @teleloc 0xDA55015A [14.195000 135.229996 22.500000] -1.000000 0.000000 0.000000 0.000000 */

INSERT INTO `landblock_instance` (`guid`, `weenie_Class_Id`, `obj_Cell_Id`, `origin_X`, `origin_Y`, `origin_Z`, `angles_W`, `angles_X`, `angles_Y`, `angles_Z`, `is_Link_Child`, `last_Modified`)
VALUES (0x7DA55016,   720, 0xDA550000, 19.645, 132.48, 20, -0.707107, 0, 0, -0.707107, False, '2005-02-09 10:00:00'); /* Sliding Door(720/doorshoslide) */
/* @teleloc 0xDA550000 [19.645000 132.479996 20.000000] -0.707107 0.000000 0.000000 -0.707107 */

INSERT INTO `landblock_instance` (`guid`, `weenie_Class_Id`, `obj_Cell_Id`, `origin_X`, `origin_Y`, `origin_Z`, `angles_W`, `angles_X`, `angles_Y`, `angles_Z`, `is_Link_Child`, `last_Modified`)
VALUES (0x7DA55017,   720, 0xDA550000, 36.375, 31.2399, 20.025, 0, 0, 0, -1, False, '2005-02-09 10:00:00'); /* Sliding Door(720/doorshoslide) */
/* @teleloc 0xDA550000 [36.375000 31.239901 20.025000] 0.000000 0.000000 0.000000 -1.000000 */

INSERT INTO `landblock_instance` (`guid`, `weenie_Class_Id`, `obj_Cell_Id`, `origin_X`, `origin_Y`, `origin_Z`, `angles_W`, `angles_X`, `angles_Y`, `angles_Z`, `is_Link_Child`, `last_Modified`)
VALUES (0x7DA55018,   720, 0xDA550000, 36.375, 26.1749, 20.025, 0, 0, 0, -1, False, '2005-02-09 10:00:00'); /* Sliding Door(720/doorshoslide) */
/* @teleloc 0xDA550000 [36.375000 26.174900 20.025000] 0.000000 0.000000 0.000000 -1.000000 */

INSERT INTO `landblock_instance` (`guid`, `weenie_Class_Id`, `obj_Cell_Id`, `origin_X`, `origin_Y`, `origin_Z`, `angles_W`, `angles_X`, `angles_Y`, `angles_Z`, `is_Link_Child`, `last_Modified`)
VALUES (0x7DA55019,   720, 0xDA550000, 43.9, 39.8749, 20.025, 0, 0, 0, -1, False, '2005-02-09 10:00:00'); /* Sliding Door(720/doorshoslide) */
/* @teleloc 0xDA550000 [43.900002 39.874901 20.025000] 0.000000 0.000000 0.000000 -1.000000 */

INSERT INTO `landblock_instance` (`guid`, `weenie_Class_Id`, `obj_Cell_Id`, `origin_X`, `origin_Y`, `origin_Z`, `angles_W`, `angles_X`, `angles_Y`, `angles_Z`, `is_Link_Child`, `last_Modified`)
VALUES (0x7DA5501A,   720, 0xDA550000, 84, 148.45, 22, 1, 0, 0, 0, False, '2005-02-09 10:00:00'); /* Sliding Door(720/doorshoslide) */
/* @teleloc 0xDA550000 [84.000000 148.449997 22.000000] 1.000000 0.000000 0.000000 0.000000 */

INSERT INTO `landblock_instance` (`guid`, `weenie_Class_Id`, `obj_Cell_Id`, `origin_X`, `origin_Y`, `origin_Z`, `angles_W`, `angles_X`, `angles_Y`, `angles_Z`, `is_Link_Child`, `last_Modified`)
VALUES (0x7DA5501B,   720, 0xDA550000, 84, 163.525, 25, 1, 0, 0, 0, False, '2005-02-09 10:00:00'); /* Sliding Door(720/doorshoslide) */
/* @teleloc 0xDA550000 [84.000000 163.524994 25.000000] 1.000000 0.000000 0.000000 0.000000 */

INSERT INTO `landblock_instance` (`guid`, `weenie_Class_Id`, `obj_Cell_Id`, `origin_X`, `origin_Y`, `origin_Z`, `angles_W`, `angles_X`, `angles_Y`, `angles_Z`, `is_Link_Child`, `last_Modified`)
VALUES (0x7DA5501C,   720, 0xDA550000, 84, 148.45, 25, 1, 0, 0, 0, False, '2005-02-09 10:00:00'); /* Sliding Door(720/doorshoslide) */
/* @teleloc 0xDA550000 [84.000000 148.449997 25.000000] 1.000000 0.000000 0.000000 0.000000 */

INSERT INTO `landblock_instance` (`guid`, `weenie_Class_Id`, `obj_Cell_Id`, `origin_X`, `origin_Y`, `origin_Z`, `angles_W`, `angles_X`, `angles_Y`, `angles_Z`, `is_Link_Child`, `last_Modified`)
VALUES (0x7DA5501D,   720, 0xDA550000, 91.55, 156, 25, 0.707107, 0, 0, -0.707107, False, '2005-02-09 10:00:00'); /* Sliding Door(720/doorshoslide) */
/* @teleloc 0xDA550000 [91.550003 156.000000 25.000000] 0.707107 0.000000 0.000000 -0.707107 */

INSERT INTO `landblock_instance` (`guid`, `weenie_Class_Id`, `obj_Cell_Id`, `origin_X`, `origin_Y`, `origin_Z`, `angles_W`, `angles_X`, `angles_Y`, `angles_Z`, `is_Link_Child`, `last_Modified`)
VALUES (0x7DA5501E,   720, 0xDA550000, 76.45, 156, 25, 0.707107, 0, 0, 0.707107, False, '2005-02-09 10:00:00'); /* Sliding Door(720/doorshoslide) */
/* @teleloc 0xDA550000 [76.449997 156.000000 25.000000] 0.707107 0.000000 0.000000 0.707107 */

INSERT INTO `landblock_instance` (`guid`, `weenie_Class_Id`, `obj_Cell_Id`, `origin_X`, `origin_Y`, `origin_Z`, `angles_W`, `angles_X`, `angles_Y`, `angles_Z`, `is_Link_Child`, `last_Modified`)
VALUES (0x7DA5501F,   722, 0xDA550000, 123.79, 109.12, 20, 0.707107, 0, 0, -0.707107, False, '2005-02-09 10:00:00'); /* Door(722/doorshoright) */
/* @teleloc 0xDA550000 [123.790001 109.120003 20.000000] 0.707107 0.000000 0.000000 -0.707107 */

INSERT INTO `landblock_instance` (`guid`, `weenie_Class_Id`, `obj_Cell_Id`, `origin_X`, `origin_Y`, `origin_Z`, `angles_W`, `angles_X`, `angles_Y`, `angles_Z`, `is_Link_Child`, `last_Modified`)
VALUES (0x7DA55020,   721, 0xDA550000, 123.79, 107.12, 20, -0.707107, 0, 0, -0.707107, False, '2005-02-09 10:00:00'); /* Door(721/doorsholeft) */
/* @teleloc 0xDA550000 [123.790001 107.120003 20.000000] -0.707107 0.000000 0.000000 -0.707107 */

INSERT INTO `landblock_instance` (`guid`, `weenie_Class_Id`, `obj_Cell_Id`, `origin_X`, `origin_Y`, `origin_Z`, `angles_W`, `angles_X`, `angles_Y`, `angles_Z`, `is_Link_Child`, `last_Modified`)
VALUES (0x7DA55021,   720, 0xDA550000, 162.59, 157.104, 20.04, -0.707107, 0, 0, -0.707107, False, '2005-02-09 10:00:00'); /* Sliding Door(720/doorshoslide) */
/* @teleloc 0xDA550000 [162.589996 157.104004 20.040001] -0.707107 0.000000 0.000000 -0.707107 */

INSERT INTO `landblock_instance` (`guid`, `weenie_Class_Id`, `obj_Cell_Id`, `origin_X`, `origin_Y`, `origin_Z`, `angles_W`, `angles_X`, `angles_Y`, `angles_Z`, `is_Link_Child`, `last_Modified`)
VALUES (0x7DA55022,   720, 0xDA550197, 83.955, 67.29, 20.04, 0, 0, 0, -1, False, '2005-02-09 10:00:00'); /* Sliding Door(720/doorshoslide) */
/* @teleloc 0xDA550197 [83.955002 67.290001 20.040001] 0.000000 0.000000 0.000000 -1.000000 */

INSERT INTO `landblock_instance` (`guid`, `weenie_Class_Id`, `obj_Cell_Id`, `origin_X`, `origin_Y`, `origin_Z`, `angles_W`, `angles_X`, `angles_Y`, `angles_Z`, `is_Link_Child`, `last_Modified`)
VALUES (0x7DA55023,   720, 0xDA550198, 84.045, 52.75, 20.04, 1, 0, 0, 0, False, '2005-02-09 10:00:00'); /* Sliding Door(720/doorshoslide) */
/* @teleloc 0xDA550198 [84.044998 52.750000 20.040001] 1.000000 0.000000 0.000000 0.000000 */

INSERT INTO `landblock_instance` (`guid`, `weenie_Class_Id`, `obj_Cell_Id`, `origin_X`, `origin_Y`, `origin_Z`, `angles_W`, `angles_X`, `angles_Y`, `angles_Z`, `is_Link_Child`, `last_Modified`)
VALUES (0x7DA55024,   720, 0xDA550199, 79.27, 57.53, 20.04, 0.707107, 0, 0, 0.707107, False, '2005-02-09 10:00:00'); /* Sliding Door(720/doorshoslide) */
/* @teleloc 0xDA550199 [79.269997 57.529999 20.040001] 0.707107 0.000000 0.000000 0.707107 */

INSERT INTO `landblock_instance` (`guid`, `weenie_Class_Id`, `obj_Cell_Id`, `origin_X`, `origin_Y`, `origin_Z`, `angles_W`, `angles_X`, `angles_Y`, `angles_Z`, `is_Link_Child`, `last_Modified`)
VALUES (0x7DA55025,   720, 0xDA55019A, 88.71, 62.455, 20.04, -0.707107, 0, 0, 0.707107, False, '2005-02-09 10:00:00'); /* Sliding Door(720/doorshoslide) */
/* @teleloc 0xDA55019A [88.709999 62.455002 20.040001] -0.707107 0.000000 0.000000 0.707107 */

INSERT INTO `landblock_instance` (`guid`, `weenie_Class_Id`, `obj_Cell_Id`, `origin_X`, `origin_Y`, `origin_Z`, `angles_W`, `angles_X`, `angles_Y`, `angles_Z`, `is_Link_Child`, `last_Modified`)
VALUES (0x7DA55026,   720, 0xDA5501A1, 91.265, 60.03, 25.64, 0.707107, 0, 0, 0.707107, False, '2005-02-09 10:00:00'); /* Sliding Door(720/doorshoslide) */
/* @teleloc 0xDA5501A1 [91.264999 60.029999 25.639999] 0.707107 0.000000 0.000000 0.707107 */

INSERT INTO `landblock_instance` (`guid`, `weenie_Class_Id`, `obj_Cell_Id`, `origin_X`, `origin_Y`, `origin_Z`, `angles_W`, `angles_X`, `angles_Y`, `angles_Z`, `is_Link_Child`, `last_Modified`)
VALUES (0x7DA55027,   720, 0xDA5501A2, 76.74, 59.945, 25.64, 0.707107, 0, 0, -0.707107, False, '2005-02-09 10:00:00'); /* Sliding Door(720/doorshoslide) */
/* @teleloc 0xDA5501A2 [76.739998 59.945000 25.639999] 0.707107 0.000000 0.000000 -0.707107 */

INSERT INTO `landblock_instance` (`guid`, `weenie_Class_Id`, `obj_Cell_Id`, `origin_X`, `origin_Y`, `origin_Z`, `angles_W`, `angles_X`, `angles_Y`, `angles_Z`, `is_Link_Child`, `last_Modified`)
VALUES (0x7DA55028,   720, 0xDA5501A3, 83.955, 67.28, 25.64, 0, 0, 0, -1, False, '2005-02-09 10:00:00'); /* Sliding Door(720/doorshoslide) */
/* @teleloc 0xDA5501A3 [83.955002 67.279999 25.639999] 0.000000 0.000000 0.000000 -1.000000 */

INSERT INTO `landblock_instance` (`guid`, `weenie_Class_Id`, `obj_Cell_Id`, `origin_X`, `origin_Y`, `origin_Z`, `angles_W`, `angles_X`, `angles_Y`, `angles_Z`, `is_Link_Child`, `last_Modified`)
VALUES (0x7DA55029,   720, 0xDA5501A4, 84.035, 52.735, 25.64, 1, 0, 0, 0, False, '2005-02-09 10:00:00'); /* Sliding Door(720/doorshoslide) */
/* @teleloc 0xDA5501A4 [84.035004 52.735001 25.639999] 1.000000 0.000000 0.000000 0.000000 */

INSERT INTO `landblock_instance` (`guid`, `weenie_Class_Id`, `obj_Cell_Id`, `origin_X`, `origin_Y`, `origin_Z`, `angles_W`, `angles_X`, `angles_Y`, `angles_Z`, `is_Link_Child`, `last_Modified`)
VALUES (0x7DA5502A,  5193, 0xDA550177, 131.437, 102.901, 20.005, -0.899865, 0, 0, -0.436168,  True, '2005-02-09 10:00:00'); /* Oi-Tong Ye (5193/shoushioitongye) - Level: 5 - Generates - Society Explorer Hat(12309/hatexplorersociety) / Explorer Society Robe(12310/robeexplorersociety) */
/* @teleloc 0xDA550177 [131.436996 102.901001 20.004999] -0.899865 0.000000 0.000000 -0.436168 */

INSERT INTO `landblock_instance` (`guid`, `weenie_Class_Id`, `obj_Cell_Id`, `origin_X`, `origin_Y`, `origin_Z`, `angles_W`, `angles_X`, `angles_Y`, `angles_Z`, `is_Link_Child`, `last_Modified`)
VALUES (0x7DA5502B,   839, 0xDA550129, 54, 186.84, 20.005, 0.661966, 0, 0, -0.749534, False, '2005-02-09 10:00:00'); /* Ai Konaji the Jeweler(839/shoushijeweler) - Level: 5 - Generates - Shirt(2588/shirtflared) / Breeches(2602/breechesloose) / Leather Boots(115/bootsleather) / Apron(10696/apron) / Trade Note (100)(2621/tradenote100) / Trade Note (500)(2622/tradenote500) / Trade Note (1,000)(2623/tradenote1000) / Trade Note (5,000)(2624/tradenote5000) / Trade Note (10,000)(2625/tradenote10000) / Trade Note (50,000)(2626/tradenote50000) / Trade Note (100,000)(2627/tradenote100000) / Trade Note (150,000)(20628/tradenote150000) / Trade Note (200,000)(20629/tradenote200000) / Trade Note (250,000)(20630/tradenote250000) / Portal Recall Gem(50000/gemportalrecall) / Primary Portal Recall Gem(50001/gemprimaryportalrecall) / Secondary Portal Recall Gem(50002/gemsecondaryportalrecall) / Lifestone Recall Gem(50007/gemlifestonerecall) / Primary Portal Summon Gem(50005/gemprimaryportalsummon) / Secondary Portal Summon Gem(50006/gemsecondaryportalsummon) / Primary Portal Tie Gem(50003/gemprimaryportaltie) / Secondary Portal Tie Gem(50004/gemsecondaryportaltie) / Lifestone Tie Gem(50008/gemlifestonetie) / Xarabydun Portal Gem(26639/gemportalxarabydun) / Al-Arqas Portal Gem(8973/gemportalalarqas) / Yaraq Portal Gem(8984/gemportalyaraq) / Samsur Portal Gem(8980/gemportalsamsur) / Yanshi Portal Gem(8983/gemportalyanshi) / Shoushi Portal Gem(8981/gemportalshoushi) / Nanto Portal Gem(8978/gemportalnanto) / Holtburg Portal Gem(8976/gemportalholtburg) / Lytelthorpe Portal Gem(8977/gemportallytelthorpe) / Rithwic Portal Gem(8979/gemportalrithwic) */
/* @teleloc 0xDA550129 [54.000000 186.839996 20.004999] 0.661966 0.000000 0.000000 -0.749534 */

INSERT INTO `landblock_instance` (`guid`, `weenie_Class_Id`, `obj_Cell_Id`, `origin_X`, `origin_Y`, `origin_Z`, `angles_W`, `angles_X`, `angles_Y`, `angles_Z`, `is_Link_Child`, `last_Modified`)
VALUES (0x7DA5502C,   843, 0xDA550102, 138.36, 178.8, 21.61, -0.685183, 0, 0, -0.728371, False, '2005-02-09 10:00:00'); /* Tailor Ma Shih(843/shoushitailor) - Level: 5 - Generates - Shirt(2587/shirtloose) / Pants(2601/pantsloose) / Shoes(132/shoes) / Kasa(5901/capsho) / Apron(10696/apron) / Shirt(2588/shirtflared) / Breeches(2602/breechesloose) / Cap(118/capcloth) / Sandals(129/sandals) / Suikan Robe(5854/robeshonohood) / Kasa(5901/capsho) / Yifan Dress(8372/dresssho) */
/* @teleloc 0xDA550102 [138.360001 178.800003 21.610001] -0.685183 0.000000 0.000000 -0.728371 */

INSERT INTO `landblock_instance` (`guid`, `weenie_Class_Id`, `obj_Cell_Id`, `origin_X`, `origin_Y`, `origin_Z`, `angles_W`, `angles_X`, `angles_Y`, `angles_Z`, `is_Link_Child`, `last_Modified`)
VALUES (0x7DA5502D,   837, 0xDA550185, 156, 148.38, 20.045, 0.995562, 0, 0, 0.094108, False, '2005-02-09 10:00:00'); /* Hau Ji Tan the Grocer(837/shoushigrocer) - Level: 6 - Generates - Doublet(2596/doublet) / Pants(2597/pantsflared) / Leather Boots(115/bootsleather) / Kasa(5901/capsho) / Apron(10696/apron) / Bowl of Black-Eyed Peas(30734/blackeyedpeas) / Noodle Cutter(4764/noodlecutter) / Carving Knife(4757/carvingknife) / Simple Dried Rations(23327/rationsdriedsimple) / Elaborate Dried Rations(23326/rationsdriedelaborate) / Apple(258/apple) / Grapes(264/grapes) / Bunch of Nanners(22578/nannerbunch) / Carrot(5758/carrot) / Cabbage(260/cabbage) / Pumpkin(8232/pumpkin) / Brimstone-cap Mushroom(547/mushroom) / Water(4746/water) / Milk(2463/milk) / Egg(546/egg) / Flour(4761/flour) / Uncooked Rice(4768/uncookedrice) / Chicken(262/chicken) / Fish(263/fish) / Meat(265/meat) / Side of Beef(4753/beefside) / Rabbit Carcass(5633/rabbitcarcass) / Rennet(4766/rennet) / Brine(4755/brine) / Cinnamon Bark(5780/cinnamonbark) / Honey(4763/honey) / Oregano(5803/oregano) / Hot Pepper(5794/hotpepper) / Nutmeg(14795/nutmeg) / Ginger(14789/ginger) / Brown Beans(7825/cacaobeans) / Peppermint Stick(13222/peppermintstick) */
/* @teleloc 0xDA550185 [156.000000 148.380005 20.045000] 0.995562 0.000000 0.000000 0.094108 */

INSERT INTO `landblock_instance` (`guid`, `weenie_Class_Id`, `obj_Cell_Id`, `origin_X`, `origin_Y`, `origin_Z`, `angles_W`, `angles_X`, `angles_Y`, `angles_Z`, `is_Link_Child`, `last_Modified`)
VALUES (0x7DA5502E,   832, 0xDA55017C, 132.6, 104.64, 25.61, 0.887011, 0, 0, 0.461748, False, '2005-02-09 10:00:00'); /* Nin Hong the Barkeeper(832/shoushibarkeeper) - Level: 5 - Generates - Tunic(2593/tunicloose) / Pants(2597/pantsflared) / Leather Boots(115/bootsleather) / Kasa(5901/capsho) / Apron(10696/apron) / Fried Chicken(4728/friedchicken) / Fried Steak(4732/friedsteak) / Cake(620/cake) / Apple Pie(4709/applepie) / Red Wine(2467/redwine) / Small Beer(2469/smallbeer) / Ale(2451/ale) / Grape Juice(2455/grapejuice) / Green Tea(2456/greentea) / Beer Stein(8378/beerstein) / Plain Lockpick(513/lockpickplain) / Reliable Lockpick(545/lockpickreliable) / Intricate Carving Tool(9295/toolpyramidquest) / Ust(20646/tinkeringtool) / Tinkering(21093/booktinkering) / On the Abilities of Salvaged Ivory(23044/booktinkeringivory) / Carving Keys and Keyrings(23204/bookcarvingkeys) / Braid Manor Ruin(26001/rumorruinbraid) / Directions to Nen Ai's House(26483/rumornewbieexplorershoushi) / Directions to the Shreth Hive(26487/rumorstonesofjojii) / Shoushi Grotto Directions(1225/directionsshoushigrotto) / Drudge Rumor(1509/directionsrobberb) / Green Mire Camp Directions(1493/directionsgreenmirecamp) / Dungeon Mei Directions(4210/directionsdungeonmei) / The Festival Stones of the Empyrean(5602/directionsfestivalstones) / The Meeting Halls(6419/directionsallegiancehall) / The Broken Hall(25997/rumorbrokenhall) / The Cursed Swamp(25998/rumorcursedswamp) / Caves in the Foothills(25999/rumorfoothillcaves) / Fort Aimaru(26480/rumorfortaimaru) / Ancient Warrior's Tower(26481/rumorhidetakitower) / Mosswart Hangout(26000/rumormosswarthangout) / Mosswart Temple(26482/rumormosswarttemple) / Rat Cave(26484/rumorratcave) / Bulletin(26486/rumorshooutpost) / Caves in the Foothills(25999/rumorfoothillcaves) / Shoushi Drudge Temple(26002/rumorshoushidrudgetemple) / Shoushi Banderling Camp(26003/rumorshoushiheadsbanderlingcamp) / Skeleton Castle Rumor(26644/rumorskeletoncastleshoushi) / Rumor Color Codes(50054/rumorcolorcodes) / Magnifying Glass(50077/appraisaltool) */
/* @teleloc 0xDA55017C [132.600006 104.639999 25.610001] 0.887011 0.000000 0.000000 0.461748 */

INSERT INTO `landblock_instance` (`guid`, `weenie_Class_Id`, `obj_Cell_Id`, `origin_X`, `origin_Y`, `origin_Z`, `angles_W`, `angles_X`, `angles_Y`, `angles_Z`, `is_Link_Child`, `last_Modified`)
VALUES (0x7DA5502F,   840, 0xDA550136, 149.4, 65.28, 21.605, 0.430511, 0, 0, -0.902585, False, '2005-02-09 10:00:00'); /* Brother Gonun the Scribe(840/shoushiscribe) - Level: 6 - Generates - Shirt(2588/shirtflared) / Pants(2601/pantsloose) / Shoes(132/shoes) / Apron(10696/apron) / Book(364/book) / Parchment(365/parchment) / Tome(367/tome) / Sho Cookbook(5585/cookbooksho) / Specialty Cookbook(5856/cookbookspecialty) / Chocolate Cookbook(7884/cookbookchocolate) / Festival Cookbook(14797/cookbookfestival) / Alchemy Guide(5586/guidealchemy) / Fletching Guide(5587/guidefletching) / Mnemosynes and the Art of Lockpicking(9319/manualpyramidunlocking) / Puppet Show(9118/diarymartinerevenge1) / The Beginning(9124/diarymartinerevenge7) / The Weapons of the Singularity(27851/guidesingularity) / Combat Manual(50045/combatManual) */
/* @teleloc 0xDA550136 [149.399994 65.279999 21.605000] 0.430511 0.000000 0.000000 -0.902585 */

INSERT INTO `landblock_instance` (`guid`, `weenie_Class_Id`, `obj_Cell_Id`, `origin_X`, `origin_Y`, `origin_Z`, `angles_W`, `angles_X`, `angles_Y`, `angles_Z`, `is_Link_Child`, `last_Modified`)
VALUES (0x7DA55030,  3951, 0xDA550177, 129.797, 102.493, 20.005, 0.520655, 0, 0, -0.853767, False, '2005-02-09 10:00:00'); /* Linkable Monster Gen (1 hour)(3951/linkmonstergen1hour) - Generates - Place Holder Object(3666/placeholder) */
/* @teleloc 0xDA550177 [129.796997 102.492996 20.004999] 0.520655 0.000000 0.000000 -0.853767 */

INSERT INTO `landblock_instance_link` (`parent_GUID`, `child_GUID`, `last_Modified`)
VALUES (0x7DA55030, 0x7DA5502A, '2005-02-09 10:00:00')/* Oi-Tong Ye  (5193/shoushioitongye) - Level: 5 - Generates - Society Explorer Hat(12309/hatexplorersociety) / Explorer Society Robe(12310/robeexplorersociety) */
     , (0x7DA55030, 0x7DA55072, '2005-02-09 10:00:00')/* Apprentice Alchemist (27742/collectoralchemyshonewbie) - Level: 5 - Generates - Shirt(130/shirt) / Pants(127/pants) / Boots(2606/boots) */;

INSERT INTO `landblock_instance` (`guid`, `weenie_Class_Id`, `obj_Cell_Id`, `origin_X`, `origin_Y`, `origin_Z`, `angles_W`, `angles_X`, `angles_Y`, `angles_Z`, `is_Link_Child`, `last_Modified`)
VALUES (0x7DA55031,   838, 0xDA55014B, 129.12, 29.76, 18.805, 0.887011, 0, 0, 0.461748, False, '2005-02-09 10:00:00'); /* Yaohan Tong the Healer(838/shoushihealer) - Level: 5 - Generates - Doublet(2596/doublet) / Pants(2597/pantsflared) / Shoes(132/shoes) / Apron(10696/apron) / Health Draught(2457/healthdraught) / Health Potion(377/healthpotion) / Mana Draught(2460/manadraught) / Mana Potion(379/manapotion) / Stamina Draught(5634/staminadraught) / Stamina Potion(378/staminapotion) / Handy Healing Kit(628/healingkitcrude) / Adept Healing Kit(629/healingkitplain) / Trade Note (100)(2621/tradenote100) / Trade Note (500)(2622/tradenote500) / Trade Note (1,000)(2623/tradenote1000) / Trade Note (5,000)(2624/tradenote5000) / Trade Note (10,000)(2625/tradenote10000) / Trade Note (50,000)(2626/tradenote50000) / Trade Note (100,000)(2627/tradenote100000) / Trade Note (150,000)(20628/tradenote150000) / Trade Note (200,000)(20629/tradenote200000) / Trade Note (250,000)(20630/tradenote250000) / Heal Other III(4588/servicehealother3) / Revitalize Other III(4591/servicerevitalizeother3) / Mana Boost Other III(4594/servicemanaboost3) / Regeneration Other III(50051/serviceregenerateother3) / Rejuvenation Other III(50052/servicerejuvenationother3) / Mana Renewal Other III(50053/servicemanarenewal3) / Cleanse All Magic Other(8182/servicedispelother3) / Nullify All Magic Other(8185/servicedispelother6) */
/* @teleloc 0xDA55014B [129.119995 29.760000 18.805000] 0.887011 0.000000 0.000000 0.461748 */

INSERT INTO `landblock_instance` (`guid`, `weenie_Class_Id`, `obj_Cell_Id`, `origin_X`, `origin_Y`, `origin_Z`, `angles_W`, `angles_X`, `angles_Y`, `angles_Z`, `is_Link_Child`, `last_Modified`)
VALUES (0x7DA55032,   842, 0xDA55019B, 89.48, 57.6844, 20.045, 0.887011, 0, 0, 0.461748, False, '2005-02-09 10:00:00'); /* Shopkeeper Gonjoku Ryumi(842/shoushishopkeep) - Level: 5 - Generates - Doublet(2596/doublet) / Breeches(2602/breechesloose) / Leather Boots(115/bootsleather) / Apron(10696/apron) / Bundle of Arrowheads(4586/arrowhead) / Bundle of Arrowshafts(4585/arrowshaft) / Bundle of Quarrelshafts(5339/quarrelshaft) / Parchment(365/parchment) / Empty Flask(151/flask) / Torch(293/torch) / Pack(136/backpack) / Apple(258/apple) / Flour(4761/flour) / Water(4746/water) / Baking Pan(4754/bakingpan) / Metal Press(7824/metalpress) / Whittling Knife(5778/whittlingknife) / Spell Component Pouch(50009/componentpouch) / Salvage Barrel(50119/salvagebarrel) */
/* @teleloc 0xDA55019B [89.480003 57.684399 20.045000] 0.887011 0.000000 0.000000 0.461748 */

INSERT INTO `landblock_instance` (`guid`, `weenie_Class_Id`, `obj_Cell_Id`, `origin_X`, `origin_Y`, `origin_Z`, `angles_W`, `angles_X`, `angles_Y`, `angles_Z`, `is_Link_Child`, `last_Modified`)
VALUES (0x7DA55033,   831, 0xDA55015E, 42.12, 30.48, 20.04, 0.401948, 0, 0, -0.915663, False, '2005-02-09 10:00:00'); /* Archmage Chen Wah-Ji(831/shoushiarchmage) - Level: 7 - Generates - Shirt(2587/shirtloose) / Pants(2597/pantsflared) / Shoes(132/shoes) / Kasa(5901/capsho) / Apron(10696/apron) / Lead Scarab(691/scarablead) / Iron Scarab(689/scarabiron) / Copper Scarab(686/scarabcopper) / Silver Scarab(688/scarabsilver) / Amaranth(765/amaranth) / Bistort(766/bistort) / Comfrey(767/comfrey) / Damiana(768/damiana) / Dragonsblood(769/dragonsblood) / Eyebright(770/eyebright) / Frankincense(771/frankincense) / Ginseng(625/ginseng) / Hawthorn(772/hawthorn) / Henbane(773/henbane) / Hyssop(774/hyssop) / Mandrake(775/mandrake) / Mugwort(776/mugwort) / Myrrh(777/myrrh) / Saffron(778/saffron) / Vervain(779/vervain) / Wormwood(780/wormwood) / Yarrow(781/yarrow) / Powdered Agate(782/agate) / Powdered Amber(783/amber) / Powdered Azurite(784/azurite) / Powdered Bloodstone(785/bloodstone) / Powdered Carnelian(786/carnelian) / Powdered Hematite(626/hematite) / Powdered Lapis Lazuli(787/lapislazul) / Powdered Malachite(788/malachite) / Powdered Moonstone(789/moonstone) / Powdered Onyx(790/onyx) / Powdered Quartz(791/quartz) / Powdered Turquoise(792/turquoise) / Brimstone(753/alchembrimstone) / Cadmia(754/alchemcadmia) / Cinnabar(755/alchemcinnabar) / Cobalt(756/alchemcobalt) / Colcothar(757/alchemcolcothar) / Gypsum(758/alchemgypsum) / Quicksilver(759/alchemquicksilver) / Realgar(760/alchemrealgar) / Stibnite(761/alchemstibnite) / Turpeth(762/alchemturpeth) / Verdigris(763/alchemverdigris) / Vitriol(764/alchemvitriol) / Poplar Talisman(749/poplartalisman) / Blackthorn Talisman(742/blackthorntalisman) / Yew Talisman(752/yewtalisman) / Hemlock Talisman(747/hemlocktalisman) / Alder Talisman(627/aldertalisman) / Ebony Talisman(744/ebonytalisman) / Birch Talisman(741/birchtalisman) / Ashwood Talisman(740/ashwoodtalisman) / Elder Talisman(745/eldertalisman) / Rowan Talisman(750/rowantalisman) / Willow Talisman(751/willowtalisman) / Cedar Talisman(743/cedartalisman) / Oak Talisman(748/oaktalisman) / Hazel Talisman(746/hazeltalisman) / Red Taper(1650/taperred) / Pink Taper(1649/taperpink) / Orange Taper(1648/taperorange) / Yellow Taper(1653/taperyellow) / Green Taper(1645/tapergreen) / Turquoise Taper(1654/taperturquoise) / Blue Taper(1643/taperblue) / Indigo Taper(1647/taperindigo) / Violet Taper(1651/taperviolet) / Brown Taper(1644/taperbrown) / White Taper(1652/taperwhite) / Grey Taper(1646/tapergrey) / Minor Mana Stone(27331/manastoneminor) / Lesser Mana Stone(2434/manastonelesser) / Tiny Mana Charge(4612/manastonetiny) / Small Mana Charge(4613/manastonesmall) / Moderate Mana Charge(4614/manastonemoderate) / High Mana Charge(4615/manastonehigh) / Suikan Life Apprentice Robe(6070/robesucklifesho) / Suikan War Apprentice Robe(6073/robesuckwarsho) / Mortar and Pestle(4751/mortarandpestle) / Pack(136/backpack) / Wand(5540/wandsho) / Spell Component Pouch(50009/componentpouch) / Trade Note (100)(2621/tradenote100) / Trade Note (500)(2622/tradenote500) / Trade Note (1,000)(2623/tradenote1000) / Trade Note (5,000)(2624/tradenote5000) / Trade Note (10,000)(2625/tradenote10000) / Trade Note (50,000)(2626/tradenote50000) / Trade Note (100,000)(2627/tradenote100000) / Trade Note (150,000)(20628/tradenote150000) / Trade Note (200,000)(20629/tradenote200000) / Trade Note (250,000)(20630/tradenote250000) / Strength Other III(30664/servicestrengthother3) / Endurance Other III(30670/serviceenduranceother3) / Coordination Other III(30668/servicecoordinationother3) / Quickness Other III(30674/servicequicknessother3) / Focus Other III(30672/servicefocusother3) / Willpower Other III(30666/servicewillpowerother3) / Ley Line Amulet: War Magic(50056/leylineamuletwar) / Ley Line Amulet: Life Magic(50057/leylineamuletlife) / Alembic(4747/alembic) / Aqua Incanta(4748/aquaincanta) / Neutral Balm(5338/neutralbalm) / Spell Conduit I(50104/spellconduit1) - Level: 1 / Spell Conduit II(50105/spellconduit2) - Level: 2 / Spell Conduit III(50106/spellconduit3) - Level: 3 / Spell Conduit IV(50107/spellconduit4) - Level: 4 / Salvage Barrel(50119/salvagebarrel) / Spell Extraction Scroll I(50123/spellextractionscroll1) - Level: 1 / Spell Extraction Scroll II(50124/spellextractionscroll2) - Level: 2 / Spell Extraction Scroll III(50125/spellextractionscroll3) - Level: 3 / Spell Extraction Scroll IV(50126/spellextractionscroll4) - Level: 4 */
/* @teleloc 0xDA55015E [42.119999 30.480000 20.040001] 0.401948 0.000000 0.000000 -0.915663 */

INSERT INTO `landblock_instance` (`guid`, `weenie_Class_Id`, `obj_Cell_Id`, `origin_X`, `origin_Y`, `origin_Z`, `angles_W`, `angles_X`, `angles_Y`, `angles_Z`, `is_Link_Child`, `last_Modified`)
VALUES (0x7DA55034,   834, 0xDA5501A9, 12.36, 55.08, 24.805, -0.904083, 0, 0, 0.427358, False, '2005-02-09 10:00:00'); /* Jaikite Sanzen the Barkeeper(834/shoushibarkeeper3) - Level: 5 - Generates - Shirt(2587/shirtloose) / Breeches(2602/breechesloose) / Shoes(132/shoes) / Apron(10696/apron) / Fried Chicken(4728/friedchicken) / Fried Steak(4732/friedsteak) / Cake(620/cake) / Apple Pie(4709/applepie) / Red Wine(2467/redwine) / Small Beer(2469/smallbeer) / Ale(2451/ale) / Grape Juice(2455/grapejuice) / Green Tea(2456/greentea) / Beer Stein(8378/beerstein) / Braid Manor Ruin(26001/rumorruinbraid) / Directions to Nen Ai's House(26483/rumornewbieexplorershoushi) / Directions to the Shreth Hive(26487/rumorstonesofjojii) / Shoushi Grotto Directions(1225/directionsshoushigrotto) / Drudge Rumor(1509/directionsrobberb) / Green Mire Camp Directions(1493/directionsgreenmirecamp) / Dungeon Mei Directions(4210/directionsdungeonmei) / The Festival Stones of the Empyrean(5602/directionsfestivalstones) / The Meeting Halls(6419/directionsallegiancehall) / The Broken Hall(25997/rumorbrokenhall) / The Cursed Swamp(25998/rumorcursedswamp) / Caves in the Foothills(25999/rumorfoothillcaves) / Fort Aimaru(26480/rumorfortaimaru) / Ancient Warrior's Tower(26481/rumorhidetakitower) / Mosswart Hangout(26000/rumormosswarthangout) / Mosswart Temple(26482/rumormosswarttemple) / Rat Cave(26484/rumorratcave) / Bulletin(26486/rumorshooutpost) / Caves in the Foothills(25999/rumorfoothillcaves) / Shoushi Drudge Temple(26002/rumorshoushidrudgetemple) / Shoushi Banderling Camp(26003/rumorshoushiheadsbanderlingcamp) / Skeleton Castle Rumor(26644/rumorskeletoncastleshoushi) / Rumor Color Codes(50054/rumorcolorcodes) */
/* @teleloc 0xDA5501A9 [12.360000 55.080002 24.805000] -0.904083 0.000000 0.000000 0.427358 */

INSERT INTO `landblock_instance` (`guid`, `weenie_Class_Id`, `obj_Cell_Id`, `origin_X`, `origin_Y`, `origin_Z`, `angles_W`, `angles_X`, `angles_Y`, `angles_Z`, `is_Link_Child`, `last_Modified`)
VALUES (0x7DA55035,   835, 0xDA55010B, 43.89, 104.88, 20.04, 0.661966, 0, 0, -0.749534, False, '2005-02-09 10:00:00'); /* Ven Ounan the Blacksmith(835/shoushiblacksmith) - Level: 6 - Generates - Hand Axe(303/axehand) / Doublet(2596/doublet) / Breeches(2602/breechesloose) / Shoes(132/shoes) / Apron(10696/apron) / Left-hand Tether(45683/ace45683-lefthandtether) / Left-hand Tether Remover(45684/ace45684-lefthandtetherremover) / Trade Note (100)(2621/tradenote100) / Trade Note (500)(2622/tradenote500) / Trade Note (1,000)(2623/tradenote1000) / Trade Note (5,000)(2624/tradenote5000) / Trade Note (10,000)(2625/tradenote10000) / Trade Note (50,000)(2626/tradenote50000) / Trade Note (100,000)(2627/tradenote100000) / Trade Note (150,000)(20628/tradenote150000) / Trade Note (200,000)(20629/tradenote200000) / Trade Note (250,000)(20630/tradenote250000) / Combat Tactic: Taunt(50046/combattactictaunt) / Combat Tactic: Sneaking(50078/combattacticsneaking) / Combat Technique: Reckless(50047/combattechniquereckless) / Combat Technique: Defensive(50048/combattechniquedefensive) / Combat Technique: Opportunist(50049/combattechniqueopportunist) / Combat Technique: Riposte(50050/combattechniqueriposte) / Combat Technique: Power Shot(50111/combattechniquepowershot) */
/* @teleloc 0xDA55010B [43.889999 104.879997 20.040001] 0.661966 0.000000 0.000000 -0.749534 */

INSERT INTO `landblock_instance` (`guid`, `weenie_Class_Id`, `obj_Cell_Id`, `origin_X`, `origin_Y`, `origin_Z`, `angles_W`, `angles_X`, `angles_Y`, `angles_Z`, `is_Link_Child`, `last_Modified`)
VALUES (0x7DA55036,   836, 0xDA550154, 8.03997, 137.28, 18.84, 0.433659, 0, 0, -0.901077, False, '2005-02-09 10:00:00'); /* Zhofon No the Bowyer(836/shoushibowyer) - Level: 7 - Generates - Shouyumi(341/shouyumi) / Tunic(2594/tunicflared) / Breeches(2602/breechesloose) / Leather Boots(115/bootsleather) / Apron(10696/apron) / Arrow(300/arrow) / Quarrel(305/bolt) / Atlatl Dart(12464/atlatldart) / Bundle of Atlatl Dart Shafts(15296/atlatldartshaft) / Wrapped Bundle of Atlatl Dartshafts(15298/wrappedatlatldartshaft) / Bundle of Arrowheads(4586/arrowhead) / Bundle of Arrowshafts(4585/arrowshaft) / Bundle of Quarrelshafts(5339/quarrelshaft) / Bundle of Blunt Arrowheads(5344/arrowheadblunt) / Bundle of Broad Arrowheads(5345/arrowheadbroad) / Wrapped Bundle of Quarrelshafts(9378/wrappedquarrelshaft) / Wrapped Bundle of Arrowshafts(9377/wrappedarrowshaft) / Wrapped Bundle of Arrowheads(9359/wrappedarrowhead) / Wrapped Bundle of Blunt Arrowheads(9362/wrappedarrowheadblunt) / Wrapped Bundle of Broad Arrowheads(9363/wrappedarrowheadbroad) / Throwing Dart(316/dart) / Throwing Dagger(315/daggerthrowing) / Javelin(320/javelin) / Throwing Axe(304/axethrowing) / Throwing Club(310/clubthrowing) / Djarid(317/djarid) / Shouken(343/shuriken) / Trade Note (100)(2621/tradenote100) / Trade Note (500)(2622/tradenote500) / Trade Note (1,000)(2623/tradenote1000) / Trade Note (5,000)(2624/tradenote5000) / Trade Note (10,000)(2625/tradenote10000) / Trade Note (50,000)(2626/tradenote50000) / Trade Note (100,000)(2627/tradenote100000) / Trade Note (150,000)(20628/tradenote150000) / Trade Note (200,000)(20629/tradenote200000) / Trade Note (250,000)(20630/tradenote250000) */
/* @teleloc 0xDA550154 [8.039970 137.279999 18.840000] 0.433659 0.000000 0.000000 -0.901077 */

INSERT INTO `landblock_instance` (`guid`, `weenie_Class_Id`, `obj_Cell_Id`, `origin_X`, `origin_Y`, `origin_Z`, `angles_W`, `angles_X`, `angles_Y`, `angles_Z`, `is_Link_Child`, `last_Modified`)
VALUES (0x7DA55037,   929, 0xDA550000, 83.8248, 108.154, 20.005, 0, 0, 0, -1, False, '2005-02-09 10:00:00'); /* Shoushi(929/shoushisign) - Generates - Town Crier(5776/towncriershofemale) - Level: 18 */
/* @teleloc 0xDA550000 [83.824799 108.153999 20.004999] 0.000000 0.000000 0.000000 -1.000000 */

INSERT INTO `landblock_instance` (`guid`, `weenie_Class_Id`, `obj_Cell_Id`, `origin_X`, `origin_Y`, `origin_Z`, `angles_W`, `angles_X`, `angles_Y`, `angles_Z`, `is_Link_Child`, `last_Modified`)
VALUES (0x7DA55038,   849, 0xDA550000, 54.861, 174.56, 22.608, 0.707107, 0, 0, -0.707107, False, '2005-02-09 10:00:00'); /* Konaji's Jewels(849/shoushijewelersign) */
/* @teleloc 0xDA550000 [54.861000 174.559998 22.608000] 0.707107 0.000000 0.000000 -0.707107 */

INSERT INTO `landblock_instance` (`guid`, `weenie_Class_Id`, `obj_Cell_Id`, `origin_X`, `origin_Y`, `origin_Z`, `angles_W`, `angles_X`, `angles_Y`, `angles_Z`, `is_Link_Child`, `last_Modified`)
VALUES (0x7DA55039,   852, 0xDA550000, 87.7608, 147.752, 23.3435, 0.707107, 0, 0, -0.707107, False, '2005-02-09 10:00:00'); /* Spire of Serenity(852/shoushishopkeepsign) */
/* @teleloc 0xDA550000 [87.760803 147.751999 23.343500] 0.707107 0.000000 0.000000 -0.707107 */

INSERT INTO `landblock_instance` (`guid`, `weenie_Class_Id`, `obj_Cell_Id`, `origin_X`, `origin_Y`, `origin_Z`, `angles_W`, `angles_X`, `angles_Y`, `angles_Z`, `is_Link_Child`, `last_Modified`)
VALUES (0x7DA5503A,   853, 0xDA550000, 128.968, 172.542, 23.4636, 0.707107, 0, 0, -0.707107, False, '2005-02-09 10:00:00'); /* Tailor Ma(853/shoushitailorsign) */
/* @teleloc 0xDA550000 [128.968002 172.542007 23.463600] 0.707107 0.000000 0.000000 -0.707107 */

INSERT INTO `landblock_instance` (`guid`, `weenie_Class_Id`, `obj_Cell_Id`, `origin_X`, `origin_Y`, `origin_Z`, `angles_W`, `angles_X`, `angles_Y`, `angles_Z`, `is_Link_Child`, `last_Modified`)
VALUES (0x7DA5503B,   847, 0xDA550000, 158.443, 154.42, 23.5863, -0.707107, 0, 0, -0.707107, False, '2005-02-09 10:00:00'); /* Grocery(847/shoushigrocersign) */
/* @teleloc 0xDA550000 [158.442993 154.419998 23.586300] -0.707107 0.000000 0.000000 -0.707107 */

INSERT INTO `landblock_instance` (`guid`, `weenie_Class_Id`, `obj_Cell_Id`, `origin_X`, `origin_Y`, `origin_Z`, `angles_W`, `angles_X`, `angles_Y`, `angles_Z`, `is_Link_Child`, `last_Modified`)
VALUES (0x7DA5503C,   850, 0xDA550000, 122.995, 108.093, 23.7868, 0, 0, 0, -1, False, '2005-02-09 10:00:00'); /* Three Swords Hall(850/shoushipubsign) */
/* @teleloc 0xDA550000 [122.995003 108.093002 23.786800] 0.000000 0.000000 0.000000 -1.000000 */

INSERT INTO `landblock_instance` (`guid`, `weenie_Class_Id`, `obj_Cell_Id`, `origin_X`, `origin_Y`, `origin_Z`, `angles_W`, `angles_X`, `angles_Y`, `angles_Z`, `is_Link_Child`, `last_Modified`)
VALUES (0x7DA5503D,   851, 0xDA550000, 152.896, 55.1759, 23.277, 0.707107, 0, 0, -0.707107, False, '2005-02-09 10:00:00'); /* Brush and Stone(851/shoushiscribesign) */
/* @teleloc 0xDA550000 [152.895996 55.175900 23.277000] 0.707107 0.000000 0.000000 -0.707107 */

INSERT INTO `landblock_instance` (`guid`, `weenie_Class_Id`, `obj_Cell_Id`, `origin_X`, `origin_Y`, `origin_Z`, `angles_W`, `angles_X`, `angles_Y`, `angles_Z`, `is_Link_Child`, `last_Modified`)
VALUES (0x7DA5503E,   844, 0xDA550000, 85.0172, 68.3125, 23.6513, -0.707107, 0, 0, -0.707107, False, '2005-02-09 10:00:00'); /* Gonjoku's Goods(844/shoushiapparelsign) */
/* @teleloc 0xDA550000 [85.017197 68.312500 23.651300] -0.707107 0.000000 0.000000 -0.707107 */

INSERT INTO `landblock_instance` (`guid`, `weenie_Class_Id`, `obj_Cell_Id`, `origin_X`, `origin_Y`, `origin_Z`, `angles_W`, `angles_X`, `angles_Y`, `angles_Z`, `is_Link_Child`, `last_Modified`)
VALUES (0x7DA5503F,   848, 0xDA550000, 19.8432, 64.9365, 23.5041, -0.92388, 0, 0, -0.382683, False, '2005-02-09 10:00:00'); /* Black Swan Inn(848/shoushiinnsign) */
/* @teleloc 0xDA550000 [19.843201 64.936501 23.504101] -0.923880 0.000000 0.000000 -0.382683 */

INSERT INTO `landblock_instance` (`guid`, `weenie_Class_Id`, `obj_Cell_Id`, `origin_X`, `origin_Y`, `origin_Z`, `angles_W`, `angles_X`, `angles_Y`, `angles_Z`, `is_Link_Child`, `last_Modified`)
VALUES (0x7DA55040,   845, 0xDA550000, 45.5937, 107.977, 21.9125, 1, 0, 0, 0, False, '2005-02-09 10:00:00'); /* Metalworker(845/shoushiblacksmithsign) */
/* @teleloc 0xDA550000 [45.593700 107.976997 21.912500] 1.000000 0.000000 0.000000 0.000000 */

INSERT INTO `landblock_instance` (`guid`, `weenie_Class_Id`, `obj_Cell_Id`, `origin_X`, `origin_Y`, `origin_Z`, `angles_W`, `angles_X`, `angles_Y`, `angles_Z`, `is_Link_Child`, `last_Modified`)
VALUES (0x7DA55041,   846, 0xDA550000, 20.4398, 132.498, 23.143, 1, 0, 0, 0, False, '2005-02-09 10:00:00'); /* Bowyer Zhofon(846/shoushibowyersign) */
/* @teleloc 0xDA550000 [20.439800 132.498001 23.143000] 1.000000 0.000000 0.000000 0.000000 */

INSERT INTO `landblock_instance` (`guid`, `weenie_Class_Id`, `obj_Cell_Id`, `origin_X`, `origin_Y`, `origin_Z`, `angles_W`, `angles_X`, `angles_Y`, `angles_Z`, `is_Link_Child`, `last_Modified`)
VALUES (0x7DA55042,  4772, 0xDA550000, 115.172, 103.375, 20.005, 0.915539, 0, 0, 0.40223, False, '2005-02-09 10:00:00'); /* Sho Collector Gen(4772/collectorshogen) - Generates - Collector(3920/collectorsho) - Level: 5 */
/* @teleloc 0xDA550000 [115.171997 103.375000 20.004999] 0.915539 0.000000 0.000000 0.402230 */

INSERT INTO `landblock_instance` (`guid`, `weenie_Class_Id`, `obj_Cell_Id`, `origin_X`, `origin_Y`, `origin_Z`, `angles_W`, `angles_X`, `angles_Y`, `angles_Z`, `is_Link_Child`, `last_Modified`)
VALUES (0x7DA55043,  4788, 0xDA550119, 31.4848, 100.006, 21.205, 0.999873, 0, 0, 0.015971, False, '2005-02-09 10:00:00'); /* Sho Trophy Smith Gen(4788/trophysmithshogen) - Generates - Trophy Smith(3932/trophysmithsho) - Level: 8 */
/* @teleloc 0xDA550119 [31.484800 100.005997 21.205000] 0.999873 0.000000 0.000000 0.015971 */

INSERT INTO `landblock_instance` (`guid`, `weenie_Class_Id`, `obj_Cell_Id`, `origin_X`, `origin_Y`, `origin_Z`, `angles_W`, `angles_X`, `angles_Y`, `angles_Z`, `is_Link_Child`, `last_Modified`)
VALUES (0x7DA55044,  4136, 0xDA550000, 138.871, 34.0199, 23.3571, 0.999964, 0, 0, -0.008461, False, '2005-02-09 10:00:00'); /* The Gentle Hand(4136/shoushihealersign) */
/* @teleloc 0xDA550000 [138.871002 34.019901 23.357100] 0.999964 0.000000 0.000000 -0.008461 */

INSERT INTO `landblock_instance` (`guid`, `weenie_Class_Id`, `obj_Cell_Id`, `origin_X`, `origin_Y`, `origin_Z`, `angles_W`, `angles_X`, `angles_Y`, `angles_Z`, `is_Link_Child`, `last_Modified`)
VALUES (0x7DA55045,  4135, 0xDA550000, 41.6209, 40.6596, 21.9665, -0.707107, 0, 0, -0.707107, False, '2005-02-09 10:00:00'); /* Archmage Chen Wah-Ji(4135/shoushiarchmagesign) */
/* @teleloc 0xDA550000 [41.620899 40.659599 21.966499] -0.707107 0.000000 0.000000 -0.707107 */

INSERT INTO `landblock_instance` (`guid`, `weenie_Class_Id`, `obj_Cell_Id`, `origin_X`, `origin_Y`, `origin_Z`, `angles_W`, `angles_X`, `angles_Y`, `angles_Z`, `is_Link_Child`, `last_Modified`)
VALUES (0x7DA55046,   153, 0xDA550000, 89.52, 112.68, 20, 1, 0, 0, 0, False, '2005-02-09 10:00:00'); /* Fountain(153/fountain) */
/* @teleloc 0xDA550000 [89.519997 112.680000 20.000000] 1.000000 0.000000 0.000000 0.000000 */

INSERT INTO `landblock_instance` (`guid`, `weenie_Class_Id`, `obj_Cell_Id`, `origin_X`, `origin_Y`, `origin_Z`, `angles_W`, `angles_X`, `angles_Y`, `angles_Z`, `is_Link_Child`, `last_Modified`)
VALUES (0x7DA55047,   174, 0xDA550000, 78.12, 101.52, 20, 1, 0, 0, 0, False, '2005-02-09 10:00:00'); /* Well(174/well) */
/* @teleloc 0xDA550000 [78.120003 101.519997 20.000000] 1.000000 0.000000 0.000000 0.000000 */

INSERT INTO `landblock_instance` (`guid`, `weenie_Class_Id`, `obj_Cell_Id`, `origin_X`, `origin_Y`, `origin_Z`, `angles_W`, `angles_X`, `angles_Y`, `angles_Z`, `is_Link_Child`, `last_Modified`)
VALUES (0x7DA55048,  8377, 0xDA5501A9, 17.7459, 55.4723, 25.2935, 0.578353, 0, 0, -0.815786, False, '2005-02-09 10:00:00'); /* Beer Keg(8377/beerkeg) */
/* @teleloc 0xDA5501A9 [17.745899 55.472301 25.293501] 0.578353 0.000000 0.000000 -0.815786 */

INSERT INTO `landblock_instance` (`guid`, `weenie_Class_Id`, `obj_Cell_Id`, `origin_X`, `origin_Y`, `origin_Z`, `angles_W`, `angles_X`, `angles_Y`, `angles_Z`, `is_Link_Child`, `last_Modified`)
VALUES (0x7DA5504A,  7923, 0xDA550000, 64.0682, 82.6704, 20.005, 0.843065, 0, 0, -0.537811, False, '2005-02-09 10:00:00'); /* Linkable Monster Generator ( 3 Min.)(7923/linkmonstergen3minutes) - Generates - Place Holder Object(3666/placeholder) */
/* @teleloc 0xDA550000 [64.068199 82.670403 20.004999] 0.843065 0.000000 0.000000 -0.537811 */

INSERT INTO `landblock_instance_link` (`parent_GUID`, `child_GUID`, `last_Modified`)
VALUES (0x7DA5504A, 0x7DA5507B, '2005-02-09 10:00:00')/* Lou Ka (5195/shoushilouka) - Level: 5 - Generates - Doublet(2596/doublet) / Breeches(2603/breechesbaggy) / Slippers(133/slippers) */;

INSERT INTO `landblock_instance` (`guid`, `weenie_Class_Id`, `obj_Cell_Id`, `origin_X`, `origin_Y`, `origin_Z`, `angles_W`, `angles_X`, `angles_Y`, `angles_Z`, `is_Link_Child`, `last_Modified`)
VALUES (0x7DA55053, 19457, 0xDA550000, 105.611, 128.915, 27.0401, 0.9329, 0, 0, -0.360135, False, '2005-02-09 10:00:00'); /* Fireworks Generator(19457/fireworksgen) - Generates - Anniversary Effect(8359/anniversaryeffect) */
/* @teleloc 0xDA550000 [105.611000 128.914993 27.040100] 0.932900 0.000000 0.000000 -0.360135 */

INSERT INTO `landblock_instance` (`guid`, `weenie_Class_Id`, `obj_Cell_Id`, `origin_X`, `origin_Y`, `origin_Z`, `angles_W`, `angles_X`, `angles_Y`, `angles_Z`, `is_Link_Child`, `last_Modified`)
VALUES (0x7DA55059, 23631, 0xDA550000, 88.0104, 86.4966, 75.4143, 0.055266, 0, 0, -0.998472, False, '2005-02-09 10:00:00'); /* April 2003 Raining Mad Cows Gen(23631/eventmadcowgen) - Generates - Mad Cow(23623/cowmad) - Level: 7 / Mad Cow(23623/cowmad) - Level: 7 / Mad Cow(23623/cowmad) - Level: 7 / Mad Cow(23623/cowmad) - Level: 7 / Mad Cow(23623/cowmad) - Level: 7 / Mad Cow(23623/cowmad) - Level: 7 / Mad Cow(23623/cowmad) - Level: 7 / Mad Cow(23623/cowmad) - Level: 7 / Mad Cow(23623/cowmad) - Level: 7 / Mad Cow(23623/cowmad) - Level: 7 */
/* @teleloc 0xDA550000 [88.010399 86.496597 75.414299] 0.055266 0.000000 0.000000 -0.998472 */

INSERT INTO `landblock_instance` (`guid`, `weenie_Class_Id`, `obj_Cell_Id`, `origin_X`, `origin_Y`, `origin_Z`, `angles_W`, `angles_X`, `angles_Y`, `angles_Z`, `is_Link_Child`, `last_Modified`)
VALUES (0x7DA5505A,   509, 0xDA550000, 88.7966, 103.088, 20.005, 0.514396, 0, 0, -0.857553, False, '2005-02-09 10:00:00'); /* Life Stone(509/lifestone) */
/* @teleloc 0xDA550000 [88.796600 103.087997 20.004999] 0.514396 0.000000 0.000000 -0.857553 */

INSERT INTO `landblock_instance` (`guid`, `weenie_Class_Id`, `obj_Cell_Id`, `origin_X`, `origin_Y`, `origin_Z`, `angles_W`, `angles_X`, `angles_Y`, `angles_Z`, `is_Link_Child`, `last_Modified`)
VALUES (0x7DA5505D,  9422, 0xDA550000, 75.5066, 116.917, 20.01, 0.287496, 0, 0, -0.957782, False, '2005-02-09 10:00:00'); /* Oneros the Gem Seller(9422/nantolugiangemseller) - Level: 42 - Generates - Armor Diamond(9426/gemlugianarmor3) / Sharp Topaz(9432/gemlugianslash3) / Thorned Garnet(9431/gemlugianpierce3) / Force Opal(9427/gemlugianbludgeon3) / Fire Ruby(9429/gemlugianfire3) / Cold Moonstone(9428/gemlugiancold3) / Acid Emerald(9425/gemlugianacid3) / Lightning Sapphire(9430/gemlugianlightning3) / Calm Strength(9474/infusionmindarm) */
/* @teleloc 0xDA550000 [75.506599 116.917000 20.010000] 0.287496 0.000000 0.000000 -0.957782 */

INSERT INTO `landblock_instance` (`guid`, `weenie_Class_Id`, `obj_Cell_Id`, `origin_X`, `origin_Y`, `origin_Z`, `angles_W`, `angles_X`, `angles_Y`, `angles_Z`, `is_Link_Child`, `last_Modified`)
VALUES (0x7DA55072, 27742, 0xDA550000, 75.7395, 153.489, 25.005, -0.998752, 0, 0, -0.049946,  True, '2005-02-09 10:00:00'); /* Apprentice Alchemist(27742/collectoralchemyshonewbie) - Level: 5 - Generates - Shirt(130/shirt) / Pants(127/pants) / Boots(2606/boots) */
/* @teleloc 0xDA550000 [75.739502 153.488998 25.004999] -0.998752 0.000000 0.000000 -0.049946 */

INSERT INTO `landblock_instance` (`guid`, `weenie_Class_Id`, `obj_Cell_Id`, `origin_X`, `origin_Y`, `origin_Z`, `angles_W`, `angles_X`, `angles_Y`, `angles_Z`, `is_Link_Child`, `last_Modified`)
VALUES (0x7DA55073,  6106, 0xDA5501EB, 102.017, 184.32, 22.005, -0.999985, 0, 0, 0.005493, False, '2005-02-09 10:00:00'); /* Shoushi Meeting Hall Portal(6106/portalallegiancehallshoushi) */
/* @teleloc 0xDA5501EB [102.016998 184.320007 22.004999] -0.999985 0.000000 0.000000 0.005493 */

INSERT INTO `landblock_instance` (`guid`, `weenie_Class_Id`, `obj_Cell_Id`, `origin_X`, `origin_Y`, `origin_Z`, `angles_W`, `angles_X`, `angles_Y`, `angles_Z`, `is_Link_Child`, `last_Modified`)
VALUES (0x7DA55074, 27547, 0xDA550000, 93.5733, 173.178, 20.005, 0.114416, 0, 0, -0.993433, False, '2005-02-09 10:00:00'); /* Bind Stone(27547/bindstone) */
/* @teleloc 0xDA550000 [93.573303 173.177994 20.004999] 0.114416 0.000000 0.000000 -0.993433 */

INSERT INTO `landblock_instance` (`guid`, `weenie_Class_Id`, `obj_Cell_Id`, `origin_X`, `origin_Y`, `origin_Z`, `angles_W`, `angles_X`, `angles_Y`, `angles_Z`, `is_Link_Child`, `last_Modified`)
VALUES (0x7DA5507B,  5195, 0xDA550177, 134.126, 111.581, 20.005, -0.353775, 0, 0, -0.935331,  True, '2005-02-09 10:00:00'); /* Lou Ka(5195/shoushilouka) - Level: 5 - Generates - Doublet(2596/doublet) / Breeches(2603/breechesbaggy) / Slippers(133/slippers) */
/* @teleloc 0xDA550177 [134.126007 111.581001 20.004999] -0.353775 0.000000 0.000000 -0.935331 */

INSERT INTO `landblock_instance` (`guid`, `weenie_Class_Id`, `obj_Cell_Id`, `origin_X`, `origin_Y`, `origin_Z`, `angles_W`, `angles_X`, `angles_Y`, `angles_Z`, `is_Link_Child`, `last_Modified`)
VALUES (0x7DA55083, 14930, 0xDA550028, 98.9871, 179.666, 22.0049, -0.461215, 0, 0, 0.887288, False, '2021-01-21 12:44:45'); /* Wedding Planner(14930/plannerwedding) - Level: 9 - Generates - Wedding Raiment(15714/rainmentwedding2) / Wedding Handbook(14931/bookwedding) / Invitation Wedding Hall(14913/gemportalwedding1) / Invitation Plateau(14914/gemportalwedding2) / Invitation Ithanc Cathedral(14915/gemportalwedding3) / Elegant Flower Bouquet(14917/bouquetlarge) / Simple Flower Bouquet(14916/bouquetsmall) / Wedding Cake Figures(14897/cakeweddingfigures) / Wedding Cake Knife(14898/knifecakewedding) / Bottle of Champagne(14912/champagne) / Wedding Gown(14905/gownwedding) / Wedding Cyclas(14904/cyclaswedding) / Wedding Raiment(14906/rainmentwedding) / Wedding Raiment(14906/rainmentwedding) / Wedding Raiment(14906/rainmentwedding) / Wedding Raiment(15714/rainmentwedding2) / Wedding Raiment(14906/rainmentwedding) / Wedding Raiment(14906/rainmentwedding) / Wedding Raiment(14906/rainmentwedding) / Wedding Raiment(14906/rainmentwedding) / Wedding Raiment(14906/rainmentwedding) / Wedding Raiment(14906/rainmentwedding) / Wedding Raiment(14906/rainmentwedding) / Wedding Raiment(14906/rainmentwedding) / Wedding Raiment(15714/rainmentwedding2) / Wedding Raiment(15714/rainmentwedding2) / Wedding Raiment(15714/rainmentwedding2) / Wedding Raiment(15714/rainmentwedding2) / Wedding Raiment(15714/rainmentwedding2) / Wedding Raiment(15714/rainmentwedding2) / Wedding Raiment(15714/rainmentwedding2) / Wedding Raiment(15714/rainmentwedding2) / Wedding Raiment(15714/rainmentwedding2) / Wedding Raiment(15714/rainmentwedding2) / Wedding Raiment(15714/rainmentwedding2) / Wedding Raiment(15714/rainmentwedding2) */
/* @teleloc 0xDA550028 [98.987099 179.666000 22.004900] -0.461215 0.000000 0.000000 0.887288 */

INSERT INTO `landblock_instance` (`guid`, `weenie_Class_Id`, `obj_Cell_Id`, `origin_X`, `origin_Y`, `origin_Z`, `angles_W`, `angles_X`, `angles_Y`, `angles_Z`, `is_Link_Child`, `last_Modified`)
VALUES (0x7DA55084, 21467, 0xDA550019, 84.1165, 7.16517, 19.937, -0.999972, 0, 0, -0.007501, False, '2021-01-23 16:28:43'); /* Jojii Gardens Shoushi (21467/portaljojiigardens) */
/* @teleloc 0xDA550019 [84.116501 7.165170 19.937000] -0.999972 0.000000 0.000000 -0.007501 */

INSERT INTO `landblock_instance` (`guid`, `weenie_Class_Id`, `obj_Cell_Id`, `origin_X`, `origin_Y`, `origin_Z`, `angles_W`, `angles_X`, `angles_Y`, `angles_Z`, `is_Link_Child`, `last_Modified`)
VALUES (0x7DA55085, 21479, 0xDA550019, 84.1165, 8.16517, 20.055, -0.999972, 0, 0, -0.007501, False, '2021-01-23 16:28:47'); /* Jojii Gardens(21479/jojiigardenssign) */
/* @teleloc 0xDA550019 [84.116501 8.165170 20.055000] -0.999972 0.000000 0.000000 -0.007501 */

INSERT INTO `landblock_instance` (`guid`, `weenie_Class_Id`, `obj_Cell_Id`, `origin_X`, `origin_Y`, `origin_Z`, `angles_W`, `angles_X`, `angles_Y`, `angles_Z`, `is_Link_Child`, `last_Modified`)
VALUES (0x7DA55086, 27539, 0xDA550014, 55.1388, 91.7068, 20.055, -0.170374, 0, 0, 0.98538, False, '2023-01-19 05:11:17'); /* ShoushiVagrantHighGen(27539/shoushivagranthighgen) - Generates - Burun Ruuk Seer(27518/burunruukseervagrant) - Level: 100 / Burun Ruuk Lout(27516/burunruukloutvagrant) - Level: 95 */
/* @teleloc 0xDA550014 [55.138802 91.706802 20.055000] -0.170374 0.000000 0.000000 0.985380 */

INSERT INTO `landblock_instance` (`guid`, `weenie_Class_Id`, `obj_Cell_Id`, `origin_X`, `origin_Y`, `origin_Z`, `angles_W`, `angles_X`, `angles_Y`, `angles_Z`, `is_Link_Child`, `last_Modified`)
VALUES (0x7DA55087, 27539, 0xDA550015, 59.7219, 108.197, 20.055, 0.110278, 0, 0, 0.993901, False, '2023-01-19 05:11:35'); /* ShoushiVagrantHighGen(27539/shoushivagranthighgen) - Generates - Burun Ruuk Seer(27518/burunruukseervagrant) - Level: 100 / Burun Ruuk Lout(27516/burunruukloutvagrant) - Level: 95 */
/* @teleloc 0xDA550015 [59.721901 108.196999 20.055000] 0.110278 0.000000 0.000000 0.993901 */

INSERT INTO `landblock_instance` (`guid`, `weenie_Class_Id`, `obj_Cell_Id`, `origin_X`, `origin_Y`, `origin_Z`, `angles_W`, `angles_X`, `angles_Y`, `angles_Z`, `is_Link_Child`, `last_Modified`)
VALUES (0x7DA55088, 27539, 0xDA55001C, 81.6412, 84.3628, 20.055, -0.974487, 0, 0, -0.224443, False, '2023-01-19 05:11:41'); /* ShoushiVagrantHighGen(27539/shoushivagranthighgen) - Generates - Burun Ruuk Seer(27518/burunruukseervagrant) - Level: 100 / Burun Ruuk Lout(27516/burunruukloutvagrant) - Level: 95 */
/* @teleloc 0xDA55001C [81.641197 84.362801 20.055000] -0.974487 0.000000 0.000000 -0.224443 */

INSERT INTO `landblock_instance` (`guid`, `weenie_Class_Id`, `obj_Cell_Id`, `origin_X`, `origin_Y`, `origin_Z`, `angles_W`, `angles_X`, `angles_Y`, `angles_Z`, `is_Link_Child`, `last_Modified`)
VALUES (0x7DA55089, 27539, 0xDA550025, 107.147, 98.3857, 20.055, -0.995787, 0, 0, -0.0917, False, '2023-01-19 05:11:46'); /* ShoushiVagrantHighGen(27539/shoushivagranthighgen) - Generates - Burun Ruuk Seer(27518/burunruukseervagrant) - Level: 100 / Burun Ruuk Lout(27516/burunruukloutvagrant) - Level: 95 */
/* @teleloc 0xDA550025 [107.147003 98.385696 20.055000] -0.995787 0.000000 0.000000 -0.091700 */

INSERT INTO `landblock_instance` (`guid`, `weenie_Class_Id`, `obj_Cell_Id`, `origin_X`, `origin_Y`, `origin_Z`, `angles_W`, `angles_X`, `angles_Y`, `angles_Z`, `is_Link_Child`, `last_Modified`)
VALUES (0x7DA5508A, 27539, 0xDA550024, 105.184, 91.8674, 20.055, -0.341278, 0, 0, -0.939962, False, '2023-01-19 05:11:48'); /* ShoushiVagrantHighGen(27539/shoushivagranthighgen) - Generates - Burun Ruuk Seer(27518/burunruukseervagrant) - Level: 100 / Burun Ruuk Lout(27516/burunruukloutvagrant) - Level: 95 */
/* @teleloc 0xDA550024 [105.183998 91.867401 20.055000] -0.341278 0.000000 0.000000 -0.939962 */

INSERT INTO `landblock_instance` (`guid`, `weenie_Class_Id`, `obj_Cell_Id`, `origin_X`, `origin_Y`, `origin_Z`, `angles_W`, `angles_X`, `angles_Y`, `angles_Z`, `is_Link_Child`, `last_Modified`)
VALUES (0x7DA5508B, 27539, 0xDA550026, 115.675, 123.221, 20.055, -0.838179, 0, 0, -0.545395, False, '2023-01-19 05:11:54'); /* ShoushiVagrantHighGen(27539/shoushivagranthighgen) - Generates - Burun Ruuk Seer(27518/burunruukseervagrant) - Level: 100 / Burun Ruuk Lout(27516/burunruukloutvagrant) - Level: 95 */
/* @teleloc 0xDA550026 [115.675003 123.221001 20.055000] -0.838179 0.000000 0.000000 -0.545395 */

INSERT INTO `landblock_instance` (`guid`, `weenie_Class_Id`, `obj_Cell_Id`, `origin_X`, `origin_Y`, `origin_Z`, `angles_W`, `angles_X`, `angles_Y`, `angles_Z`, `is_Link_Child`, `last_Modified`)
VALUES (0x7DA5508C, 27539, 0xDA550026, 106.95, 138.736, 20.055, -0.463052, 0, 0, -0.886331, False, '2023-01-19 05:11:57'); /* ShoushiVagrantHighGen(27539/shoushivagranthighgen) - Generates - Burun Ruuk Seer(27518/burunruukseervagrant) - Level: 100 / Burun Ruuk Lout(27516/burunruukloutvagrant) - Level: 95 */
/* @teleloc 0xDA550026 [106.949997 138.735992 20.055000] -0.463052 0.000000 0.000000 -0.886331 */

INSERT INTO `landblock_instance` (`guid`, `weenie_Class_Id`, `obj_Cell_Id`, `origin_X`, `origin_Y`, `origin_Z`, `angles_W`, `angles_X`, `angles_Y`, `angles_Z`, `is_Link_Child`, `last_Modified`)
VALUES (0x7DA5508D, 27539, 0xDA55001E, 95.0338, 137.477, 20.055, -0.231249, 0, 0, -0.972895, False, '2023-01-19 05:11:59'); /* ShoushiVagrantHighGen(27539/shoushivagranthighgen) - Generates - Burun Ruuk Seer(27518/burunruukseervagrant) - Level: 100 / Burun Ruuk Lout(27516/burunruukloutvagrant) - Level: 95 */
/* @teleloc 0xDA55001E [95.033798 137.477005 20.055000] -0.231249 0.000000 0.000000 -0.972895 */

INSERT INTO `landblock_instance` (`guid`, `weenie_Class_Id`, `obj_Cell_Id`, `origin_X`, `origin_Y`, `origin_Z`, `angles_W`, `angles_X`, `angles_Y`, `angles_Z`, `is_Link_Child`, `last_Modified`)
VALUES (0x7DA5508E, 27539, 0xDA55001E, 87.343, 132.839, 20.055, -0.964789, 0, 0, 0.263024, False, '2023-01-19 05:12:01'); /* ShoushiVagrantHighGen(27539/shoushivagranthighgen) - Generates - Burun Ruuk Seer(27518/burunruukseervagrant) - Level: 100 / Burun Ruuk Lout(27516/burunruukloutvagrant) - Level: 95 */
/* @teleloc 0xDA55001E [87.343002 132.839005 20.055000] -0.964789 0.000000 0.000000 0.263024 */

INSERT INTO `landblock_instance` (`guid`, `weenie_Class_Id`, `obj_Cell_Id`, `origin_X`, `origin_Y`, `origin_Z`, `angles_W`, `angles_X`, `angles_Y`, `angles_Z`, `is_Link_Child`, `last_Modified`)
VALUES (0x7DA5508F, 27539, 0xDA550017, 49.7225, 145.631, 20.055, -0.903057, 0, 0, -0.42952, False, '2023-01-19 05:12:08'); /* ShoushiVagrantHighGen(27539/shoushivagranthighgen) - Generates - Burun Ruuk Seer(27518/burunruukseervagrant) - Level: 100 / Burun Ruuk Lout(27516/burunruukloutvagrant) - Level: 95 */
/* @teleloc 0xDA550017 [49.722500 145.630997 20.055000] -0.903057 0.000000 0.000000 -0.429520 */

INSERT INTO `landblock_instance` (`guid`, `weenie_Class_Id`, `obj_Cell_Id`, `origin_X`, `origin_Y`, `origin_Z`, `angles_W`, `angles_X`, `angles_Y`, `angles_Z`, `is_Link_Child`, `last_Modified`)
VALUES (0x7DA55090, 27539, 0xDA55000F, 44.0743, 146.645, 20.055, -0.903057, 0, 0, -0.42952, False, '2023-01-19 05:12:10'); /* ShoushiVagrantHighGen(27539/shoushivagranthighgen) - Generates - Burun Ruuk Seer(27518/burunruukseervagrant) - Level: 100 / Burun Ruuk Lout(27516/burunruukloutvagrant) - Level: 95 */
/* @teleloc 0xDA55000F [44.074299 146.645004 20.055000] -0.903057 0.000000 0.000000 -0.429520 */

INSERT INTO `landblock_instance` (`guid`, `weenie_Class_Id`, `obj_Cell_Id`, `origin_X`, `origin_Y`, `origin_Z`, `angles_W`, `angles_X`, `angles_Y`, `angles_Z`, `is_Link_Child`, `last_Modified`)
VALUES (0x7DA55091, 27539, 0xDA55000F, 45.9983, 150.26, 20.055, -0.903057, 0, 0, -0.42952, False, '2023-01-19 05:12:11'); /* ShoushiVagrantHighGen(27539/shoushivagranthighgen) - Generates - Burun Ruuk Seer(27518/burunruukseervagrant) - Level: 100 / Burun Ruuk Lout(27516/burunruukloutvagrant) - Level: 95 */
/* @teleloc 0xDA55000F [45.998299 150.259995 20.055000] -0.903057 0.000000 0.000000 -0.429520 */

INSERT INTO `landblock_instance` (`guid`, `weenie_Class_Id`, `obj_Cell_Id`, `origin_X`, `origin_Y`, `origin_Z`, `angles_W`, `angles_X`, `angles_Y`, `angles_Z`, `is_Link_Child`, `last_Modified`)
VALUES (0x7DA55092, 30768, 0xDA55001C, 87.7573, 92.6875, 20.055, -0.392624, 0, 0, -0.919699, False, '2023-01-21 19:10:19'); /* Gatekeeper of Bitterness Gen(30768/eventpvphate20gatekeepergen) - Generates - Gatekeeper of Bitterness(30784/pvphategatekeeper20) - Level: 10 */
/* @teleloc 0xDA55001C [87.757301 92.687500 20.055000] -0.392624 0.000000 0.000000 -0.919699 */
DELETE FROM `landblock_instance` WHERE `landblock` = 0xF418;

INSERT INTO `landblock_instance` (`guid`, `weenie_Class_Id`, `obj_Cell_Id`, `origin_X`, `origin_Y`, `origin_Z`, `angles_W`, `angles_X`, `angles_Y`, `angles_Z`, `is_Link_Child`, `last_Modified`)
VALUES (0x7F418000,  5408, 0xF4180000, 140.231, 147.671, 99.905, 0.005101, 0, 0, -0.999987, False, '2005-02-09 10:00:00'); /* Waterfall(5408/waterfall) */
/* @teleloc 0xF4180000 [140.231003 147.671005 99.904999] 0.005101 0.000000 0.000000 -0.999987 */

INSERT INTO `landblock_instance` (`guid`, `weenie_Class_Id`, `obj_Cell_Id`, `origin_X`, `origin_Y`, `origin_Z`, `angles_W`, `angles_X`, `angles_Y`, `angles_Z`, `is_Link_Child`, `last_Modified`)
VALUES (0x7F418001,  8470, 0xF4180000, 123.588, 181.757, 99.082, 0.538877, 0, 0, 0.842384,  True, '2005-02-09 10:00:00'); /* Sulthis Eye Stalk(8470/sulthiseyestalk) - Level: 95 - T4_Magic - Random Loot: Tier 4 - DeathTreasureType: 460(T4_Magic) - Generates - Sulthis Tentacle(8469/sulthistentacle) - Level: 79 / Sulthis Tendril(8468/sulthistendril) - Level: 85Slithis Spine(4804/slithisspine) / Sturdy Iron Key(6876/keychesthigh) */
/* @teleloc 0xF4180000 [123.587997 181.757004 99.082001] 0.538877 0.000000 0.000000 0.842384 */

INSERT INTO `landblock_instance` (`guid`, `weenie_Class_Id`, `obj_Cell_Id`, `origin_X`, `origin_Y`, `origin_Z`, `angles_W`, `angles_X`, `angles_Y`, `angles_Z`, `is_Link_Child`, `last_Modified`)
VALUES (0x7F418002,  4261, 0xF4180000, 139.123, 173.063, 99.082, -0.495269, 0, 0, 0.86874,  True, '2005-02-09 10:00:00'); /* Slithayr Eye Stalk(4261/slithayreyestalk) - Level: 70 - T3_Magic - Random Loot: Tier 3 - DeathTreasureType: 462(T3_Magic) - Generates - Slithayr Tentacle(4260/slithayrtentacle) - Level: 53 / Slithayr Tendril(4259/slithayrtendril) - Level: 44Slithis Spine(4804/slithisspine) / Sturdy Iron Key(6876/keychesthigh) */
/* @teleloc 0xF4180000 [139.123001 173.063004 99.082001] -0.495269 0.000000 0.000000 0.868740 */

INSERT INTO `landblock_instance` (`guid`, `weenie_Class_Id`, `obj_Cell_Id`, `origin_X`, `origin_Y`, `origin_Z`, `angles_W`, `angles_X`, `angles_Y`, `angles_Z`, `is_Link_Child`, `last_Modified`)
VALUES (0x7F418003,  7925, 0xF4180000, 125.032, 184.679, 99.105, -0.081836, 0, 0, 0.996646, False, '2005-02-09 10:00:00'); /* Linkable Monster Generator ( 10 Min.)(7925/linkmonstergen10minutes) - Generates - Place Holder Object(3666/placeholder) */
/* @teleloc 0xF4180000 [125.031998 184.679001 99.105003] -0.081836 0.000000 0.000000 0.996646 */

INSERT INTO `landblock_instance_link` (`parent_GUID`, `child_GUID`, `last_Modified`)
VALUES (0x7F418003, 0x7F418001, '2005-02-09 10:00:00')/* Sulthis Eye Stalk (8470/sulthiseyestalk) - Level: 95 T4_Magic - Random Loot: Tier 4 - DeathTreasureType: 460(T4_Magic) - Generates - Sulthis Tentacle(8469/sulthistentacle) - Level: 79 / Sulthis Tendril(8468/sulthistendril) - Level: 85Slithis Spine(4804/slithisspine) / Sturdy Iron Key(6876/keychesthigh) */
     , (0x7F418003, 0x7F418002, '2005-02-09 10:00:00')/* Slithayr Eye Stalk (4261/slithayreyestalk) - Level: 70 T3_Magic - Random Loot: Tier 3 - DeathTreasureType: 462(T3_Magic) - Generates - Slithayr Tentacle(4260/slithayrtentacle) - Level: 53 / Slithayr Tendril(4259/slithayrtendril) - Level: 44Slithis Spine(4804/slithisspine) / Sturdy Iron Key(6876/keychesthigh) */
     , (0x7F418003, 0x7F418009, '2005-02-09 10:00:00')/* Slithayr Eye Stalk (4261/slithayreyestalk) - Level: 70 T3_Magic - Random Loot: Tier 3 - DeathTreasureType: 462(T3_Magic) - Generates - Slithayr Tentacle(4260/slithayrtentacle) - Level: 53 / Slithayr Tendril(4259/slithayrtendril) - Level: 44Slithis Spine(4804/slithisspine) / Sturdy Iron Key(6876/keychesthigh) */;

INSERT INTO `landblock_instance` (`guid`, `weenie_Class_Id`, `obj_Cell_Id`, `origin_X`, `origin_Y`, `origin_Z`, `angles_W`, `angles_X`, `angles_Y`, `angles_Z`, `is_Link_Child`, `last_Modified`)
VALUES (0x7F418004,  8514, 0xF4180115, 33.8706, 18.1776, 191.005, -0.134863, 0, 0, -0.990864, False, '2005-02-09 10:00:00'); /* Mistress' Chest(8514/chestadja) - Locked(5000/keyadja) - Content - Scroll of Sanctuary Recall(8530/scrollsanctuaryrecall) / The Healer's Heart(8552/orbhealer) / Damp Scroll(8505/noteadjauntranslated) / Tear-Stained Parchment(8509/notemailauntranslated) / Random Loot: Tier 4 - DeathTreasureType: 460(T4_Magic) */
/* @teleloc 0xF4180115 [33.870602 18.177601 191.005005] -0.134863 0.000000 0.000000 -0.990864 */

INSERT INTO `landblock_instance` (`guid`, `weenie_Class_Id`, `obj_Cell_Id`, `origin_X`, `origin_Y`, `origin_Z`, `angles_W`, `angles_X`, `angles_Y`, `angles_Z`, `is_Link_Child`, `last_Modified`)
VALUES (0x7F418005,  5408, 0xF4180000, 124.354, 147.723, 99.905, 0.005101, 0, 0, -0.999987, False, '2005-02-09 10:00:00'); /* Waterfall(5408/waterfall) */
/* @teleloc 0xF4180000 [124.353996 147.723007 99.904999] 0.005101 0.000000 0.000000 -0.999987 */

INSERT INTO `landblock_instance` (`guid`, `weenie_Class_Id`, `obj_Cell_Id`, `origin_X`, `origin_Y`, `origin_Z`, `angles_W`, `angles_X`, `angles_Y`, `angles_Z`, `is_Link_Child`, `last_Modified`)
VALUES (0x7F418006,  5408, 0xF4180000, 115.197, 148.165, 99.905, 0.005101, 0, 0, -0.999987, False, '2005-02-09 10:00:00'); /* Waterfall(5408/waterfall) */
/* @teleloc 0xF4180000 [115.196999 148.164993 99.904999] 0.005101 0.000000 0.000000 -0.999987 */

INSERT INTO `landblock_instance` (`guid`, `weenie_Class_Id`, `obj_Cell_Id`, `origin_X`, `origin_Y`, `origin_Z`, `angles_W`, `angles_X`, `angles_Y`, `angles_Z`, `is_Link_Child`, `last_Modified`)
VALUES (0x7F418007,  8553, 0xF418010D, 32.7054, 45.6692, 162.705, 1, 0, 0, 0, False, '2005-02-09 10:00:00'); /* Kelderam's Tomb(8553/tombkelderam) */
/* @teleloc 0xF418010D [32.705399 45.669201 162.705002] 1.000000 0.000000 0.000000 0.000000 */

INSERT INTO `landblock_instance` (`guid`, `weenie_Class_Id`, `obj_Cell_Id`, `origin_X`, `origin_Y`, `origin_Z`, `angles_W`, `angles_X`, `angles_Y`, `angles_Z`, `is_Link_Child`, `last_Modified`)
VALUES (0x7F418009,  4261, 0xF4180000, 119.52, 28.2778, 159.555, 0.052087, 0, 0, -0.998643,  True, '2005-02-09 10:00:00'); /* Slithayr Eye Stalk(4261/slithayreyestalk) - Level: 70 - T3_Magic - Random Loot: Tier 3 - DeathTreasureType: 462(T3_Magic) - Generates - Slithayr Tentacle(4260/slithayrtentacle) - Level: 53 / Slithayr Tendril(4259/slithayrtendril) - Level: 44Slithis Spine(4804/slithisspine) / Sturdy Iron Key(6876/keychesthigh) */
/* @teleloc 0xF4180000 [119.519997 28.277800 159.554993] 0.052087 0.000000 0.000000 -0.998643 */

INSERT INTO `landblock_instance` (`guid`, `weenie_Class_Id`, `obj_Cell_Id`, `origin_X`, `origin_Y`, `origin_Z`, `angles_W`, `angles_X`, `angles_Y`, `angles_Z`, `is_Link_Child`, `last_Modified`)
VALUES (0x7F41800A,  8550, 0xF4180000, 82.398, 43.23, 159.905, 0.707107, 0, 0, -0.707107, False, '2005-02-09 10:00:00'); /* Adja's Well(8550/welladja) - Generates - Well Bucket(8971/bucketadja) */
/* @teleloc 0xF4180000 [82.398003 43.230000 159.904999] 0.707107 0.000000 0.000000 -0.707107 */

INSERT INTO `landblock_instance` (`guid`, `weenie_Class_Id`, `obj_Cell_Id`, `origin_X`, `origin_Y`, `origin_Z`, `angles_W`, `angles_X`, `angles_Y`, `angles_Z`, `is_Link_Child`, `last_Modified`)
VALUES (0x7F41800B,  5408, 0xF4180000, 149.224, 147.803, 99.905, 0.005101, 0, 0, -0.999987, False, '2005-02-09 10:00:00'); /* Waterfall(5408/waterfall) */
/* @teleloc 0xF4180000 [149.223999 147.802994 99.904999] 0.005101 0.000000 0.000000 -0.999987 */

INSERT INTO `landblock_instance` (`guid`, `weenie_Class_Id`, `obj_Cell_Id`, `origin_X`, `origin_Y`, `origin_Z`, `angles_W`, `angles_X`, `angles_Y`, `angles_Z`, `is_Link_Child`, `last_Modified`)
VALUES (0x7F41800C,  5408, 0xF4180000, 132.296, 147.871, 99.905, 0.005101, 0, 0, -0.999987, False, '2005-02-09 10:00:00'); /* Waterfall(5408/waterfall) */
/* @teleloc 0xF4180000 [132.296005 147.871002 99.904999] 0.005101 0.000000 0.000000 -0.999987 */

INSERT INTO `landblock_instance` (`guid`, `weenie_Class_Id`, `obj_Cell_Id`, `origin_X`, `origin_Y`, `origin_Z`, `angles_W`, `angles_X`, `angles_Y`, `angles_Z`, `is_Link_Child`, `last_Modified`)
VALUES (0x7F41800D,  5408, 0xF4180000, 156.402, 148.331, 99.905, 0.005101, 0, 0, -0.999987, False, '2005-02-09 10:00:00'); /* Waterfall(5408/waterfall) */
/* @teleloc 0xF4180000 [156.401993 148.330994 99.904999] 0.005101 0.000000 0.000000 -0.999987 */

INSERT INTO `landblock_instance` (`guid`, `weenie_Class_Id`, `obj_Cell_Id`, `origin_X`, `origin_Y`, `origin_Z`, `angles_W`, `angles_X`, `angles_Y`, `angles_Z`, `is_Link_Child`, `last_Modified`)
VALUES (0x7F41800E,  8532, 0xF4180000, 36.003, 79.267, 197, 1, 0, 0, 0, False, '2005-02-09 10:00:00'); /* Catacombs of Ithaenc Portal(8532/portalcoi) */
/* @teleloc 0xF4180000 [36.002998 79.266998 197.000000] 1.000000 0.000000 0.000000 0.000000 */

INSERT INTO `landblock_instance` (`guid`, `weenie_Class_Id`, `obj_Cell_Id`, `origin_X`, `origin_Y`, `origin_Z`, `angles_W`, `angles_X`, `angles_Y`, `angles_Z`, `is_Link_Child`, `last_Modified`)
VALUES (0x7F41800F,  9003, 0xF4180000, 36, 108, 160.005, 0, 0, 0, -1, False, '2005-02-09 10:00:00'); /* Thistledown Monument Event Gen(9003/eventthistledownmonumentgen) - Generates - Shard Vigil Memorial(9002/monumentthistledown) */
/* @teleloc 0xF4180000 [36.000000 108.000000 160.005005] 0.000000 0.000000 0.000000 -1.000000 */
